source,codec,setting,bpp,compression_ratio,psnr_full,ssim_full,psnr_roi,psnr_background,ssim_roi,ssim_background,roi_lossless_fraction
all,PNG,lossless,3.4296,2.376,inf,1.0,inf,inf,1.0,1.0,1.0
all,JPEG,10,0.1926,41.69,32.96,0.8531,31.73,33.49,0.7962,0.8737,0.0
all,JPEG,20,0.2793,28.82,36.2,0.9172,34.69,36.87,0.8825,0.9298,0.0
all,JPEG,30,0.3548,22.718,37.98,0.9411,36.29,38.76,0.9151,0.9507,0.0
all,JPEG,50,0.4804,16.804,40.04,0.9603,38.16,40.95,0.9426,0.967,0.0
all,JPEG,70,0.6512,12.416,41.89,0.9692,39.86,42.89,0.9603,0.9723,0.0
all,JPEG,90,1.2356,6.569,45.43,0.9859,43.07,46.7,0.9803,0.9883,0.0
all,JPEG2000,5,1.5916,5.029,50.27,0.9937,50.38,50.4,0.9959,0.9931,0.0
all,JPEG2000,10,0.7973,10.034,45.96,0.9852,44.25,46.9,0.9838,0.9863,0.0
all,JPEG2000,20,0.398,20.102,42.47,0.9716,39.95,43.9,0.9588,0.9768,0.0
all,JPEG2000,40,0.1981,40.396,39.15,0.947,36.53,40.6,0.9136,0.9593,0.0
all,JPEG2000,80,0.099,80.823,35.89,0.9059,33.45,37.15,0.8396,0.9291,0.0
montgomery,PNG,lossless,2.7625,2.97,inf,1.0,inf,inf,1.0,1.0,1.0
montgomery,JPEG,10,0.1942,41.295,32.94,0.8773,32.35,33.15,0.8211,0.8957,0.0
montgomery,JPEG,20,0.2712,29.638,36.11,0.9324,35.41,36.35,0.8976,0.9439,0.0
montgomery,JPEG,30,0.3376,23.846,37.99,0.9539,37.09,38.32,0.9268,0.963,0.0
montgomery,JPEG,50,0.4467,18.067,40.24,0.9699,39.07,40.7,0.9514,0.9761,0.0
montgomery,JPEG,70,0.5914,13.673,42.27,0.9628,40.89,42.85,0.9671,0.9616,0.0
montgomery,JPEG,90,1.0664,7.616,46.76,0.9912,44.3,48.02,0.9843,0.9937,0.0
montgomery,JPEG2000,5,1.5701,5.11,53.69,0.9974,52.71,54.07,0.9974,0.9974,0.0
montgomery,JPEG2000,10,0.7976,10.031,48.57,0.9926,46.06,49.89,0.9883,0.9943,0.0
montgomery,JPEG2000,20,0.3977,20.117,44.26,0.9824,41.23,46.02,0.9672,0.988,0.0
montgomery,JPEG2000,40,0.1986,40.278,40.21,0.9609,37.36,41.77,0.9258,0.9728,0.0
montgomery,JPEG2000,80,0.0998,80.206,36.25,0.9219,33.92,37.4,0.8592,0.9419,0.0
shenzhen,PNG,lossless,3.5687,2.252,inf,1.0,inf,inf,1.0,1.0,1.0
shenzhen,JPEG,10,0.1922,41.772,32.96,0.848,31.58,33.57,0.7901,0.8683,0.0
shenzhen,JPEG,20,0.2809,28.65,36.22,0.914,34.51,37.0,0.8789,0.9264,0.0
shenzhen,JPEG,30,0.3583,22.482,37.98,0.9384,36.1,38.86,0.9123,0.9476,0.0
shenzhen,JPEG,50,0.4874,16.54,40.0,0.9584,37.94,41.01,0.9404,0.9648,0.0
shenzhen,JPEG,70,0.6637,12.154,41.81,0.9705,39.61,42.9,0.9586,0.9749,0.0
shenzhen,JPEG,90,1.2708,6.35,45.15,0.9848,42.78,46.38,0.9793,0.987,0.0
shenzhen,JPEG2000,5,1.5961,5.012,49.56,0.9929,49.81,49.51,0.9956,0.992,0.0
shenzhen,JPEG2000,10,0.7973,10.034,45.42,0.9837,43.81,46.17,0.9827,0.9844,0.0
shenzhen,JPEG2000,20,0.398,20.099,42.09,0.9693,39.64,43.39,0.9567,0.9741,0.0
shenzhen,JPEG2000,40,0.198,40.42,38.93,0.9441,36.33,40.32,0.9106,0.956,0.0
shenzhen,JPEG2000,80,0.0989,80.952,35.81,0.9025,33.34,37.09,0.8349,0.926,0.0
