source,codec,setting,n_samples,mean_bpp,mean_bpp_ci_lower,mean_bpp_ci_upper,auc,auc_ci_lower,auc_ci_upper,accuracy,accuracy_ci_lower,accuracy_ci_upper,recall,recall_ci_lower,recall_ci_upper,specificity,specificity_ci_lower,specificity_ci_upper,precision,precision_ci_lower,precision_ci_upper,f1,f1_ci_lower,f1_ci_upper,flip_rate,flip_rate_ci_lower,flip_rate_ci_upper,mean_abs_prob_diff,mean_abs_prob_diff_ci_lower,mean_abs_prob_diff_ci_upper,delta_auc,delta_auc_ci_lower,delta_auc_ci_upper,delta_recall,delta_recall_ci_lower,delta_recall_ci_upper
Montgomery,dct,10,138,0.13317073092016932,0.13134081503451062,0.13497036392173564,0.8005387931034482,0.7224269683013809,0.8667182892408796,0.4927536231884058,0.41304347826086957,0.5797101449275363,1.0,1.0,1.0,0.125,0.05952380952380952,0.20270759890325107,0.453125,0.3688311475409836,0.5427236135957065,0.6236559139784946,0.5388993941940681,0.7035913397834944,0.6014492753623188,0.5217391304347826,0.6884057971014492,0.5377491077651149,0.4752509891662909,0.599412180342968,-0.14935344827586217,-0.21837962962962962,-0.09155982905982907,0.2931034482758621,0.17741935483870963,0.41544776119402976
Montgomery,dct,20,138,0.2243394243347447,0.22128749591207955,0.22751904648180654,0.9076508620689654,0.8581091167567069,0.9502151788974079,0.7463768115942029,0.6739130434782609,0.8188405797101449,0.9482758620689655,0.8787480063795853,1.0,0.6,0.5,0.7013486513486513,0.632183908045977,0.5287356321839081,0.7341772151898734,0.7586206896551724,0.6764705882352942,0.8322427293064876,0.30434782608695654,0.2391304347826087,0.38405797101449274,0.287443323843721,0.2438817866254544,0.33595480835740116,-0.042241379310344995,-0.07554081101766598,-0.016625455910748745,0.24137931034482762,0.13205227343025053,0.360655737704918
Montgomery,dct,30,138,0.29668916098660886,0.29244891175255594,0.3011498553629212,0.9307112068965517,0.8891499330655956,0.9647511100394767,0.8333333333333334,0.7753623188405797,0.8913043478260869,0.9137931034482759,0.8392126623376623,0.9699226305609282,0.775,0.6794871794871795,0.8625128424657534,0.7464788732394366,0.6470588235294118,0.8461538461538461,0.8217054263565892,0.7476083262531861,0.8855016357688114,0.18840579710144928,0.13043478260869565,0.2536231884057971,0.1584495016630145,0.12949854659213536,0.19132912319855414,-0.019181034482758652,-0.03696813381653805,-0.003204545454545552,0.206896551724138,0.11466302367941714,0.3207547169811321
Montgomery,dct,50,138,0.41349772152225545,0.4067721982146546,0.4201188414941134,0.9448275862068966,0.9085340141052012,0.9743110150125791,0.855072463768116,0.7971014492753623,0.9130434782608695,0.8275862068965517,0.7254563894523326,0.9194101834282099,0.875,0.8024655469422911,0.9459459459459459,0.8275862068965517,0.7246376811594203,0.9230769230769231,0.8275862068965517,0.7428571428571429,0.8983050847457628,0.09420289855072464,0.050724637681159424,0.14492753623188406,0.07097050115682076,0.055302303100841624,0.08788610873878866,-0.0050646551724138344,-0.014870313753007144,0.004152904727338656,0.12068965517241381,0.04253102836879428,0.2068965517241379
Montgomery,dct,70,138,0.5652555810871286,0.5552073248003373,0.5747151028757445,0.9448275862068966,0.9082032754843827,0.9736614737219089,0.8478260869565217,0.7898550724637681,0.8987318840579709,0.7586206896551724,0.649098440545809,0.8620858688302907,0.9125,0.8472181372549019,0.9736927546138072,0.8627450980392157,0.7592432950191571,0.9574468085106383,0.8073394495412843,0.7184099651950907,0.8793425115800309,0.043478260869565216,0.014492753623188406,0.07971014492753623,0.035466184218724564,0.02625258993627368,0.046487198208553196,-0.0050646551724138344,-0.01366558870036492,0.0015094854193273798,0.051724137931034475,0.0,0.11538461538461531
Montgomery,dct,90,138,1.0326103093049672,1.0124285891403317,1.0516037019346622,0.9517241379310345,0.9153209675601796,0.9794134918727839,0.8695652173913043,0.8114130434782609,0.9202898550724637,0.7413793103448276,0.6226057747284162,0.8491264849755416,0.9625,0.9166158536585366,1.0,0.9347826086956522,0.8536585365853658,1.0,0.826923076923077,0.7391304347826088,0.8965517241379309,0.021739130434782608,0.0,0.050724637681159424,0.009955368612123563,0.007070409592942904,0.013514424320580294,0.0018318965517241104,-0.002539857708788068,0.006738070358760195,0.034482758620689724,0.0,0.09260335917312668
Montgomery,dwt,10,138,0.05341916890426516,0.05253190191572855,0.054196499072687476,0.7863146551724138,0.7095040567613848,0.8584724587798358,0.644927536231884,0.5650362318840579,0.717391304347826,0.9482758620689655,0.8852459016393442,1.0,0.425,0.32051282051282054,0.5316661186914351,0.5445544554455446,0.44788896276595747,0.6336819972319813,0.6918238993710691,0.6037527746947835,0.7630215449290594,0.42028985507246375,0.34057971014492755,0.5,0.35894611996153125,0.3059932543531708,0.41458957739498303,-0.16357758620689655,-0.23450087181337184,-0.09920874323086407,0.24137931034482762,0.12068965517241381,0.36548076923076916
Montgomery,dwt,20,138,0.08577613472064438,0.08403572277660155,0.0876248294906881,0.8436422413793104,0.7761951164874551,0.9045016778024274,0.6739130434782609,0.5942028985507246,0.7463768115942029,0.9482758620689655,0.8787480063795853,1.0,0.475,0.360453488372093,0.5820942754581523,0.5670103092783505,0.4673913043478261,0.6595799517438035,0.7096774193548387,0.6216216216216216,0.7820652173913043,0.37681159420289856,0.30434782608695654,0.46394927536231867,0.315629569084748,0.2623423602378023,0.3759840341905753,-0.10624999999999996,-0.16678923962109932,-0.05440313697318025,0.24137931034482762,0.13205227343025053,0.360655737704918
Montgomery,dwt,30,138,0.13147935385039067,0.12926907310707764,0.13356766261317082,0.896551724137931,0.8410250268743454,0.9392922489900741,0.7463768115942029,0.673731884057971,0.8115942028985508,0.9310344827586207,0.8620172413793104,0.9838773681515617,0.6125,0.5116279069767442,0.7123287671232876,0.6352941176470588,0.529394861392833,0.7325775193798449,0.7552447552447552,0.671426073926074,0.8261014492753623,0.2898550724637681,0.2246376811594203,0.3695652173913043,0.22359590642694113,0.18280936027134675,0.27240459265700284,-0.05334051724137934,-0.09157343435737281,-0.016253539131169868,0.22413793103448276,0.11764705882352944,0.3437628073770492
Montgomery,dwt,50,138,0.2901455299666081,0.28558008262978074,0.2945813673663465,0.9400862068965518,0.9019359778408759,0.9703307293417132,0.855072463768116,0.7971014492753623,0.9130434782608695,0.7586206896551724,0.6461538461538462,0.860051724137931,0.925,0.8620450191570881,0.975,0.88,0.782608695652174,0.9600196078431372,0.8148148148148148,0.7289294817332201,0.886844863731656,0.036231884057971016,0.007246376811594203,0.07246376811594203,0.05273880345233972,0.03820935810605684,0.06952199827933656,-0.00980603448275863,-0.02604620488814733,0.0026641086938388376,0.051724137931034475,0.0,0.11864406779661019
Montgomery,dwt,70,138,0.6238556512272367,0.6122795951990602,0.6353161629918413,0.9525862068965517,0.9176341730558598,0.9796407299111978,0.8695652173913043,0.8115942028985508,0.9202898550724637,0.7586206896551724,0.6440677966101694,0.8627450980392157,0.95,0.9012037037037037,0.9886426767676768,0.9166666666666666,0.8292682926829268,0.9827659263588544,0.830188679245283,0.7415730337078652,0.9,0.021739130434782608,0.0,0.050724637681159424,0.015439594569413552,0.01086880309858183,0.021123477881369375,0.0026939655172413257,-0.003208855098389754,0.009262572053269766,0.051724137931034475,0.0,0.11869520748100523
Montgomery,dwt,90,138,1.3701649583462425,1.3396852556779064,1.3993802026855486,0.9507543103448276,0.9144373647556474,0.9783492329485735,0.8623188405797102,0.8043478260869565,0.9130434782608695,0.7241379310344828,0.6037654521795706,0.8392857142857143,0.9625,0.9166158536585366,1.0,0.9333333333333333,0.8528676470588235,1.0,0.8155339805825242,0.7254848093083386,0.890909090909091,0.014492753623188406,0.0,0.036231884057971016,0.008787993071735759,0.006060427340908318,0.012189835353174062,0.0008620689655172153,-0.00319450855461659,0.005198628505358551,0.017241379310344862,0.0,0.06003061224489788
Montgomery,jpeg,10,138,0.19422274648008528,0.1926472565750972,0.1958080931142208,0.799676724137931,0.7206843376637753,0.8660469705092458,0.5,0.41304347826086957,0.5869565217391305,1.0,1.0,1.0,0.1375,0.06578947368421052,0.21686746987951808,0.4566929133858268,0.3692213114754099,0.5496375525179005,0.6270270270270271,0.539315750521429,0.7093756157635468,0.5942028985507246,0.5144927536231884,0.6811594202898551,0.5371944839539735,0.47489143459909205,0.5988575747803502,-0.15021551724137938,-0.21840137330163936,-0.09124824376536708,0.2931034482758621,0.17741935483870963,0.41544776119402976
Montgomery,jpeg,20,138,0.27120689395504144,0.2684417923164308,0.27416014750938067,0.9072198275862069,0.8559240989417888,0.9488509188268224,0.7391304347826086,0.6666666666666666,0.8115942028985508,0.9482758620689655,0.8787480063795853,1.0,0.5875,0.47673034330011077,0.6923529411764705,0.625,0.5227025691699605,0.725297619047619,0.7534246575342466,0.6711187214611872,0.825813464235624,0.3115942028985507,0.2391304347826087,0.391304347826087,0.28752249263334967,0.24330898864545683,0.33694252626619475,-0.04267241379310349,-0.07487754231681537,-0.016090297230003107,0.24137931034482762,0.13205227343025053,0.360655737704918
Montgomery,jpeg,30,138,0.3376183883266205,0.33359847665797443,0.3418383055354745,0.9293103448275862,0.8881472835314093,0.9640418751330637,0.8188405797101449,0.7608695652173914,0.8840579710144928,0.896551724137931,0.8147569444444444,0.9655318527177089,0.7625,0.6666666666666666,0.8536986521181,0.7323943661971831,0.6323335913312693,0.8358270124785906,0.806201550387597,0.7287750385208013,0.8777066151956484,0.18840579710144928,0.13043478260869565,0.2536231884057971,0.16062443195909692,0.13160867224568906,0.19354996526802795,-0.020581896551724155,-0.03876513272128904,-0.004429719507204125,0.18965517241379315,0.09613095238095237,0.3035714285714285
Montgomery,jpeg,50,138,0.4466555970085029,0.4401755304614616,0.4529668754733381,0.9435344827586207,0.9062377410734408,0.9737580252170416,0.855072463768116,0.7971014492753623,0.9057971014492754,0.8275862068965517,0.7254563894523326,0.9138296317942723,0.875,0.8024655469422911,0.9459459459459459,0.8275862068965517,0.7246376811594203,0.9216063348416289,0.8275862068965517,0.7450876095118899,0.8943089430894309,0.09420289855072464,0.050724637681159424,0.14492753623188406,0.07393414948297582,0.05787730294725167,0.0909310535352299,-0.0063577586206896575,-0.016807327421102455,0.002752931711996122,0.12068965517241381,0.03998039215686278,0.21153846153846156
Montgomery,jpeg,70,138,0.5914368287204378,0.5817343177153259,0.6008984617047919,0.9439655172413794,0.9071201388489482,0.9736367415684707,0.8405797101449275,0.7753623188405797,0.8985507246376812,0.7758620689655172,0.6666666666666666,0.8800338983050847,0.8875,0.8148148148148148,0.9500154320987654,0.8333333333333334,0.7291193181818182,0.9259259259259259,0.8035714285714286,0.7142503536067891,0.8760330578512396,0.06521739130434782,0.028985507246376812,0.10869565217391304,0.036946431018304124,0.027098671465680207,0.048357004477925916,-0.005926724137930939,-0.014094239811912284,0.001084289532754461,0.06896551724137934,0.0,0.139546511627907
Montgomery,jpeg,90,138,1.066440540121863,1.0458413948737477,1.0857796175212573,0.9517241379310345,0.9155292589797872,0.9795831483339897,0.8768115942028986,0.8188405797101449,0.927536231884058,0.7586206896551724,0.6461538461538462,0.860051724137931,0.9625,0.9166158536585366,1.0,0.9361702127659575,0.8570684523809523,1.0,0.8380952380952381,0.7526881720430109,0.9047744360902256,0.028985507246376812,0.007246376811594203,0.057971014492753624,0.010789371055105449,0.007348419833874345,0.014860296551732042,0.0018318965517241104,-0.0027519841269841054,0.007366952816514144,0.051724137931034475,0.0,0.11864406779661019
Montgomery,jpeg2000,80,138,0.09975144368136593,0.09960158912527105,0.09988860416881816,0.9213362068965517,0.8750210090800116,0.9593668430335096,0.8188405797101449,0.7536231884057971,0.8768115942028986,0.8275862068965517,0.732122867803838,0.9184240362811791,0.8125,0.7285078277886496,0.8928690476190476,0.7619047619047619,0.6562371926229508,0.8656965174129353,0.7933884297520662,0.7142857142857142,0.8662914136177357,0.17391304347826086,0.10869565217391304,0.2391304347826087,0.14905416835909305,0.11571847992962686,0.1852399219205414,-0.028556034482758674,-0.060868364056390956,0.0015547560791040018,0.12068965517241381,0.03123798076923077,0.22953972257250935
Montgomery,jpeg2000,40,138,0.19863770052325377,0.19831914529114594,0.19896855313435913,0.9460129310344827,0.9113424355283157,0.9745426982658394,0.8695652173913043,0.8188405797101449,0.9202898550724637,0.7931034482758621,0.6896551724137931,0.8923214285714286,0.925,0.8641975308641975,0.9770306513409962,0.8846153846153846,0.7894483805668017,0.9672131147540983,0.8363636363636363,0.7526828489300544,0.9043581780538301,0.06521739130434782,0.028985507246376812,0.10144927536231885,0.0474742741688438,0.03582260682099106,0.061538137959829244,-0.003879310344827691,-0.017598838123551678,0.011064199679912541,0.0862068965517242,0.01851851851851849,0.16666666666666663
Montgomery,jpeg2000,20,138,0.39769629548349344,0.3972256198578264,0.3981681410074357,0.9489224137931035,0.9144200077917934,0.9764828778310105,0.8695652173913043,0.8115942028985508,0.9202898550724637,0.7586206896551724,0.6461538461538462,0.860051724137931,0.95,0.9012037037037037,0.9886426767676768,0.9166666666666666,0.8297742605085625,0.9824710080285459,0.830188679245283,0.7469407039924402,0.8992248062015504,0.021739130434782608,0.0,0.050724637681159424,0.020489800667417214,0.014644674935202655,0.027311518097269352,-0.000969827586206895,-0.009726880081300673,0.007372685185185157,0.051724137931034475,0.0,0.11864406779661019
Montgomery,jpeg2000,10,138,0.7975575751316741,0.7971919281322076,0.7979195040061621,0.9525862068965516,0.9176468468946452,0.9795605566427484,0.8695652173913043,0.8115942028985508,0.9202898550724637,0.7413793103448276,0.6249487704918033,0.8518518518518519,0.9625,0.9156626506024096,1.0,0.9347826086956522,0.8536585365853658,1.0,0.826923076923077,0.7407004830917874,0.8979872683018162,0.021739130434782608,0.0,0.050724637681159424,0.009831372378528973,0.007070070461950434,0.012800992938919337,0.0026939655172412147,-0.0010613019314207161,0.007797651681286549,0.034482758620689724,0.0,0.0892857142857143
Montgomery,jpeg2000,5,138,1.570133115597783,1.556053329342232,1.5816643053547454,0.9502155172413793,0.9148822156196944,0.9778357118891151,0.8623188405797102,0.8043478260869565,0.9130434782608695,0.7413793103448276,0.6249487704918033,0.8518518518518519,0.95,0.9012037037037037,0.9886426767676768,0.9148936170212766,0.8249632352941176,0.9824561403508771,0.819047619047619,0.7316838649155722,0.8909189723320159,0.014492753623188406,0.0,0.036231884057971016,0.00841994907545006,0.0057497153031653165,0.011380342448103247,0.000323275862068928,-0.0033750050169651684,0.004162102957283589,0.034482758620689724,0.0,0.0892857142857143
Montgomery,original,0,138,8.0,8.0,8.0,0.9498922413793104,0.9135658019062921,0.9778131996536417,0.8478260869565217,0.7898550724637681,0.9057971014492754,0.7068965517241379,0.5845522388059702,0.8225806451612904,0.95,0.9012037037037037,0.9886426767676768,0.9111111111111111,0.8181818181818182,0.9814814814814815,0.7961165048543689,0.7021002412809827,0.8761904761904761,0.0,0.0,0.0,0.0,0.0,0.0,0.0,0.0,0.0,0.0,0.0,0.0
Montgomery,roi_dwt,10,138,1.1993232340183828,1.1579947957007988,1.2409350768313883,0.9534482758620689,0.9142242940792897,0.9815075115762285,0.8695652173913043,0.8115942028985508,0.9202898550724637,0.7068965517241379,0.5845161290322581,0.8196803278688525,0.9875,0.9615259740259741,1.0,0.9761904761904762,0.9209992887624466,1.0,0.8199999999999998,0.7272727272727273,0.8936343193219166,0.050724637681159424,0.014492753623188406,0.08695652173913043,0.04951035544492195,0.03728914791043252,0.0630660031908664,0.003556034482758541,-0.010960063781981435,0.0176782606470107,0.0,-0.06896551724137934,0.06896551724137923
Montgomery,roi_dwt,20,138,1.2273085454748873,1.1863165941060794,1.2690343323457776,0.946551724137931,0.9079979131872942,0.9768810856663845,0.8478260869565217,0.7898550724637681,0.9057971014492754,0.6724137931034483,0.5471269296740995,0.7884868421052631,0.975,0.9367088607594937,1.0,0.9512195121951219,0.8749335106382978,1.0,0.7878787878787878,0.6895024006983851,0.8648648648648649,0.043478260869565216,0.014492753623188406,0.07971014492753623,0.04321864160938538,0.032770327813383446,0.05592799545198246,-0.0033405172413794038,-0.018231946740670822,0.010458505621517462,-0.03448275862068961,-0.10178412132024983,0.030303030303030387
Montgomery,roi_dwt,30,138,1.266037826173018,1.2244899377990637,1.3075838991875797,0.9523706896551725,0.915843044833414,0.9800472001716369,0.8695652173913043,0.8115942028985508,0.9202898550724637,0.7068965517241379,0.5892857142857143,0.8196803278688525,0.9875,0.9615259740259741,1.0,0.9761904761904762,0.9210526315789473,1.0,0.8199999999999998,0.7271861471861472,0.8936170212765957,0.036231884057971016,0.007246376811594203,0.06539855072463752,0.03676757561987724,0.02746436471740404,0.04695309989046358,0.0024784482758620774,-0.008475613716652869,0.01309490481522964,0.0,-0.050000000000000044,0.0461538461538461
Montgomery,roi_dwt,50,138,1.3846770758029536,1.3414505716633967,1.4272033554834072,0.9538793103448275,0.9176930920587215,0.9799791327020162,0.8695652173913043,0.8115942028985508,0.9202898550724637,0.7068965517241379,0.5845522388059702,0.8225806451612904,0.9875,0.9605131578947368,1.0,0.9761904761904762,0.9249519230769231,1.0,0.8199999999999998,0.7252678571428571,0.8972663551401868,0.021739130434782608,0.0,0.050724637681159424,0.02692997887514639,0.018626186165256773,0.035269081916498086,0.003987068965517149,-0.00578725046832918,0.0131447260010934,0.0,0.0,0.0
Montgomery,roi_dwt,70,138,1.6109709026128267,1.5646704167957586,1.65650129280483,0.9525862068965517,0.9179014270877285,0.9795575287052943,0.8623188405797102,0.8043478260869565,0.9130434782608695,0.7068965517241379,0.5845522388059702,0.8225806451612904,0.975,0.9367088607594937,1.0,0.9534883720930233,0.8787878787878788,1.0,0.8118811881188119,0.7173810500410172,0.8870048309178743,0.014492753623188406,0.0,0.036231884057971016,0.01287276891694552,0.00926702164005541,0.016956767904153763,0.0026939655172413257,-0.002323836498136131,0.007983529270293948,0.0,0.0,0.0
Montgomery,roi_dwt,90,138,2.0978734207717995,2.0439240996893178,2.152082297906124,0.950969827586207,0.9154493919859624,0.9789259605184262,0.855072463768116,0.7971014492753623,0.9057971014492754,0.7068965517241379,0.5845522388059702,0.8225806451612904,0.9625,0.9166158536585366,1.0,0.9318181818181818,0.8461538461538461,1.0,0.803921568627451,0.7090719696969697,0.8807394058540848,0.007246376811594203,0.0,0.021739130434782608,0.005507625963376911,0.0036679683280163846,0.00747217932257099,0.0010775862068965747,-0.002100576137917173,0.004669258524458341,0.0,0.0,0.0
Shenzhen,dct,10,662,0.1293573278344302,0.12829876648462404,0.130321246389079,0.7637534691790826,0.724837954795402,0.7973731535834367,0.5347432024169184,0.49395770392749244,0.5725453172205437,0.9970238095238095,0.990909090909091,1.0,0.05828220858895705,0.034263487680543755,0.08563145305356223,0.5218068535825545,0.47999845679012343,0.5613331192606372,0.6850715746421269,0.647973617601246,0.7184157291619977,0.5120845921450151,0.471261329305136,0.552870090634441,0.4861120710380128,0.4521413373420426,0.518273173261355,-0.17549937919953273,-0.20608119905605732,-0.14665576273528086,0.18154761904761907,0.14284676079734224,0.22501298219584567
Shenzhen,dct,20,662,0.23062382314245028,0.22883275354727142,0.23228158659132292,0.8526009713701431,0.8191701340660872,0.8792684863110789,0.702416918429003,0.6661631419939577,0.7356495468277946,0.9583333333333334,0.9372948967776554,0.9785308805925482,0.4386503067484663,0.38224095655288315,0.4905177672716181,0.6376237623762376,0.5943752151462994,0.6792106449734158,0.765755053507729,0.7320083310301259,0.796298900137483,0.30513595166163143,0.2719033232628399,0.33840634441087614,0.29067920891179777,0.2665421475411542,0.31729089545924494,-0.08665187700847221,-0.10982647097357398,-0.06703426391621031,0.1428571428571429,0.10693362892574738,0.17933520380328896
Shenzhen,dct,30,662,0.31360001625324246,0.3112114740035552,0.3158605395567232,0.8999826541045867,0.8731856059963314,0.9221892246129276,0.8051359516616314,0.7734138972809668,0.8338368580060423,0.9226190476190477,0.8930558347993633,0.95,0.6840490797546013,0.6318860053929819,0.7368661745827984,0.7506053268765133,0.7088957812294326,0.7938510470236295,0.8277703604806408,0.7967462807408157,0.8550067051784608,0.1661631419939577,0.13595166163141995,0.19486404833836857,0.16809969330122104,0.14950518481365865,0.18639644974578182,-0.03927019427402867,-0.05225515610699873,-0.027086852819864348,0.1071428571428572,0.0755727382080629,0.13988392857142862
Shenzhen,dct,50,662,0.4517400557957769,0.44836124827330354,0.4550262564734175,0.922345165059889,0.8998117603718564,0.9416919001003946,0.8580060422960725,0.8293051359516617,0.8836858006042296,0.8720238095238095,0.830945558739255,0.9056141744194841,0.843558282208589,0.801279239766082,0.882168458781362,0.8517441860465116,0.8113420355550581,0.8882750748049881,0.861764705882353,0.8316097472391524,0.8888888888888888,0.061933534743202415,0.04380664652567976,0.08308157099697885,0.07340069074645143,0.06297292863764432,0.08346242150151117,-0.016907683318726385,-0.02446326941131152,-0.010615743759409142,0.05654761904761907,0.032149204359840984,0.08408408408408408
Shenzhen,dct,70,662,0.6345713538208358,0.630000125831439,0.6390760866159252,0.9349620216184633,0.9169765431587316,0.9522940015859994,0.8700906344410876,0.8444108761329305,0.8957703927492447,0.8482142857142857,0.8064465725806451,0.8862344329745417,0.8926380368098159,0.8549812396452587,0.9237820020998224,0.890625,0.8525550314465409,0.9230886850152905,0.8689024390243902,0.8390189297415361,0.896764854614412,0.0256797583081571,0.015105740181268883,0.03927492447129909,0.03281968291792624,0.02814176663576295,0.037617266761122134,-0.004290826760152022,-0.0076762073953221075,-0.0010121114540040416,0.03273809523809523,0.014923158687275723,0.05373134328358209
Shenzhen,dct,90,662,1.2367654160278194,1.2285046880064578,1.245282108935473,0.9374497881974876,0.9200693318592174,0.9548173717251018,0.8640483383685801,0.8383685800604229,0.8897280966767371,0.8214285714285714,0.7764967896945543,0.8625831159531482,0.9079754601226994,0.8723287898936171,0.9385113268608414,0.9019607843137255,0.8646822101564996,0.9350671512787554,0.8598130841121495,0.8287977814029364,0.8878936488248577,0.013595166163141994,0.004531722054380665,0.022658610271903322,0.010722293324340859,0.00894019979184487,0.012785488403095574,-0.001803060181127747,-0.003428285682879828,-0.0002602446803115055,0.005952380952380931,-0.008849557522123908,0.020836452095808308
Shenzhen,dwt,10,662,0.051042892426235685,0.05054495698319893,0.051589777387944645,0.7631646216768917,0.7275705247924007,0.7974996221701749,0.6661631419939577,0.632892749244713,0.7009063444108762,0.8541666666666666,0.8150235495611218,0.8926575090870627,0.4723926380368098,0.41985887096774194,0.527074864498645,0.6252723311546841,0.5814453872655353,0.668152466961924,0.7220125786163522,0.6857700520485785,0.7555582042113627,0.2990936555891239,0.2643126888217523,0.3323262839879154,0.29020706413375646,0.2655365221382448,0.31368541746791395,-0.17608822670172364,-0.20665780391703786,-0.1480912699752099,0.038690476190476164,-0.002899833269206162,0.08232969848870263
Shenzhen,dwt,20,662,0.10017622520906104,0.09923818998995657,0.10117454470671518,0.7745444420099328,0.7397532698406459,0.8106302576336001,0.6676737160120846,0.6314199395770392,0.7039274924471299,0.8720238095238095,0.8347352838732148,0.9043547373711988,0.4570552147239264,0.40378401943687914,0.5122699386503068,0.6234042553191489,0.5797270114942529,0.6645866443892036,0.7270471464019851,0.6908103565954294,0.7593068611772048,0.31268882175226587,0.2764350453172205,0.3459214501510574,0.2890616206063965,0.26352099491750364,0.3129618309033061,-0.16470840636868256,-0.19208504795566061,-0.13754940568011575,0.05654761904761907,0.012043723856851776,0.10234094271824129
Shenzhen,dwt,30,662,0.15425104286014577,0.15274461153238145,0.1557447035636364,0.849099839322232,0.8211612086678665,0.8755629971183434,0.7371601208459214,0.7069108761329305,0.7688821752265861,0.8690476190476191,0.8314030910609858,0.9027478184135699,0.6012269938650306,0.5475312621130154,0.6504595891163438,0.6919431279620853,0.6485210591413598,0.7335024705328732,0.770448548812665,0.7375261235777163,0.8020840204485489,0.22205438066465258,0.1903323262839879,0.25226586102719034,0.21540312077343643,0.194941325593751,0.235732708695792,-0.09015300905638335,-0.11019308824722453,-0.07112905596288484,0.0535714285714286,0.016604347171948766,0.09063210227272733
Shenzhen,dwt,50,662,0.33597236584318685,0.33307341971047666,0.33852765823200687,0.9222310473269062,0.9014120542224979,0.9410360511021589,0.8474320241691843,0.8172205438066465,0.8746223564954683,0.8363095238095238,0.7969140401146132,0.87466251298027,0.8588957055214724,0.8172942546583851,0.8972887016343318,0.8593272171253823,0.8159411962306182,0.8957070202434004,0.8476621417797888,0.8148118565850195,0.8759221991362712,0.07250755287009064,0.052870090634441085,0.09214501510574018,0.06815778596883813,0.05858989232571463,0.07833366049425479,-0.01702180105170914,-0.025724256543299164,-0.009219932879638399,0.02083333333333337,-0.00855263157894734,0.048721160375639734
Shenzhen,dwt,70,662,0.7607235727302604,0.7541330847796175,0.7671990840171763,0.9375502118025124,0.9193671931483576,0.9549181002484807,0.8610271903323263,0.8338368580060423,0.8851963746223565,0.8095238095238095,0.767573599890456,0.8488398440244502,0.9141104294478528,0.879722861526659,0.9423733116905663,0.9066666666666666,0.8684119152046784,0.9383561643835616,0.8553459119496856,0.8238712743065644,0.8825389395419516,0.019637462235649546,0.010574018126888218,0.03172205438066465,0.017367889423744905,0.014611288641784835,0.02023407654819891,-0.0017026365761029227,-0.004669723218235266,0.001178069750926333,-0.005952380952380931,-0.02040965509010624,0.008454336333185344
Shenzhen,dwt,90,662,1.829132845697705,1.8099878937747007,1.8484703600337558,0.9386046596552731,0.9210887203006703,0.9557856652159759,0.8655589123867069,0.8398791540785498,0.8897280966767371,0.8184523809523809,0.7740108621503909,0.856678714974189,0.9141104294478528,0.8823484983117114,0.9433538813550799,0.9075907590759076,0.8725385728061716,0.938711323238973,0.8607198748043818,0.8295062777564559,0.888554328756333,0.0030211480362537764,0.0,0.0075528700906344415,0.007940904971696092,0.006675734492497133,0.009415730505371374,-0.000648188723342269,-0.0018634888950842588,0.0006178121619434452,0.0029761904761904656,0.0,0.00911854103343468
Shenzhen,jpeg,10,662,0.1922142853295139,0.19132112602664653,0.19304084144438777,0.7650087642418931,0.7256564689009694,0.7989886573666526,0.5332326283987915,0.4909365558912387,0.5725075528700906,0.9970238095238095,0.990909090909091,1.0,0.05521472392638037,0.030303030303030304,0.08228034251675354,0.52099533437014,0.48108213525414834,0.5609403376159197,0.6843718079673138,0.6489642096911632,0.7182539682539683,0.513595166163142,0.47129909365558914,0.552870090634441,0.48594016764099146,0.45196024123860634,0.5181215609983735,-0.1742440841367222,-0.20377800856244038,-0.1462596141148947,0.18154761904761907,0.14284676079734224,0.22501298219584567
Shenzhen,jpeg,20,662,0.2809322611648629,0.27926670702873224,0.28246653345875494,0.8532445953841659,0.8203735053669993,0.8797226695858394,0.6963746223564955,0.6601208459214502,0.7311178247734139,0.9583333333333334,0.9372948967776554,0.9785308805925482,0.4263803680981595,0.3713423399636214,0.4798823150699198,0.6326129666011788,0.5896149653355084,0.6747638685239492,0.7621301775147931,0.7276890586125093,0.793229280049759,0.311178247734139,0.27794561933534745,0.3459214501510574,0.2910903642725008,0.26675250713918863,0.3184717980576426,-0.08600825299444947,-0.10924242827855049,-0.0658994974596627,0.1428571428571429,0.10693362892574738,0.17933520380328896
Shenzhen,jpeg,30,662,0.35834492519162137,0.3560676175611008,0.3604467442543265,0.9005486780601811,0.8744193689745837,0.9225459466911838,0.8081570996978852,0.7764350453172205,0.8368580060422961,0.9255952380952381,0.8959429729962903,0.952390873015873,0.6871165644171779,0.6322450260768785,0.7406278935185185,0.7530266343825666,0.7118143796596288,0.7963929002387136,0.8304405874499331,0.7994718455618469,0.8579267550585397,0.1661631419939577,0.13897280966767372,0.19486404833836857,0.16873827405566535,0.15044881871639781,0.18738525308375992,-0.038704170318434206,-0.051610390915485894,-0.026651638456864538,0.11011904761904767,0.07716005291005291,0.1428673761768318
Shenzhen,jpeg,50,662,0.4874225951111674,0.48423019277987356,0.49042287101802107,0.9221580119777973,0.9000581358122671,0.9413823018713132,0.8625377643504532,0.8338368580060423,0.8867069486404834,0.875,0.8347014089415513,0.9085617024397399,0.8496932515337423,0.8075658394473686,0.8855661911449478,0.8571428571428571,0.8168168168168168,0.8908110190714699,0.8659793814432989,0.8355909755206432,0.8918148411569464,0.06042296072507553,0.04380664652567976,0.08006042296072508,0.07375068147737093,0.06353277027651982,0.08415409844942684,-0.017094836400817992,-0.02461663170473035,-0.010990423242689002,0.059523809523809534,0.033836120401337696,0.08735225157188518
Shenzhen,jpeg,70,662,0.6636508042208927,0.6591991187942545,0.6680831070173564,0.9355554338299736,0.917672887471593,0.9527251011272686,0.8670694864048338,0.8398791540785498,0.8912386706948641,0.8452380952380952,0.8037354942541717,0.8832407627925967,0.8895705521472392,0.8521980015630234,0.9208902398401067,0.8875,0.8496848946043731,0.9203947633637023,0.8658536585365854,0.8353554937248402,0.8934913288647728,0.0256797583081571,0.015105740181268883,0.0377643504531722,0.03399046931382031,0.029082112005289935,0.03903213901912336,-0.0036974145486416976,-0.007062273575624586,-0.00032921805101776867,0.029761904761904767,0.013715437788018385,0.049132947976878616
Shenzhen,jpeg,90,662,1.2708361242057247,1.2624118080125362,1.2794775478494906,0.9371804703476482,0.9197153573416914,0.9545725281029032,0.8640483383685801,0.8383685800604229,0.8897280966767371,0.8214285714285714,0.7790795283935353,0.8622781959017745,0.9079754601226994,0.8723287898936171,0.9385113268608414,0.9019607843137255,0.8653671617161717,0.934711541690453,0.8598130841121495,0.8274709555620099,0.8879007304538438,0.010574018126888218,0.0030211480362537764,0.01812688821752266,0.011715701429505355,0.009724349015338895,0.014063645176747042,-0.002072378030967159,-0.003825922316186911,-0.00044756369318387504,0.005952380952380931,-0.00588235294117645,0.018022113022113057
Shenzhen,jpeg2000,80,662,0.09885210601696036,0.09872367391924475,0.09898224222341465,0.871544515045282,0.8444901480825762,0.8965031720783969,0.7749244712990937,0.7431646525679758,0.8036253776435045,0.8482142857142857,0.8092481102712317,0.8859099925613687,0.6993865030674846,0.649540041157669,0.7478870795264807,0.7441253263707572,0.696889124683056,0.786292172606099,0.7927677329624478,0.757651411490658,0.824150542228733,0.17522658610271905,0.14803625377643503,0.2039274924471299,0.16456683902942162,0.14629612230327194,0.1831739718797884,-0.06770833333333337,-0.08659526559666246,-0.049437837941410885,0.03273809523809523,-0.0031653152424475444,0.06875538793103457
Shenzhen,jpeg2000,40,662,0.19795199569618346,0.19776388977553933,0.1981395500818498,0.9202317046450482,0.8988982367709677,0.9397180674952401,0.8368580060422961,0.8066465256797583,0.8640483383685801,0.8125,0.7689870806700924,0.8526011560693642,0.8619631901840491,0.8246710243398985,0.8978392262033879,0.8584905660377359,0.8176281892617051,0.8966718749999999,0.8348623853211008,0.8012760458938505,0.865106809840729,0.0649546827794562,0.04682779456193353,0.08459214501510574,0.06754947185876506,0.059158140036004545,0.07735836799411254,-0.019021143733567114,-0.027976337814546025,-0.010334667912270196,-0.0029761904761904656,-0.030032291327472038,0.022862083161795024
Shenzhen,jpeg2000,20,662,0.39803913331112095,0.39785713819701046,0.3982155878576638,0.9378606120362255,0.9196563328663749,0.9550851934928968,0.8625377643504532,0.8368202416918429,0.8867069486404834,0.8065476190476191,0.7638726635514018,0.8459216697112344,0.9202453987730062,0.8902439024390244,0.948170731707317,0.9124579124579124,0.8774041608228145,0.9438990033871808,0.8562401263823065,0.8246966821322214,0.8834546523144571,0.01812688821752266,0.00906344410876133,0.030211480362537766,0.025956811951726576,0.022304997507629067,0.03013594093369572,-0.0013922363423898299,-0.00559990218203083,0.002928170128700533,-0.008928571428571397,-0.025561153436552794,0.006134969325153341
Shenzhen,jpeg2000,10,662,0.7972834644086788,0.7970741814674724,0.7974800552078541,0.940261649138183,0.9231743582942711,0.9567441808732233,0.8625377643504532,0.8368202416918429,0.8867069486404834,0.8125,0.7687375992063492,0.8513227591701132,0.9141104294478528,0.8809314954051796,0.9447894973827883,0.9069767441860465,0.8713777317564989,0.9389851770852318,0.8571428571428572,0.8261491926352026,0.8839323664164275,0.015105740181268883,0.006042296072507553,0.0256797583081571,0.013524917677450031,0.011229964746359247,0.01590882831919949,0.001008800759567663,-0.0009117324132140114,0.0032445122565679402,-0.0029761904761904656,-0.017144085141219796,0.009289372413992646
Shenzhen,jpeg2000,5,662,1.5960925565041186,1.5958539021032945,1.5963414208756552,0.9391706836108676,0.9223030181719888,0.9560229866606162,0.8670694864048338,0.8429003021148036,0.8912764350453172,0.8184523809523809,0.7756286982248521,0.8571635610766045,0.9171779141104295,0.8849780689879243,0.9452899754688768,0.9105960264900662,0.8749902037617555,0.9413728372604594,0.8620689655172414,0.8314804183959763,0.8899599180612765,0.0075528700906344415,0.0015105740181268882,0.015105740181268883,0.007493794684683803,0.006270306001437029,0.008849874739830583,-8.216476774769443e-05,-0.0011307266226252056,0.0010006887812281833,0.0029761904761904656,-0.006173798021624136,0.013158980371721314
Shenzhen,original,0,662,8.0,8.0,8.0,0.9392528483786153,0.922061629958395,0.9563192871404835,0.8625377643504532,0.8353474320241692,0.8882175226586103,0.8154761904761905,0.7714225181598063,0.8551146255381109,0.911042944785276,0.8771917293233082,0.9417279012881463,0.9042904290429042,0.867595818815331,0.9362469417072569,0.8575899843505478,0.8248730153092031,0.8855923128428081,0.0,0.0,0.0,0.0,0.0,0.0,0.0,0.0,0.0,0.0,0.0,0.0
Shenzhen,roi_dwt,10,662,1.2657607428411413,1.2440591359459967,1.2862287854289876,0.9211263876716331,0.8985929354391162,0.9402444228829188,0.8413897280966768,0.8141993957703928,0.8685800604229608,0.7886904761904762,0.7440343248250308,0.8295546187683285,0.8957055214723927,0.860940104786854,0.9283390159010421,0.8862876254180602,0.847972972972973,0.9223781653129479,0.8346456692913385,0.8032251612903227,0.864788605365868,0.06042296072507553,0.04229607250755287,0.08006042296072508,0.07219389459157637,0.0629429931907135,0.08237404318194376,-0.018126460706982206,-0.02859500855924342,-0.00838597604119803,-0.0267857142857143,-0.05849970184366807,0.0030125045637093115
Shenzhen,roi_dwt,20,662,1.3087468325023386,1.2872984797145153,1.3294112746378128,0.9215052585451359,0.9002637204662806,0.9413454906129967,0.8308157099697885,0.8020770392749245,0.8595166163141994,0.7797619047619048,0.7348627566086741,0.8209908222004996,0.8834355828220859,0.8441480441480441,0.9171905394284005,0.8733333333333333,0.8333333333333334,0.9102586206896551,0.8238993710691823,0.7901629224853268,0.855367328538682,0.061933534743202415,0.04380664652567976,0.08006042296072508,0.06571763960976613,0.056876112347373074,0.07498193421032494,-0.01774758983347946,-0.027625428405484133,-0.008198272375791406,-0.0357142857142857,-0.06590595772287396,-0.006230529595015577
Shenzhen,roi_dwt,30,662,1.3522707154908804,1.3307478941831405,1.3734025054027126,0.9283934049079755,0.9080752747553674,0.9466727352996066,0.8429003021148036,0.8141993957703928,0.8701283987915407,0.7708333333333334,0.7261895604395604,0.8126987040121976,0.9171779141104295,0.8828828828828829,0.9447936929522669,0.9055944055944056,0.8690071914898708,0.9391943079443079,0.8327974276527332,0.7986686060145841,0.8625029952076677,0.052870090634441085,0.03625377643504532,0.07099697885196375,0.05451610306238479,0.046470275955708004,0.06287739958467801,-0.010859443470639829,-0.018412083886095755,-0.003109059070281623,-0.044642857142857095,-0.07431363652539053,-0.01733608587943853
Shenzhen,roi_dwt,50,662,1.4798666209037972,1.4585732248925434,1.5011881983052138,0.9362310108092318,0.9171672186924288,0.954106222977225,0.8549848942598187,0.8277567975830815,0.879154078549849,0.7886904761904762,0.7455477187568879,0.8289175480250378,0.9233128834355828,0.8916379807944587,0.9509863701578192,0.9137931034482759,0.8788927335640139,0.9453924914675768,0.8466453674121406,0.8137543328506867,0.8740285837677616,0.03474320241691843,0.022658610271903322,0.04984894259818731,0.03200018144806346,0.02697455146071413,0.0376174264151344,-0.0030218375693835675,-0.007913786055867617,0.0016020800139892,-0.0267857142857143,-0.04955090093792525,-0.006171423717295303
Shenzhen,roi_dwt,70,662,1.75626834371049,1.734579965881919,1.777996857114942,0.9387370362255332,0.921088824818789,0.9559764797192035,0.8640483383685801,0.8368580060422961,0.8882175226586103,0.8065476190476191,0.761359396200814,0.8468221640173411,0.9233128834355828,0.8915614534816583,0.9516283131292378,0.9155405405405406,0.8807715876838393,0.9471990620114643,0.8575949367088609,0.8255533477539112,0.8849840255591054,0.010574018126888218,0.0030211480362537764,0.019637462235649546,0.01159488677618366,0.00989968390443173,0.013400291851820172,-0.0005158121530821624,-0.0027445000887140413,0.0018557257090354214,-0.008928571428571397,-0.02012078989574975,0.0
Shenzhen,roi_dwt,90,662,2.497591664144017,2.4712218310165888,2.524343479130551,0.9388876716330705,0.9215994028486029,0.956102397012717,0.8640483383685801,0.8383685800604229,0.8897280966767371,0.8125,0.7669873131216868,0.8527673662063966,0.9171779141104295,0.8849505024748763,0.9455602541573248,0.91,0.8749899517684887,0.9405651913875598,0.8584905660377358,0.8266611570247934,0.8868785014005602,0.004531722054380665,0.0,0.010574018126888218,0.00527061256397166,0.00440905739713651,0.006308988315191147,-0.00036517674554481516,-0.0013966351425230839,0.0006354195602868539,-0.0029761904761904656,-0.00952380952380949,0.0
