codec,setting,n_samples,mean_bpp,mean_bpp_ci_lower,mean_bpp_ci_upper,auc,auc_ci_lower,auc_ci_upper,accuracy,accuracy_ci_lower,accuracy_ci_upper,recall,recall_ci_lower,recall_ci_upper,specificity,specificity_ci_lower,specificity_ci_upper,precision,precision_ci_lower,precision_ci_upper,f1,f1_ci_lower,f1_ci_upper,flip_rate,flip_rate_ci_lower,flip_rate_ci_upper,mean_abs_prob_diff,mean_abs_prob_diff_ci_lower,mean_abs_prob_diff_ci_upper,delta_auc,delta_auc_ci_lower,delta_auc_ci_upper,delta_recall,delta_recall_ci_lower,delta_recall_ci_upper
dct,10,800,0.1300151398667202,0.12911937742618546,0.13087413116401994,0.7720580880698157,0.7399293974276107,0.805397055561521,0.5275,0.49496875,0.55875,0.9974619289340102,0.9920403069242858,1.0,0.07142857142857142,0.0467922945040085,0.09678266023198712,0.5103896103896104,0.47551546391752575,0.5429020280037999,0.6752577319587629,0.6443550300050522,0.7034252297410193,0.5275,0.49496875,0.56,0.4950194598734379,0.46732828590087594,0.5201952478848397,-0.16924745567752753,-0.19781997516115912,-0.1407584447452633,0.19796954314720816,0.15930524132730015,0.2357941884151092
dct,20,800,0.22953976434812107,0.22796132265947697,0.23108586869377573,0.863519291840664,0.8384661624838281,0.8892091669665625,0.71,0.68,0.7425,0.9568527918781726,0.9376582792207792,0.975075236825006,0.47044334975369456,0.41975086597388755,0.5216346153846154,0.6368243243243243,0.6,0.6742368083278039,0.7647058823529412,0.7361776638576107,0.7929002793085226,0.305,0.27125,0.33625,0.2901210187375545,0.2683375449571758,0.3116540999077261,-0.0777862519066792,-0.09600355100585764,-0.059816929905621444,0.15736040609137059,0.12224355191221381,0.1917098445595854
dct,30,800,0.31068289371974817,0.3084873017344327,0.3127859608080278,0.9060632392288265,0.8847290925769266,0.9255917987595975,0.81,0.78375,0.8375,0.9213197969543148,0.8954051581365531,0.9464720194647201,0.7019704433497537,0.6559377431645604,0.7481113023486623,0.75,0.7130620985010707,0.7875110446985447,0.8268792710706151,0.8004687500000002,0.8527180398292274,0.17,0.1425,0.19375,0.1664350352436304,0.15109607662819327,0.1814424621388316,-0.03524230451851673,-0.04599239142323282,-0.024402913801162152,0.12182741116751272,0.09230179028132993,0.1522419907435235
dct,50,800,0.44514325313359443,0.4418317228742622,0.4483450339813529,0.9260021004726064,0.9072317677520682,0.9420707306984333,0.8575,0.83375,0.8825,0.8654822335025381,0.8308804961378491,0.9000062344139651,0.8497536945812808,0.8115577889447236,0.8826443975635484,0.8482587064676617,0.8113637216810257,0.8829557846733419,0.8567839195979899,0.831289417395216,0.8820805861448178,0.0675,0.05121875,0.08378124999999997,0.07298148304224014,0.06452961722202599,0.08181810192205011,-0.015303443274736761,-0.0216055002873171,-0.009240902408804727,0.06598984771573602,0.043061595300102964,0.09068582550950303
dct,70,800,0.6226143830242713,0.6182276982783053,0.6271847158530857,0.9371421069740691,0.9200266636334499,0.9510362896807975,0.86625,0.84375,0.88875,0.8350253807106599,0.7973324324324325,0.8722654184679501,0.896551724137931,0.8657055750748238,0.9230769230769231,0.8867924528301887,0.8544361156282254,0.9153882833787466,0.8601307189542484,0.8347306861675967,0.885212344371711,0.02875,0.0175,0.04003124999999997,0.03327620439231395,0.029235498167574397,0.03783191518858074,-0.004163436773274132,-0.007226250946601798,-0.0011023840064805094,0.035532994923857864,0.019899262990259643,0.05363540952262196
dct,90,800,1.2015486601181273,1.1924564275434326,1.2112332902504384,0.9399427371158511,0.9233453755563787,0.9539373402527479,0.865,0.84125,0.8875,0.8096446700507615,0.7717786069651742,0.8469432509846044,0.9187192118226601,0.8905833844096506,0.9443232822942614,0.90625,0.877241745559161,0.9352133388566694,0.8552278820375334,0.8291964629812016,0.8802201377401977,0.015,0.0075,0.02375,0.010589998811483375,0.009079984799027436,0.012368900842964641,-0.0013628066314921305,-0.002863827350081405,8.158613419222117e-05,0.010152284263959421,-0.002674156172733033,0.023625163609166333
dwt,10,800,0.05145280011869576,0.05102977900875514,0.05192183986095682,0.766103623315246,0.7345277913994483,0.7984821097902985,0.6625,0.62875,0.69375,0.868020304568528,0.8361383997528576,0.9010516826923076,0.4630541871921182,0.4129778716429202,0.5085628190280101,0.6107142857142858,0.570636396343358,0.6483762699564586,0.7169811320754718,0.6858360404764572,0.746920943786426,0.32,0.2875,0.3525,0.30206455126404763,0.28064955228194594,0.3234165545385331,-0.17520192043209726,-0.20260234109553926,-0.14791617871942972,0.06852791878172593,0.02849191496730023,0.11031745297849122
dwt,20,800,0.09769220959980916,0.09678326783668464,0.098658300098026,0.7863363006676503,0.7559851884554462,0.8152013991109262,0.66875,0.6375,0.7,0.883248730964467,0.8520544450656976,0.9132708235966142,0.4605911330049261,0.41293245311902027,0.508864176238977,0.6137566137566137,0.5745937320007849,0.6524125272512197,0.7242455775234131,0.6936890519006417,0.7538696146584277,0.32375,0.29,0.35628125,0.2936445917189121,0.2703597325570881,0.31636540736444296,-0.15496924307969295,-0.17987584294296044,-0.12980026350172003,0.08375634517766495,0.04281729638958859,0.12531547281547278
dwt,30,800,0.15032292650596302,0.14886960274223013,0.1518212841825826,0.8559707184116427,0.8303359046890194,0.8802864277629995,0.73875,0.71121875,0.7675,0.8781725888324873,0.8486203352308666,0.9079134178037687,0.603448275862069,0.5560797099693493,0.6501306078447633,0.6824457593688363,0.6427073126474324,0.7213284810557105,0.7680355160932297,0.7392253429927402,0.7969618348472224,0.23375,0.205,0.26375,0.216816376298666,0.1978691684640944,0.23649414240382613,-0.08533482533570047,-0.10284674141468822,-0.06716468188863686,0.07868020304568524,0.04218101245608438,0.11260704509791511
dwt,50,800,0.32806723665447707,0.32538553132509646,0.33079052990823415,0.9253925883323749,0.9070803099356609,0.9418030581348471,0.84875,0.82375,0.87375,0.8248730964467005,0.7872139955094622,0.8621604925234434,0.8719211822660099,0.8354724661857249,0.901968155683326,0.8620689655172413,0.8245580554439534,0.8961748633879781,0.8430609597924773,0.8163733186148249,0.8696795427229784,0.06625,0.04875,0.08375,0.06549801148474216,0.05756339005567132,0.07433766277320683,-0.01591295541496829,-0.022807615081458253,-0.008921053104278893,0.025380710659898442,0.0,0.04948288228908185
dwt,70,800,0.7371138562709888,0.7304880477754665,0.7439048220878404,0.9397145607761748,0.9229551161441897,0.953039504095835,0.8625,0.83875,0.88625,0.8020304568527918,0.7634941062135557,0.8418367346938775,0.9211822660098522,0.8921534106600387,0.9463913948646774,0.9080459770114943,0.8774347260909935,0.9358774541322786,0.8517520215633422,0.8248191414496834,0.877736642948613,0.02,0.01125,0.03,0.017035258561372748,0.01475325922854244,0.019506465760990965,-0.001590982971168442,-0.004040083346565593,0.0011055385124512278,0.0025380710659898,-0.012659031035147423,0.01724244359301823
dwt,90,800,1.7499608851295776,1.7306304694817605,1.770030163976236,0.9406397689480133,0.9238363384757464,0.9542377889171794,0.865,0.8425,0.8875,0.8045685279187818,0.7679931540342299,0.842701532685141,0.9236453201970444,0.8959351500799838,0.9478972520908004,0.9109195402298851,0.8816539521084975,0.9392348673426022,0.8544474393530997,0.8284097805295866,0.8793062261753494,0.005,0.00125,0.01,0.008087027668952935,0.006810186708346003,0.009346971129998558,-0.0006657747993299434,-0.0018691784063576994,0.0004532061714112467,0.005076142131979711,0.0,0.01272345770369222
jpeg,10,800,0.19256074487798747,0.19178377684478193,0.19332328235859086,0.7729114050661399,0.7411086715669384,0.8066167317339851,0.5275,0.49375,0.55875,0.9974619289340102,0.9920403069242858,1.0,0.07142857142857142,0.046910691479657,0.0979066985645933,0.5103896103896104,0.476125936153299,0.5435925449871465,0.6752577319587629,0.6444234657285239,0.703892414575598,0.5275,0.49496875,0.56125,0.49478153720498086,0.46679996482282876,0.5200995171032846,-0.16839413868120334,-0.1970268414063768,-0.1405236846111027,0.19796954314720816,0.15930524132730015,0.2357941884151092
jpeg,20,800,0.27925463532116873,0.2777565485916178,0.2807464969764015,0.8637568452901901,0.8390381898541532,0.8891300643271257,0.70375,0.675,0.73625,0.9568527918781726,0.9376582792207792,0.975075236825006,0.458128078817734,0.4090749039692702,0.5087741505662892,0.6314907872696818,0.594543187606112,0.6699838308457711,0.7608476286579214,0.7328136759488227,0.7893176488559119,0.31125,0.2775,0.3425,0.2904749064147472,0.26848557075858115,0.3119556609932333,-0.07754869845715306,-0.09631868175111341,-0.05960811805410384,0.15736040609137059,0.12224355191221381,0.1917098445595854
jpeg,30,800,0.3547695975824087,0.3526513783889664,0.3568171953503191,0.9064383236228152,0.8850874405178801,0.9259009778719816,0.81,0.78375,0.83753125,0.9213197969543148,0.8951406649616368,0.9464733205823802,0.7019704433497537,0.6574307304785895,0.7487725380191242,0.75,0.7128046300514089,0.787715495949417,0.8268792710706151,0.8013750200763178,0.8535490201091751,0.17,0.1425,0.19375,0.1673386362940073,0.1518072856925428,0.18215632416866717,-0.03486722012452803,-0.0457111027995426,-0.02401427470688423,0.12182741116751272,0.09178332953941874,0.1522419907435235
jpeg,50,800,0.4803902879384577,0.47724521680647836,0.4834104886775724,0.9256457702983171,0.9070123160660111,0.9417699202281393,0.86125,0.83875,0.885,0.868020304568528,0.8337660676918989,0.9016035349875354,0.854679802955665,0.8172304338375379,0.8870646071378192,0.8528678304239401,0.8162249434256248,0.8856447688564477,0.8603773584905661,0.8359243492830424,0.8843856472995918,0.06625,0.05,0.0825,0.07378232970833778,0.06526865598000586,0.08289759855531156,-0.015659773449026138,-0.022237874675813035,-0.009722355743733044,0.06852791878172593,0.04656122410403745,0.09321673336828244
jpeg,70,800,0.6511938934470644,0.6468860595941297,0.6557117338689281,0.9375109399614914,0.9206577382736458,0.9515145200628774,0.8625,0.83875,0.8862812499999999,0.8350253807106599,0.7984324650912996,0.8722398712633088,0.8891625615763546,0.8571338837042354,0.9176477709727958,0.8796791443850267,0.8445040214477212,0.9102941755601937,0.8567708333333333,0.8313028825469668,0.8836616507067944,0.0325,0.02125,0.045,0.03450037270784377,0.030357471941038956,0.03918290579877792,-0.0037946037858518356,-0.006822526749785213,-0.0005655003735968474,0.035532994923857864,0.019448690425075115,0.055837563451776706
jpeg,90,800,1.2355778859512585,1.2264585115562276,1.245330894840852,0.939717686479458,0.9233653404388813,0.9535470255622608,0.86625,0.84375,0.88875,0.8121827411167513,0.7746088590876765,0.850148656572276,0.9187192118226601,0.8905833844096506,0.9443232822942614,0.9065155807365439,0.8770895196872851,0.9352248406640963,0.856760374832664,0.8317333861329109,0.8827260502049179,0.01375,0.00625,0.021281249999999974,0.01155590943992137,0.009937759757041921,0.013394601238891477,-0.0015878572678852398,-0.0030518039203209168,-0.00018127145426522225,0.012690355329949221,0.0,0.027098638291630523
jpeg2000,80,800,0.09900724176407032,0.09888732152908493,0.09911330906945384,0.8795760296066615,0.8573556384204153,0.9009477481982574,0.7825,0.755,0.81,0.8451776649746193,0.8101024253551068,0.8823601323169854,0.7216748768472906,0.677248678000796,0.7623815798846072,0.7466367713004485,0.7088014113529522,0.7854113583739428,0.7928571428571429,0.7646969044027867,0.8226965873644024,0.175,0.14875,0.19875,0.16189090333878994,0.14621896314807237,0.1772938062660396,-0.06172951414068173,-0.07838655841935827,-0.046308828644636,0.045685279187817285,0.01278690824155749,0.08129084768082714
jpeg2000,40,800,0.19807027977885308,0.19789800629337215,0.19823038654625333,0.9247799504888601,0.9061148535503324,0.9403422092166666,0.8425,0.81746875,0.8675,0.8096446700507615,0.7727244943320738,0.8492585986929466,0.874384236453202,0.8422031066043827,0.9045402886691669,0.8621621621621621,0.8259526001929316,0.8971111295784596,0.8350785340314136,0.8066164429684273,0.8625585105266472,0.065,0.04875,0.08128124999999997,0.06408650025725365,0.05603374350816011,0.07239613616093993,-0.01652559325848313,-0.023815303747406476,-0.008780836130225834,0.010152284263959421,-0.015038538557448897,0.037128877012369596
jpeg2000,20,800,0.39797999378585514,0.3978110102773458,0.39813137726081566,0.939902102973169,0.9235621605341824,0.9539942876085882,0.86375,0.83875,0.8875,0.799492385786802,0.7611782636115199,0.8395061728395061,0.9261083743842364,0.9002492248696993,0.9491960709796241,0.9130434782608695,0.8826775623889485,0.9397463902258423,0.8525033829499323,0.8259109311740891,0.8781193546101803,0.01875,0.01,0.02875,0.02501375250518321,0.02176221364922821,0.028407073210924852,-0.0014034407741742028,-0.0050276378148859215,0.0021274296842777258,0.0,-0.01614247311827966,0.014742014742014753
jpeg2000,10,800,0.7973307485083956,0.7971513518099423,0.7975088172517742,0.9422932659848465,0.9258184011628637,0.9553232093309865,0.86375,0.84125,0.88875,0.8020304568527918,0.7640688775510204,0.8412008942829766,0.9236453201970444,0.8971019470368089,0.948031250724604,0.9106628242074928,0.8804640129496145,0.9387229186010524,0.8529014844804318,0.8270926922945028,0.8789958982225631,0.01625,0.0075,0.02625,0.012887781113386145,0.011070940060541025,0.01491108657605945,0.000987722237503319,-0.0008514848531821883,0.002795528088176059,0.0025380710659898,-0.010416666666666633,0.015833234184612584
jpeg2000,5,800,1.5916145529477757,1.5890992861645634,1.5936553044140847,0.9412055212422796,0.9251010181504538,0.9543152278701135,0.86625,0.84375,0.8875312499999999,0.8071065989847716,0.7696473417613757,0.8453620698241944,0.9236453201970444,0.8956283509636285,0.9476495620456068,0.9111747851002865,0.8810198300283286,0.9393107311222535,0.8559892328398384,0.830344827586207,0.8805369127516778,0.00875,0.0037187500000000016,0.015,0.007653556317090982,0.006521848430857058,0.00882761903665959,-0.00010002250506357946,-0.0010519591029075459,0.0008733913838093018,0.0076142131979695105,-0.0025774860811422716,0.019021739130434704
original,0,800,8.0,8.0,8.0,0.9413055437473432,0.9249092946073653,0.9546883088575214,0.86,0.83625,0.88125,0.799492385786802,0.7617923065218409,0.8382409502262443,0.9187192118226601,0.8900180438308046,0.9440457043883989,0.9051724137931034,0.8743157415396414,0.9352988614800759,0.8490566037735848,0.8231953196411671,0.8740402360988165,0.0,0.0,0.0,0.0,0.0,0.0,0.0,0.0,0.0,0.0,0.0,0.0
roi_dwt,10,800,1.2543002725692154,1.2365505827219463,1.2741322234546701,0.9263646820534621,0.9074718969900719,0.9429821460878183,0.84625,0.82,0.87125,0.7766497461928934,0.7336811341301809,0.8153964194373401,0.9137931034482759,0.8853202429705553,0.9399110346889952,0.8973607038123167,0.8644504317849432,0.9293812472837897,0.8326530612244899,0.8022301323817471,0.8603843179709247,0.05875,0.0425,0.07625,0.0682809840887785,0.06036080244556068,0.0768143025152385,-0.014940861693881091,-0.02415872643891175,-0.0066920463240380595,-0.022842639593908642,-0.05053528368794321,0.0047520212863146494
roi_dwt,20,800,1.2946987279901032,1.2766676630718512,1.3145307647088997,0.92555199919982,0.9069075060487275,0.9421300606717257,0.83375,0.80875,0.85875,0.7639593908629442,0.7219108595142603,0.8036673844508248,0.9014778325123153,0.8731253085716456,0.9297863225368753,0.8826979472140762,0.8491495781045373,0.9169095421865505,0.819047619047619,0.7904966510685587,0.8481532147742817,0.05875,0.0425,0.07625,0.06183656245470046,0.053918065385892965,0.06954406638629734,-0.0157535445475232,-0.024400640195330538,-0.007947213165044724,-0.035532994923857864,-0.0651097283291458,-0.0077705222638091865
roi_dwt,30,800,1.3373955420835488,1.319074226633106,1.357357653033409,0.9321878672701358,0.9145639692245829,0.9471571411581757,0.8475,0.8225,0.87125,0.7614213197969543,0.718746074120603,0.8010335917312662,0.9310344827586207,0.9047499100395826,0.9541330973781028,0.9146341463414634,0.8839752272322224,0.9431163697840912,0.8310249307479225,0.8005555555555556,0.8586670255720054,0.05,0.035,0.06503124999999997,0.05145448207855224,0.0447030097376555,0.058153986699879166,-0.009117676477207404,-0.01579004931031977,-0.002925575106641504,-0.038071065989847774,-0.06565988835725675,-0.013019146696891231
roi_dwt,50,800,1.4634464243739018,1.4449582914793,1.4836680572619456,0.9391769398114577,0.9226295715069319,0.9531746335565228,0.8575,0.83375,0.8825,0.7766497461928934,0.7379623440285205,0.816587189876082,0.9359605911330049,0.9108855612608407,0.9577140661456983,0.9216867469879518,0.8920437008978676,0.9489513398749068,0.8429752066115702,0.8135514648108654,0.8703974015508699,0.0325,0.02125,0.04625,0.03112557150423526,0.027086949439719312,0.035994342939928176,-0.0021286039358855424,-0.006109463527864162,0.00221947903964122,-0.022842639593908642,-0.043370119787045164,-0.004961862386779007
roi_dwt,70,800,1.731204535121143,1.7120117547539027,1.7518716407805455,0.9409867220124528,0.9242157627459686,0.9543908924526394,0.86375,0.84,0.8862812499999999,0.7918781725888325,0.7518654292800062,0.830432572415116,0.9334975369458128,0.9074942042606516,0.9564323311992607,0.9203539823008849,0.8917954808223999,0.9484277527629963,0.8512960436562074,0.8244965191195015,0.8770089608324902,0.01125,0.005,0.02,0.011815321445465078,0.010365035183727733,0.013404930744320144,-0.00031882173489039545,-0.00217368293240556,0.001727642750685312,-0.0076142131979695105,-0.017766497461928932,0.0
roi_dwt,90,800,2.4286402671623093,2.404065458840336,2.455532588347968,0.9410086019354356,0.9244365037697371,0.9544098234086759,0.8625,0.8399687499999999,0.885,0.7969543147208121,0.7590583352666719,0.8359057071960297,0.9261083743842364,0.8980570448727238,0.9496429991685044,0.9127906976744186,0.8842676213821873,0.9416909620991254,0.8509485094850948,0.8243308337313896,0.8766577427821521,0.005,0.00125,0.01,0.005311497375369067,0.004555473005399101,0.006180491928011174,-0.00029694181190764724,-0.0011940503642782624,0.0006127510954218484,-0.002538071065989911,-0.007894736842105288,0.0
