epoch,train_loss,val_loss,val_auc,lr,time_sec
1,0.4450762312154512,0.4576489508152008,0.9139928698752228,0.00029490591103021566,82.84380912780762
2,0.365140839605718,0.3653489649295807,0.9251336898395721,0.00027997079786577355,92.15807509422302
3,0.2949542008290017,0.41804338097572324,0.9269162210338681,0.0002562124637873888,85.69552063941956
4,0.21708547615924398,0.29178069829940795,0.9500891265597148,0.00022524999999999992,87.99164342880249
5,0.1585330786938603,0.5793784141540528,0.9402852049910875,0.0001891934472428268,90.4399905204773
6,0.1318899221164552,0.5044671125710011,0.9349376114081995,0.00015049999999999994,81.1565318107605
7,0.10642197748293748,0.3026024341583252,0.9625668449197861,0.00011180655275717313,1217.2581706047058
8,0.04820862958660802,0.59594711586833,0.9474153297682709,7.575000000000001e-05,74.48660087585449
9,0.03785020167737998,0.2897817425429821,0.9590017825311944,4.478753621261114e-05,72.04982233047485
10,0.03807374981005449,0.3161088738590479,0.9598930481283422,2.1029202134226408e-05,68.6469099521637
11,0.025943616726058157,0.3261520579457283,0.9634581105169341,6.0940889697843025e-06,65.3592619895935
12,0.027877656208049204,0.3119188413023949,0.963458110516934,1e-06,65.4288260936737
