family,tolerance,n_images,mean_bpp,bpp_std,bpp_min,bpp_p25,bpp_median,bpp_p75,bpp_max,mean_bytes,frac_unsatisfied,judge_flip_rate,judge_mean_abs_prob_diff,steering_flip_rate,judge_auc,judge_auc_ci_lower,judge_auc_ci_upper,judge_recall,judge_recall_ci_lower,judge_recall_ci_upper,judge_specificity,judge_specificity_ci_lower,judge_specificity_ci_upper,judge_delta_auc,judge_delta_auc_ci_lower,judge_delta_auc_ci_upper,judge_delta_recall,judge_delta_recall_ci_lower,judge_delta_recall_ci_upper,confidence_bpp_pearson_r,confidence_bpp_pearson_p,confidence_bpp_spearman_rho,confidence_bpp_spearman_p
dwt_only,0.02,800,0.44119274432807126,0.5255460411300036,0.030142716535433,0.04922946420686085,0.24022333488940514,0.6099691944029437,2.2716619318181817,13407.56125,0.05,0.14125,0.1550092040002346,0.0025,0.8981645870320821,0.8768213668866652,0.919114203193058,0.6776649746192893,0.6311881188118812,0.7248677248677249,0.8940886699507389,0.8625898504887867,0.9258357799901116,-0.05457165362206495,-0.07092299574162399,-0.0394283084497723,-0.2182741116751269,-0.2611076521389837,-0.17694227704992666,-0.6203026039855506,3.0325010624139467e-86,-0.6603116720201835,2.438833102786363e-101
dwt_only,0.05,800,0.29784320408272746,0.3790251622744232,0.030142716535433,0.041859147519346954,0.15836088785836416,0.3726924979891626,2.187247474747475,9055.48375,0.0075,0.17375,0.18459157936275006,0.00125,0.8717180115525991,0.8482539535275585,0.8950401122457176,0.6446700507614214,0.5985710812276731,0.6917518632931254,0.8571428571428571,0.8215137093957388,0.8902759419987889,-0.08101822910154799,-0.10052791524365803,-0.062398980392156876,-0.25126903553299484,-0.29427115110087015,-0.20754221760015854,-0.5936132634222577,2.4772440579273485e-77,-0.5793707104714645,6.574014605758886e-73
dwt_only,0.1,800,0.21806143868064734,0.2795542636853716,0.030142716535433,0.03986618526104585,0.08712327183867555,0.30733171891641353,2.173980712890625,6634.5025,0.00375,0.205,0.20757118679583073,0.00125,0.8574523017678979,0.8330559584237522,0.8817253064076667,0.6116751269035533,0.5614938356068752,0.6588971728133158,0.8669950738916257,0.8325120073891625,0.8990279066171923,-0.0952839388862492,-0.1154484849812015,-0.075257376267408,-0.2842639593908629,-0.3333547557840617,-0.23820473944294696,-0.5112512510998691,1.7424401978779615e-54,-0.4782121229759268,5.948902365620246e-47
graded_d2_4_bp8,0.02,800,0.989995599647015,0.4575054282103446,0.3672060570071259,0.6773160054013607,0.8419556968852063,1.1100466279644268,2.395399305555556,29990.72,0.1425,0.0525,0.06435054570436477,0.01375,0.9516141131754645,0.9368208106549915,0.9645994315793306,0.8959390862944162,0.8631834249803614,0.9234873814175513,0.9014778325123153,0.8752848784801945,0.9280254969584362,-0.0011221274786825663,-0.008916194784668074,0.006542175179552398,0.0,-0.022556390977443552,0.02110817941952503,-0.5352141411013402,1.7228937650089637e-60,-0.5306505359395749,2.6133470769331476e-59
graded_d2_4_bp8,0.05,800,0.8719706769448413,0.3399864785075139,0.3472563976377952,0.6568877205694993,0.7996877168236927,0.9756529918441035,2.3400697314049586,26404.6625,0.045,0.06125,0.07678306609392166,0.01,0.9465879822960165,0.9310560450768441,0.9600435923907144,0.8984771573604061,0.8678277850347675,0.9257297712529874,0.8719211822660099,0.838850444221926,0.9033837351126417,-0.006148258358130598,-0.014727180802648223,0.0019004375994080417,0.002538071065989911,-0.019808183825901403,0.0243350280974043,-0.49164478122228594,6.467128304920917e-50,-0.4149899835749152,1.1993444604806327e-34
graded_d2_4_bp8,0.1,800,0.8096744212657958,0.26848447663509384,0.3472563976377952,0.6469319576054078,0.7638989769813423,0.9133561509976831,2.3400697314049586,24494.11125,0.02125,0.07625,0.08629202634096146,0.0075,0.9428402640594131,0.9267888002881676,0.9575792477463987,0.8908629441624365,0.8592884293261177,0.9193631957212101,0.8645320197044335,0.8316406436946638,0.896551724137931,-0.009895976594733957,-0.019392110167261323,-0.0011591094639172917,-0.005076142131979711,-0.031709255173236355,0.020264970158063868,-0.43463704154607585,3.381133443145769e-38,-0.29253076552030605,3.000835982505432e-17
lossless_dilated_bp8,0.02,800,1.6468535378368523,0.48632754098271425,0.7041270783847982,1.285686538225115,1.5667325191006896,1.9210580892363978,3.2093879132231407,49832.8025,0.04625,0.0375,0.053001426607370374,0.00375,0.9531800905203672,0.9383506169797641,0.9656465464356814,0.868020304568528,0.8358114490836954,0.9015988486068273,0.9236453201970444,0.8981031150784521,0.9464285714285714,0.0004438498662201473,-0.0049211371982714695,0.006015958766528739,-0.027918781725888242,-0.04859473284025709,-0.010362694300518168,-0.5727004781072677,6.542769044971172e-71,-0.4933244714826883,2.6962400579027526e-50
lossless_dilated_bp8,0.05,800,1.5431567705318663,0.3998792403094932,0.7041270783847982,1.2562019350960107,1.497624703087886,1.7842556568962982,3.2093879132231407,46663.31625,0.005,0.05875,0.06654847636818886,0.0025,0.9485321697381912,0.932407259667464,0.9619444693578647,0.8426395939086294,0.8064254577157802,0.8750247361477572,0.9359605911330049,0.911108202443281,0.9572456999964191,-0.004204070915955871,-0.012123865477622156,0.002891007960745842,-0.053299492385786795,-0.0812248542959203,-0.03139719202898554,-0.429534591665772,2.9758197274579605e-37,-0.33784142535858025,8.265433765466962e-23
lossless_dilated_bp8,0.1,800,1.486688598817721,0.339589169094343,0.7041270783847982,1.245483895405404,1.4632571766734168,1.7143445508473065,3.2093879132231407,44949.1075,0.0025,0.06875,0.07506082072854042,0.0025,0.9477476182140981,0.9320321192428346,0.9611162734969215,0.8274111675126904,0.7904020039100684,0.8618947477088661,0.9408866995073891,0.9162275890272242,0.9610491315913002,-0.00498862244004894,-0.013045645633627534,0.0025799577814677125,-0.06852791878172582,-0.09999999999999998,-0.043696211020453776,-0.32270513840496196,7.612606755493817e-21,-0.2334011867614679,2.3284597897941006e-11
