family,tolerance,variant,scope,n_images,mean_bpp,mean_bytes,frac_unsatisfied,eval_model,eval_flip_rate,mean_abs_prob_diff,auc,delta_auc,delta_auc_ci_lower,delta_auc_ci_upper,recall,delta_recall,delta_recall_ci_lower,delta_recall_ci_upper,fixed_status,fixed_equiv_bytes,byte_saving_pct,byte_saving_ci_lower,byte_saving_ci_upper
dwt_only,0.02,V0,Overall,800,0.44119274432807126,13407.56125,0.05,judge,0.14125,0.1550092040002346,0.8981645870320821,-0.05457165362206495,-0.07092299574162389,-0.03942830844977241,0.6776649746192893,-0.2182741116751269,-0.2611076521389837,-0.17694227704992666,interpolated,5166.745882221718,-159.49720686155956,-206.7485480332886,-123.20012816802429
dwt_only,0.02,V1,Overall,800,0.6173839607875787,18714.31,0.1225,judge,0.1075,0.12328605934977531,0.9112331524593034,-0.04150308819484372,-0.05477869004750418,-0.028216766004063306,0.7360406091370558,-0.15989847715736039,-0.1994689141507933,-0.12188464611250313,interpolated,6387.8253729514845,-192.9684032885997,-240.74240084650862,-137.31373486537373
dwt_only,0.02,V2,Overall,800,0.5968612399260332,18108.24125,0.055,judge,0.02625,0.043781028166413306,0.9451626615988596,-0.007573579055287438,-0.012789235019469877,-0.0027136056881540195,0.868020304568528,-0.027918781725888242,-0.04705954415238482,-0.01249922069825432,interpolated,26181.00965567176,30.834442643135063,-9.754892912171536,48.65913623562967
dwt_only,0.02,V3_k1,Overall,800,0.5897655034969048,17945.1475,0.05,judge,0.11875,0.13233442671597004,0.9061413818109074,-0.04659485884323966,-0.06178429989225935,-0.03248832327695005,0.7284263959390863,-0.1675126903553299,-0.2074202420242024,-0.12838361860555075,interpolated,5951.700346331788,-201.5129535387334,-248.1799609408156,-152.53247734015196
dwt_only,0.02,V3_k2,Overall,800,0.7477614068214393,22750.1775,0.05,judge,0.10875,0.11904194630682469,0.9094515015878573,-0.043284739066289823,-0.05892164520764019,-0.02980064405807215,0.7309644670050761,-0.1649746192893401,-0.20251462082262212,-0.127447729755032,interpolated,6337.830105692616,-258.9584624486206,-312.19310327979156,-195.98144538832824
dwt_only,0.02,V4,Overall,800,0.7597580010565926,23058.485,0.1225,judge,0.07875,0.09884032495319843,0.921769898227101,-0.0309663424270461,-0.04256538661191456,-0.02061184757404738,0.7791878172588832,-0.11675126903553301,-0.15212807773847042,-0.08542041105772163,interpolated,8511.309478775653,-170.91583330978762,-242.6120752526558,-103.30041659672212
dwt_only,0.02,O1,Overall,800,0.5214785470584898,15788.4775,0.08125,judge,0.00375,0.01325732320547104,0.9498262108974519,-0.002910029756695187,-0.005556443585259421,-0.0007293570159003505,0.8934010152284264,-0.0025380710659898,-0.007833926111716492,0.0,not reached,,,67.59672975145834,72.0046568962008
dwt_only,0.02,O2,Overall,800,0.5214785470584898,15788.4775,0.08125,steering,0.125,0.1302345636487007,0.8620033257482935,-0.07929284088919997,-0.09591228507488092,-0.062413812051528954,0.8197969543147208,0.02030456852791873,0.0,0.0427162576104705,interpolated,7760.348445693764,-103.45062609606228,-126.00896385750565,-85.23951327433488
dwt_only,0.05,V0,Overall,800,0.29784320408272746,9055.48375,0.0075,judge,0.17375,0.18459157936275006,0.8717180115525991,-0.08101822910154799,-0.10052791524365814,-0.062398980392156876,0.6446700507614214,-0.25126903553299484,-0.29427115110087015,-0.20754221760015854,interpolated,4164.841851192271,-117.42683332399962,-159.18473527553087,-81.97848858400178
dwt_only,0.05,V1,Overall,800,0.42610416138768004,12929.6975,0.035,judge,0.14625,0.16054219536483288,0.8837488434897853,-0.06898739716436175,-0.08765873276369598,-0.051851393027520426,0.6903553299492385,-0.20558375634517767,-0.247195446481372,-0.1649803921568628,interpolated,5006.88174519521,-158.23852365612228,-201.85032400075147,-121.80966851402691
dwt_only,0.05,V2,Overall,800,0.47083366589580977,14293.35625,0.00875,judge,0.0375,0.05430321015417576,0.9409617163861869,-0.011774524267960218,-0.017555774100847653,-0.006527705185333941,0.8451776649746193,-0.050761421319796884,-0.07311183410113042,-0.02999525745257456,interpolated,15780.28829747579,9.42271788351065,-8.42969656852747,43.03004080962822
dwt_only,0.05,V3_k1,Overall,800,0.4223637004074389,12857.00125,0.0075,judge,0.1475,0.15697822861373426,0.8900940211547598,-0.06264221949938731,-0.07918376709316162,-0.045759651914831556,0.6751269035532995,-0.2208121827411167,-0.2638574036681268,-0.17660955299071388,interpolated,4967.694639040971,-158.81222949891466,-202.46633764218103,-123.19383700034258
dwt_only,0.05,V3_k2,Overall,800,0.5802044257084695,17664.26375,0.0075,judge,0.1325,0.13851548120379448,0.8968049061038734,-0.05593133455027366,-0.07291789072241783,-0.040876471166182336,0.6979695431472082,-0.19796954314720805,-0.23884962550412903,-0.15566989152741129,interpolated,5458.8881484163685,-223.58720804939787,-276.3638107159089,-180.88352407910747
dwt_only,0.05,V4,Overall,800,0.5637343512364303,17135.6675,0.035,judge,0.10875,0.13083786837756634,0.9042972168737966,-0.048439023780350476,-0.06399898593272951,-0.0338392410619365,0.7309644670050761,-0.1649746192893401,-0.2068987015220569,-0.1296722571808819,interpolated,6337.830105692616,-170.37120298647335,-209.9847340367009,-120.68710332709323
dwt_only,0.05,O1,Overall,800,0.3159201699293663,9522.3675,0.02,judge,0.00375,0.025950488150119782,0.9488134830336826,-0.0039227576204644565,-0.00810710099355422,-0.0007717226743830881,0.8934010152284264,-0.0025380710659898,-0.007833926111716492,0.0,not reached,,,80.11142767982118,83.20481973428545
dwt_only,0.05,O2,Overall,800,0.3159201699293663,9522.3675,0.02,steering,0.19875,0.18817221947014331,0.8364288214848341,-0.10486734515265939,-0.12644042460793695,-0.08328747871594552,0.8350253807106599,0.035532994923857864,0.007480831503331203,0.06549118387909314,interpolated,5469.804016116332,-74.08973835155923,-100.04089646135581,-52.1275104816724
dwt_only,0.1,V0,Overall,800,0.21806143868064734,6634.5025,0.00375,judge,0.205,0.20757118679583073,0.8574523017678979,-0.0952839388862492,-0.1154484849812016,-0.075257376267408,0.6116751269035533,-0.2842639593908629,-0.3333547557840617,-0.23820473944294696,interpolated,3326.976441886121,-99.41537356479701,-148.49298903143068,-67.14787278595524
dwt_only,0.1,V1,Overall,800,0.29577081482286316,8990.03125,0.01125,judge,0.17625,0.18648430205881594,0.8681734640294066,-0.08456277662474043,-0.10419471455015639,-0.06516017896009552,0.6446700507614214,-0.25126903553299484,-0.29716289269685847,-0.20754221760015854,interpolated,4090.67156323485,-119.76907974716016,-161.1315515588675,-86.04060026639176
dwt_only,0.1,V2,Overall,800,0.4075929739487272,12375.2625,0.00375,judge,0.05125,0.06267662204802037,0.9393207221624865,-0.01341551849166056,-0.019493597956644623,-0.007457428436705805,0.8350253807106599,-0.060913705583756306,-0.08653032179361587,-0.0368451192669943,interpolated,12209.319158089918,-1.3591531170690054,-14.351766029465368,23.06537184549753
dwt_only,0.1,V3_k1,Overall,800,0.3157215346030634,9608.255,0.00375,judge,0.17375,0.1787948963791132,0.8731745892825886,-0.07956165137155846,-0.09782361750654602,-0.06082307737232337,0.631979695431472,-0.2639593908629442,-0.309462915601023,-0.21920416390951647,interpolated,4164.841851192271,-130.69915601355763,-172.59652489380647,-94.00055368112314
dwt_only,0.1,V3_k2,Overall,800,0.4524458039800733,13770.60625,0.00375,judge,0.15375,0.15962457552552223,0.8844177439923984,-0.06831849666174872,-0.08658647982375396,-0.051114023582089586,0.6725888324873096,-0.2233502538071066,-0.26735287244133465,-0.18158591756244685,interpolated,4776.311935849424,-188.310446113085,-233.29141733029797,-149.3387180437133
dwt_only,0.1,V4,Overall,800,0.41381170319838956,12592.19625,0.01125,judge,0.135,0.15242405094206332,0.8919569403115701,-0.06077930034257695,-0.0772000698547696,-0.04467386576403736,0.6928934010152284,-0.20304568527918776,-0.2444503546099291,-0.16325774754346178,interpolated,5373.772937180509,-134.32691327309462,-173.07405841276966,-102.62533165777738
dwt_only,0.1,O1,Overall,800,0.2240203625892402,6759.15125,0.00375,judge,0.00125,0.05132289081811905,0.9451314045660273,-0.007604836088119793,-0.014034713547621997,-0.002446909663860689,0.8934010152284264,-0.0025380710659898,-0.007833926111716492,0.0,not reached,,,,
dwt_only,0.1,O2,Overall,800,0.2240203625892402,6759.15125,0.00375,steering,0.24625,0.22971017993986606,0.8091851916681253,-0.1321109749693682,-0.15472448152402288,-0.10820420875283655,0.8350253807106599,0.035532994923857864,0.002569558048349846,0.06772711644254281,interpolated,3898.035598090605,-73.39891029499242,-117.85287118631364,-39.85958118001751
dwt_only,0.02,V0,Shenzhen,662,0.4536560243187864,14060.24320241692,0.04833836858006042,judge,0.1419939577039275,0.15963951176386945,0.9085825664621676,-0.049079754601227155,-0.06558574932578125,-0.03386245263003389,0.6785714285714286,-0.21726190476190477,-0.2651368296621367,-0.1731314833457347,interpolated,5474.272275717399,-156.84223389444648,-209.16292128016065,-112.81199422126325
dwt_only,0.02,V1,Shenzhen,662,0.6336445239655851,19585.92900302115,0.12084592145015106,judge,0.10725075528700906,0.12602138501279664,0.9204462459830559,-0.03721607508033886,-0.05095221945756486,-0.02459654325167426,0.7380952380952381,-0.15773809523809523,-0.19999999999999996,-0.12208947816222349,interpolated,6869.541488120783,-185.11260958086206,-237.6688871092839,-118.62493049363285
dwt_only,0.02,V2,Shenzhen,662,0.6190877935288875,19129.537764350454,0.052870090634441085,judge,0.0256797583081571,0.041704189111098786,0.9521481522056676,-0.005514168857727153,-0.010384180807807503,-0.0007757449968451078,0.8690476190476191,-0.0267857142857143,-0.04692427117474551,-0.009431032462205554,interpolated,27224.46809202961,29.73402565778346,-15.657469797414775,54.18805857203477
dwt_only,0.02,V3_k1,Shenzhen,662,0.6081836166506073,18869.68580060423,0.04833836858006042,judge,0.12084592145015106,0.13590873845394286,0.9148133946830266,-0.04284892638036819,-0.05811654330940172,-0.029020080384784604,0.7291666666666666,-0.16666666666666674,-0.20977734135890633,-0.12576597424030417,interpolated,6285.569188644988,-200.2064766814231,-248.27097205901651,-140.37824108965611
dwt_only,0.02,V3_k2,Shenzhen,662,0.7684791728888231,23850.91087613293,0.04833836858006042,judge,0.11933534743202417,0.12451292425844245,0.9164840782938943,-0.04117824276950044,-0.057652106931761406,-0.027592944223897777,0.7172619047619048,-0.1785714285714286,-0.22161310578867205,-0.13762122591174436,interpolated,6347.922658293007,-275.7278114435405,-336.58950045632696,-198.86581746271077
dwt_only,0.02,V4,Shenzhen,662,0.7813981569233821,24180.959214501512,0.12084592145015106,judge,0.08157099697885196,0.1004536556153139,0.9311961364300323,-0.026466184633362477,-0.03751740019943963,-0.015414440835912428,0.7797619047619048,-0.1160714285714286,-0.15320712486762128,-0.0830858251540744,interpolated,8958.995219255115,-169.90704451466388,-248.48140920390802,-102.73424762116278
dwt_only,0.02,O1,Shenzhen,662,0.5287015442095837,16345.34592145015,0.07854984894259819,judge,0.004531722054380665,0.013029871030156346,0.955138036809816,-0.002524284253578757,-0.005767310200864917,-0.00019904149472916614,0.8928571428571429,-0.0029761904761904656,-0.010124727942407454,0.0,not reached,,,68.81723544028999,73.21692584395501
dwt_only,0.02,O2,Shenzhen,662,0.5287015442095837,16345.34592145015,0.07854984894259819,steering,0.1148036253776435,0.13060193308530618,0.8593841294186386,-0.07986415425065752,-0.09816535591319867,-0.06192881147917074,0.8184523809523809,0.0029761904761904656,-0.0191098064752447,0.026560631427888094,interpolated,8558.667437891561,-90.98003328280797,-115.00970369330292,-69.14415700476297
dwt_only,0.05,V0,Shenzhen,662,0.30653001641560745,9504.336858006041,0.0075528700906344415,judge,0.17522658610271905,0.1893441719411003,0.8854166666666666,-0.07224565439672814,-0.0914496323224882,-0.05315313686917526,0.6428571428571429,-0.25297619047619047,-0.3034693623150935,-0.21067457660852568,interpolated,4373.140861191341,-117.33434068750412,-168.02465398230518,-82.01331293262986
dwt_only,0.05,V1,Shenzhen,662,0.4357853224245633,13492.551359516616,0.03172205438066465,judge,0.14501510574018128,0.16393715368296805,0.8981248174116273,-0.059537503651767465,-0.07749523431648982,-0.0437244417962503,0.6934523809523809,-0.20238095238095244,-0.2478538314210535,-0.15950236411238322,interpolated,5367.256656225058,-151.38636409100485,-204.90917133836757,-111.10467921080559
dwt_only,0.05,V2,Shenzhen,662,0.4887195168987259,15110.311178247734,0.00906344410876133,judge,0.03625377643504532,0.05270181438713996,0.9504135626643295,-0.007248758399065247,-0.012402837860072935,-0.002499095465785229,0.8482142857142857,-0.04761904761904767,-0.07331580080174332,-0.02563091482649845,interpolated,17375.027970809413,13.034320269103878,-9.374107002375947,47.61994051775248
dwt_only,0.05,V3_k1,Shenzhen,662,0.4365872326794406,13548.099697885196,0.0075528700906344415,judge,0.14954682779456194,0.1616115828475203,0.9007860429447854,-0.0568762781186094,-0.07481732185729238,-0.040278121959229946,0.6726190476190477,-0.2232142857142857,-0.2718963068181819,-0.17834476951691547,interpolated,5210.642971927752,-160.00821339852578,-212.06947594683012,-120.33452679865871
dwt_only,0.05,V3_k2,Shenzhen,662,0.5984933861386447,18580.471299093657,0.0075528700906344415,judge,0.1419939577039275,0.14354159230552052,0.9039767747589833,-0.05368554630441147,-0.07197218423190521,-0.03787870530446108,0.6845238095238095,-0.21130952380952384,-0.2574920035704987,-0.17064753471779842,interpolated,5474.272275717399,-239.41445297692474,-303.17354198660405,-183.04980076960393
dwt_only,0.05,V4,Shenzhen,662,0.580477797957782,17992.5498489426,0.03172205438066465,judge,0.10876132930513595,0.13275506984431218,0.9167214431784984,-0.04094087788489642,-0.05496478043364874,-0.02794804879715736,0.7321428571428571,-0.16369047619047628,-0.2087489257707595,-0.12312749021740103,interpolated,6802.064335399687,-164.51601986921466,-209.39823119650472,-107.11012555085543
dwt_only,0.05,O1,Shenzhen,662,0.32001482805006987,9843.28247734139,0.01812688821752266,judge,0.004531722054380665,0.026010926396465014,0.953887306456325,-0.003775014607069749,-0.008424589881028935,-4.450591586327538e-06,0.8928571428571429,-0.0029761904761904656,-0.010124727942407454,0.0,not reached,,,80.89975242890543,84.35995431281432
dwt_only,0.05,O2,Shenzhen,662,0.32001482805006987,9843.28247734139,0.01812688821752266,steering,0.18882175226586104,0.1888665989086347,0.8296359187846918,-0.10961236488460435,-0.13193937341287762,-0.08844218686858464,0.8273809523809523,0.011904761904761862,-0.01812826146663001,0.04532065366657507,interpolated,5832.916771376888,-68.75403615638828,-94.80931537317869,-43.131140929659466
dwt_only,0.1,V0,Shenzhen,662,0.2234169428193627,6937.033232628399,0.0030211480362537764,judge,0.20694864048338368,0.21118975018806688,0.873397787028922,-0.08426453403447276,-0.10636473459785488,-0.06387940269556901,0.6101190476190477,-0.2857142857142857,-0.3351245515440952,-0.23866367981442857,interpolated,3485.9194736992968,-99.00153417103297,-161.12626347146295,-64.85330136930389
dwt_only,0.1,V1,Shenzhen,662,0.30112248407740283,9347.018126888217,0.00906344410876133,judge,0.18126888217522658,0.1917795779301681,0.8849830192813323,-0.0726793017820625,-0.09297458119524071,-0.05437927778536665,0.6398809523809523,-0.25595238095238104,-0.30330858014564077,-0.21076682316118936,interpolated,4188.28388695339,-123.17059633909761,-172.85259983415145,-85.02703763335326
dwt_only,0.1,V2,Shenzhen,662,0.42172884658499515,13046.539274924471,0.0030211480362537764,judge,0.0513595166163142,0.06173293297024292,0.9481403374233128,-0.009521983640081944,-0.015464649614419054,-0.004106705898637387,0.8333333333333334,-0.0625,-0.09065660474716204,-0.035500340367597076,interpolated,13042.46717824107,-0.0312218281077602,-12.044432495530627,18.501182111740388
dwt_only,0.1,V3_k1,Shenzhen,662,0.325423291649546,10099.267371601209,0.0030211480362537764,judge,0.17371601208459214,0.18177922227591548,0.8866582676015191,-0.07100405346187566,-0.0896539235607748,-0.052321599742486076,0.6339285714285714,-0.261904761904762,-0.3125087290502793,-0.21489531878988172,interpolated,4420.616142906769,-128.45836519432453,-172.09931483870074,-92.03258384534988
dwt_only,0.1,V3_k2,Shenzhen,662,0.4671122624900025,14495.125377643504,0.0030211480362537764,judge,0.16163141993957703,0.16398851190809036,0.8941991673970202,-0.06346315366637456,-0.08322469370696482,-0.04496456087431103,0.6607142857142857,-0.23511904761904767,-0.2840363365915852,-0.19076657228514324,interpolated,4814.987818761074,-201.04178708749444,-252.9529994548894,-155.48713566306805
dwt_only,0.1,V4,Shenzhen,662,0.425320325606625,13202.977341389727,0.00906344410876133,judge,0.13444108761329304,0.15523216128349304,0.9072816243061642,-0.05038069675723056,-0.06669509013794579,-0.035047608420494626,0.6934523809523809,-0.20238095238095244,-0.2507656267366603,-0.15950377327759377,interpolated,5751.23974337494,-129.56750075666227,-175.89811418029862,-92.84490950237218
dwt_only,0.1,O1,Shenzhen,662,0.22917812527379097,7048.868580060423,0.0030211480362537764,judge,0.0015105740181268882,0.05126328014535126,0.951390410458662,-0.0062719106047327555,-0.012201319961991188,-0.0013479785329696408,0.8928571428571429,-0.0029761904761904656,-0.010124727942407454,0.0,not reached,,,,
dwt_only,0.1,O2,Shenzhen,662,0.22917812527379097,7048.868580060423,0.0030211480362537764,steering,0.23867069486404835,0.22707231437331601,0.8047034764826178,-0.13454480718667838,-0.15977868523850827,-0.11057279078468722,0.8273809523809523,0.011904761904761862,-0.02395935401923433,0.0484358144552319,interpolated,3755.011572864743,-87.71895753926418,-161.25120546863906,-38.417643743043776
dwt_only,0.02,V0,Montgomery,138,0.3814051258218871,10276.579710144928,0.057971014492753624,judge,0.13768115942028986,0.1327971479167109,0.8588362068965517,-0.06734913793103448,-0.1081433818049717,-0.033287698412698415,0.6724137931034483,-0.22413793103448276,-0.3274242424242424,-0.11665697674418608,interpolated,3826.328791417133,-168.5754484349699,-310.67982487073994,-66.97647910723148
dwt_only,0.02,V1,Montgomery,138,0.5393803896003304,14533.065217391304,0.13043478260869565,judge,0.10869565217391304,0.11016442464745563,0.8745689655172413,-0.051616379310344906,-0.08576689643769386,-0.02398331029034177,0.7241379310344828,-0.1724137931034483,-0.2708421610169492,-0.07572930800542747,interpolated,4463.829470692858,-225.5739340583622,-370.7540070536547,-25.34040023831156
dwt_only,0.02,V2,Montgomery,138,0.49023820742538465,13208.978260869566,0.06521739130434782,judge,0.028985507246376812,0.05374383580857429,0.914978448275862,-0.011206896551724133,-0.02676653124553426,0.0022265534262484498,0.8620689655172413,-0.034482758620689724,-0.08932629870129871,0.0,interpolated,13937.55456103617,5.2274328109424,-78.36535240463519,50.628080483508484
dwt_only,0.02,V3_k1,Montgomery,138,0.5014119461943614,13510.04347826087,0.057971014492753624,judge,0.10869565217391304,0.11518809069757877,0.871875,-0.05431034482758623,-0.09185797039261966,-0.02445695830080848,0.7241379310344828,-0.1724137931034483,-0.26987489911218715,-0.08333333333333337,interpolated,4463.829470692858,-202.6559049121537,-335.326092908064,-21.957438111845743
dwt_only,0.02,V3_k2,Montgomery,138,0.6483761811938449,17469.847826086956,0.057971014492753624,judge,0.057971014492753624,0.09279711004616557,0.8840517241379311,-0.042133620689655094,-0.07462929019619252,-0.016363042186571596,0.8103448275862069,-0.0862068965517242,-0.1636499321573948,-0.01851851851851849,interpolated,7062.633850400544,-147.3559892262599,-288.8751511816042,1.1382611676425354
dwt_only,0.02,V4,Montgomery,138,0.6559479779854728,17673.86231884058,0.13043478260869565,judge,0.06521739130434782,0.09110101409580397,0.8797413793103448,-0.04644396551724139,-0.08250532856820887,-0.01971723092097332,0.7758620689655172,-0.12068965517241381,-0.21276595744680848,-0.040795918367346896,interpolated,6380.510523215359,-176.99762040254598,-322.8336124953412,-0.3716013769809943
dwt_only,0.02,O1,Montgomery,138,0.48682909695686594,13117.123188405798,0.09420289855072464,judge,0.0,0.01434843436531399,0.9228448275862069,-0.0033405172413792927,-0.009049630924630852,0.0011822502153975964,0.896551724137931,0.0,0.0,0.0,not reached,,,37.109612086382114,55.20594245042593
dwt_only,0.02,O2,Montgomery,138,0.48682909695686594,13117.123188405798,0.09420289855072464,steering,0.17391304347826086,0.1284722551919412,0.8748922413793103,-0.07489224137931039,-0.11730201923379192,-0.03933964646464648,0.8275862068965517,0.12068965517241381,0.0461538461538461,0.20381944444444436,interpolated,5090.857577454064,-157.6603841069478,-211.69177882862766,-52.37014361664875
dwt_only,0.05,V0,Montgomery,138,0.2561716840510861,6902.289855072464,0.007246376811594203,judge,0.16666666666666666,0.1617929106173308,0.8229525862068966,-0.10323275862068959,-0.15435637771863445,-0.06236988245611507,0.6551724137931034,-0.24137931034482762,-0.3508771929824561,-0.13327868852459018,interpolated,3183.807919157781,-116.79353875400689,-236.44301635979383,-48.62373441892405
dwt_only,0.05,V1,Montgomery,138,0.3796626497469792,10229.630434782608,0.050724637681159424,judge,0.15217391304347827,0.14425623589667722,0.8257543103448276,-0.10043103448275859,-0.14798012119461784,-0.059882982704647786,0.6724137931034483,-0.22413793103448276,-0.3272876304023845,-0.12119905956112854,interpolated,3542.5797101449293,-188.76218100295355,-356.9375969902925,-99.90710663415497
dwt_only,0.05,V2,Montgomery,138,0.3850334241281972,10374.340579710144,0.007246376811594203,judge,0.043478260869565216,0.06198526810908663,0.900323275862069,-0.025862068965517238,-0.04516811420453687,-0.01115241422239399,0.8275862068965517,-0.06896551724137934,-0.13793103448275856,-0.015625,interpolated,16809.166666666675,38.28164842768248,-87.4699184126059,45.75256801275777
dwt_only,0.05,V3_k1,Montgomery,138,0.35413197313160516,9541.731884057972,0.007246376811594203,judge,0.13768115942028986,0.134751558303833,0.8543103448275862,-0.07187500000000002,-0.11676230043229159,-0.03918788150991162,0.6896551724137931,-0.2068965517241379,-0.3191702127659575,-0.10526315789473684,interpolated,3826.328791417133,-149.37041232476162,-273.86386900010643,-53.597216565069495
dwt_only,0.05,V3_k2,Montgomery,138,0.49247042712313677,13269.123188405798,0.007246376811594203,judge,0.08695652173913043,0.11440471635348555,0.8743534482758621,-0.051831896551724044,-0.08728731126596982,-0.024304331873219225,0.7758620689655172,-0.12068965517241381,-0.2142857142857142,-0.0434782608695653,interpolated,5010.736640373315,-164.81382161440453,-260.0365823689782,12.000725589399167
dwt_only,0.05,V4,Montgomery,138,0.48341433870356976,13025.115942028986,0.050724637681159424,judge,0.10869565217391304,0.12164085844288701,0.8554956896551724,-0.07068965517241377,-0.11591240552668873,-0.036153275213122386,0.7241379310344828,-0.1724137931034483,-0.2712249614791987,-0.08064516129032262,interpolated,4463.829470692858,-191.79241786777482,-311.26235466181066,-24.40311292306865
dwt_only,0.05,O1,Montgomery,138,0.2962776795242521,7982.905797101449,0.028985507246376812,judge,0.0,0.025660559750985412,0.9221982758620689,-0.00398706896551726,-0.013088724385165276,0.002564655172413782,0.896551724137931,0.0,0.0,0.0,not reached,,,60.28654135205506,74.84863504678212
dwt_only,0.05,O2,Montgomery,138,0.2962776795242521,7982.905797101449,0.028985507246376812,steering,0.2463768115942029,0.18484121085940927,0.8633620689655173,-0.08642241379310345,-0.14065822862944555,-0.0387540839473817,0.8793103448275862,0.1724137931034483,0.08058981657179005,0.265625,interpolated,4058.5544283534928,-96.69332857364239,-150.52381446073116,-59.72951650078957
dwt_only,0.1,V0,Montgomery,138,0.1923705420152156,5183.231884057971,0.007246376811594203,judge,0.1956521739130435,0.1902125711026399,0.7976293103448276,-0.12855603448275854,-0.18413535105512258,-0.07503989266866357,0.6206896551724138,-0.27586206896551724,-0.3899061743341404,-0.16659836065573774,interpolated,2571.587547444613,-101.55766772197,-197.05208831689578,-32.891152971894755
dwt_only,0.1,V1,Montgomery,138,0.2700983144858687,7277.528985507246,0.021739130434782608,judge,0.15217391304347827,0.16108232650203982,0.8105603448275862,-0.11562499999999998,-0.17282974465705594,-0.06470315010514228,0.6724137931034483,-0.22413793103448276,-0.3272876304023845,-0.12119905956112854,interpolated,3542.5797101449293,-105.43021134193526,-222.93366422757765,-43.894265112232034
dwt_only,0.1,V2,Montgomery,138,0.3397817588385142,9155.079710144928,0.007246376811594203,judge,0.050724637681159424,0.06720359429069188,0.9064655172413792,-0.01971982758620694,-0.04333977551694836,0.0010593033509699414,0.8448275862068966,-0.051724137931034475,-0.11864406779661019,0.0,interpolated,7817.681159420292,-17.107356049089738,-69.17952747420033,48.470457575350835
dwt_only,0.1,V3_k1,Montgomery,138,0.2691812218148645,7252.81884057971,0.007246376811594203,judge,0.17391304347826086,0.16447878229445306,0.822198275862069,-0.10398706896551724,-0.15471142069757718,-0.061380277057102264,0.6206896551724138,-0.27586206896551724,-0.4,-0.16326530612244894,interpolated,3018.286578249099,-140.29589810478015,-249.78889745572104,-66.2868253457562
dwt_only,0.1,V3_k2,Montgomery,138,0.38208931460635476,10295.014492753624,0.007246376811594203,judge,0.11594202898550725,0.13869032998015915,0.8556034482758621,-0.07058189655172409,-0.11305057306081889,-0.03535597021827598,0.7413793103448276,-0.15517241379310343,-0.2542372881355932,-0.06893629456458217,interpolated,4295.129551688114,-139.6904300292264,-220.04046332069177,-22.215812701935317
dwt_only,0.1,V4,Montgomery,138,0.3586036739646803,9662.217391304348,0.021739130434782608,judge,0.13768115942028986,0.13895326075346573,0.8316810344827587,-0.09450431034482754,-0.1472233245149912,-0.05527446537250619,0.6896551724137931,-0.2068965517241379,-0.31670454545454546,-0.10447761194029859,interpolated,3826.328791417133,-152.5192663259295,-276.24463036639946,-76.50098120991059
dwt_only,0.1,O1,Montgomery,138,0.19927805174016314,5369.347826086957,0.007246376811594203,judge,0.0,0.05160884926284569,0.9175646551724138,-0.008620689655172376,-0.029418991955756667,0.007126036010323153,0.896551724137931,0.0,0.0,0.0,not reached,,,73.4702389044559,82.88329094311575
dwt_only,0.1,O2,Montgomery,138,0.19927805174016314,5369.347826086957,0.007246376811594203,steering,0.2826086956521739,0.24236428867215695,0.8267241379310345,-0.12306034482758621,-0.18290098526774687,-0.0691962110343857,0.8793103448275862,0.1724137931034483,0.08058981657179005,0.265625,interpolated,3623.7780344682933,-48.16988720101854,-110.7286690655844,-16.750365948055652
graded_d2_4_bp8,0.02,V0,Overall,800,0.989995599647015,29990.72,0.1425,judge,0.0525,0.06435054570436477,0.9516141131754645,-0.0011221274786825663,-0.008500387636089306,0.005962717901097419,0.8959390862944162,0.0,-0.02079593328923088,0.021448520990229526,interpolated,28284.27905910395,-6.033178138746992,-16.91987074206127,8.975180384040446
graded_d2_4_bp8,0.02,V1,Overall,800,1.1302865047430728,34205.9125,0.26125,judge,0.03875,0.05185800582170486,0.951370308319372,-0.0013659323347751107,-0.007041743882372117,0.00437069991074004,0.8934010152284264,-0.0025380710659898,-0.022227763923524445,0.019241400491400412,interpolated,33130.0849758249,-3.2472827188947146,-21.527960480073347,16.283791419832834
graded_d2_4_bp8,0.02,V2,Overall,800,0.989995599647015,29990.72,0.1425,judge,0.0525,0.06435054570436477,0.9516141131754645,-0.0011221274786825663,-0.008500387636089306,0.005962717901097419,0.8959390862944162,0.0,-0.02079593328923088,0.021448520990229526,interpolated,28284.27905910395,-6.033178138746992,-16.91987074206127,8.975180384040446
graded_d2_4_bp8,0.02,V3_k1,Overall,800,1.0912435231387099,33087.2725,0.1425,judge,0.045,0.053687961101531984,0.9519641919431873,-0.0007720487109598162,-0.006491011740984529,0.0052697952498115645,0.8807106598984772,-0.015228426395939021,-0.03714439655172414,0.0074846196691014414,interpolated,30755.773389681835,-7.580687634733165,-21.908538880179368,9.449084705874379
graded_d2_4_bp8,0.02,V3_k2,Overall,800,1.18523690813479,35961.7525,0.1425,judge,0.04375,0.04430429339408874,0.9510702408041809,-0.0016659998499661821,-0.007306621105350847,0.004031650398013971,0.8705583756345178,-0.025380710659898442,-0.04762203876525479,-0.002687991870621809,interpolated,31216.616699288235,-15.200672918599665,-31.738137902077437,0.05050484977860461
graded_d2_4_bp8,0.02,V4,Overall,800,1.2135934687874672,36762.79375,0.26125,judge,0.03,0.04311370849609375,0.9527800005001126,4.3759845965496424e-05,-0.005229673622488776,0.004946141050740703,0.8908629441624365,-0.005076142131979711,-0.022397978462119734,0.012532115464540802,interpolated,37482.420217412226,1.9199039529414659,-16.783318901924844,24.001426662005855
graded_d2_4_bp8,0.02,O1,Overall,800,1.1009482481693984,33412.8525,0.14125,judge,0.01125,0.01631128937005997,0.9519985746793028,-0.0007376659748442593,-0.003487442355806555,0.0018424015009380452,0.9035532994923858,0.0076142131979696215,0.0,0.017073170731707332,not reached,,,39.28248085322979,42.568633649101066
graded_d2_4_bp8,0.02,O2,Overall,800,1.1009482481693984,33412.8525,0.14125,steering,0.035,0.0368888384103775,0.9332693606061364,-0.008026806031357081,-0.013686119645629153,-0.0021981192251420917,0.8147208121827412,0.015228426395939132,-0.0024585496877689043,0.03448702628883584,interpolated,28551.619999999988,-17.02611795758004,-35.26031503505125,11.405623158338258
graded_d2_4_bp8,0.05,V0,Overall,800,0.8719706769448413,26404.6625,0.045,judge,0.06125,0.07678306609392166,0.9465879822960165,-0.006148258358130598,-0.014504186430282753,0.0017475347579502544,0.8984771573604061,0.002538071065989911,-0.01928708978576584,0.02519050708597309,interpolated,26481.685498348903,0.29085383690440186,-10.695006808537878,13.594140425982905
graded_d2_4_bp8,0.05,V1,Overall,800,0.9703945005279857,29355.66875,0.12125,judge,0.05,0.06536945134401322,0.9499512390287814,-0.0027850016253656573,-0.009789729748594295,0.00325517365097086,0.8984771573604061,0.002538071065989911,-0.01842226774059164,0.02314074217137073,interpolated,28979.43636113362,-1.2982736592177941,-12.870902528904798,14.819078239831613
graded_d2_4_bp8,0.05,V2,Overall,800,0.8719706769448413,26404.6625,0.045,judge,0.06125,0.07678306609392166,0.9465879822960165,-0.006148258358130598,-0.014504186430282753,0.0017475347579502544,0.8984771573604061,0.002538071065989911,-0.01928708978576584,0.02519050708597309,interpolated,26481.685498348903,0.29085383690440186,-10.695006808537878,13.594140425982905
graded_d2_4_bp8,0.05,V3_k1,Overall,800,0.9708923906150099,29417.52,0.045,judge,0.055,0.06539875030517578,0.9482258508164336,-0.004510389837713458,-0.011871461438660294,0.002991572937927032,0.8705583756345178,-0.025380710659898442,-0.0493514510181177,0.0,interpolated,27757.08341875961,-5.982028285141036,-18.43514809778285,8.884680581844798
graded_d2_4_bp8,0.05,V3_k2,Overall,800,1.0621224209779256,32196.52,0.045,judge,0.05125,0.055764092206954954,0.9469130554374735,-0.0058231852166735765,-0.012794591588757676,0.0012015919479980805,0.8604060913705583,-0.035532994923857864,-0.06236521678540939,-0.01011972314023815,interpolated,28551.619999999988,-12.766000668263356,-28.503243640404573,1.8547567354815457
graded_d2_4_bp8,0.05,V4,Overall,800,1.076266199368177,32577.93625,0.12125,judge,0.0475,0.055690884590148926,0.9515734790327824,-0.0011627616213646386,-0.00741687988368063,0.004929480755631962,0.8807106598984772,-0.015228426395939021,-0.03713774761555393,0.0073202505598257,interpolated,29854.396287376698,-9.122743385619533,-22.48353461268761,7.954010795740633
graded_d2_4_bp8,0.05,O1,Overall,800,0.9361280669165322,28335.575,0.0475,judge,0.00875,0.02346650630235672,0.952248630941962,-0.00048760971218508864,-0.004510630732843179,0.00342799881203787,0.9035532994923858,0.0076142131979696215,0.0,0.017073170731707332,not reached,,,,
graded_d2_4_bp8,0.05,O2,Overall,800,0.9361280669165322,28335.575,0.0475,steering,0.04375,0.045373538061976436,0.9280119276837289,-0.013284238953764627,-0.020677382123319134,-0.006344824808636466,0.8147208121827412,0.015228426395939132,-0.004987842892768102,0.037039328932893335,interpolated,24914.503750000007,-13.731243794089188,-19.56946609565041,3.869106298256202
graded_d2_4_bp8,0.1,V0,Overall,800,0.8096744212657958,24494.11125,0.02125,judge,0.07625,0.08629202634096146,0.9428402640594131,-0.009895976594733957,-0.01840004821048007,-0.0011998004426144405,0.8908629441624365,-0.005076142131979711,-0.031009760212073797,0.02165484725685787,interpolated,24914.503750000007,1.6873404512422017,-9.467501002227701,6.007628762189283
graded_d2_4_bp8,0.1,V1,Overall,800,0.8673152480706118,26232.385,0.0525,judge,0.0725,0.0795949199795723,0.9450907704233452,-0.007645470230801865,-0.015531618688928625,-2.4225966729949523e-05,0.8883248730964467,-0.0076142131979695105,-0.03368094340892269,0.017074214324050346,interpolated,24331.834325128282,-7.8109634048796535,-16.612171216530097,2.5842036673356374
graded_d2_4_bp8,0.1,V2,Overall,800,0.8096744212657958,24494.11125,0.02125,judge,0.07625,0.08629202634096146,0.9428402640594131,-0.009895976594733957,-0.01840004821048007,-0.0011998004426144405,0.8908629441624365,-0.005076142131979711,-0.031009760212073797,0.02165484725685787,interpolated,24914.503750000007,1.6873404512422017,-9.467501002227701,6.007628762189283
graded_d2_4_bp8,0.1,V3_k1,Overall,800,0.885256761503358,26802.09125,0.02125,judge,0.065,0.07419451713562011,0.9465754794828837,-0.006160761171263407,-0.014296249802858102,0.0017443575771328966,0.8730964467005076,-0.022842639593908642,-0.04813071744618472,0.002519210534706578,interpolated,25744.751206657536,-4.10701208512374,-17.000342871735725,8.536272774088928
graded_d2_4_bp8,0.1,V3_k2,Overall,800,0.9682503891498271,29318.94125,0.02125,judge,0.0625,0.06507885098457336,0.945794053662074,-0.006942186992073052,-0.013740664357603303,0.0004670396167458428,0.8578680203045685,-0.03807106598984766,-0.06521881030763987,-0.010358079869213872,interpolated,26233.726233072786,-11.760491016475164,-27.156185659516847,-1.608126988542326
graded_d2_4_bp8,0.1,V4,Overall,800,0.9596278330887443,29041.485,0.0525,judge,0.06125,0.06703384399414063,0.9508326873546546,-0.0019035532994924331,-0.00886413417559009,0.005303110799982596,0.8807106598984772,-0.015228426395939021,-0.0385653932763397,0.008279616724738613,interpolated,26481.685498348903,-9.666301270025647,-22.661927841450076,6.068760484155488
graded_d2_4_bp8,0.1,O1,Overall,800,0.8443137304611942,25524.45375,0.01,judge,0.0075,0.036978628933429715,0.9502294266209897,-0.002506814033157334,-0.008591129128472508,0.003120474006827596,0.9035532994923858,0.0076142131979696215,0.0,0.017073170731707332,not reached,,,,
graded_d2_4_bp8,0.1,O2,Overall,800,0.8443137304611942,25524.45375,0.01,steering,0.05625,0.05581626504659653,0.9252581830911958,-0.016037983546297707,-0.024661139551005604,-0.008362220537014485,0.8147208121827412,0.015228426395939132,-0.007853403141361293,0.0382589373888999,interpolated,23766.569551167242,-7.396457427514708,-12.384343511471046,-1.4657027744237805
graded_d2_4_bp8,0.02,V0,Shenzhen,662,1.0166707041431877,31400.762839879153,0.14652567975830816,judge,0.045317220543806644,0.060237436136090144,0.9542342243645925,-0.0034280966988022854,-0.011657914235668362,0.004508930458582756,0.8988095238095238,0.0029761904761904656,-0.020237129432444382,0.026410848673285477,interpolated,32764.297773734066,4.161648582464077,-20.79166624337707,23.28858102891293
graded_d2_4_bp8,0.02,V1,Shenzhen,662,1.1554221481993918,35665.196374622356,0.2583081570996979,judge,0.03474320241691843,0.0492227311580923,0.9562837788489629,-0.0013785422144318993,-0.007140233065483328,0.0050016388126831015,0.8928571428571429,-0.0029761904761904656,-0.02346041055718473,0.017596601690529567,interpolated,36975.414917573864,3.5434857076580935,-17.181413571184244,28.08712044803397
graded_d2_4_bp8,0.02,V2,Shenzhen,662,1.0166707041431877,31400.762839879153,0.14652567975830816,judge,0.045317220543806644,0.060237436136090144,0.9542342243645925,-0.0034280966988022854,-0.011657914235668362,0.004508930458582756,0.8988095238095238,0.0029761904761904656,-0.020237129432444382,0.026410848673285477,interpolated,32764.297773734066,4.161648582464077,-20.79166624337707,23.28858102891293
graded_d2_4_bp8,0.02,V3_k1,Shenzhen,662,1.125997671233495,34791.82024169184,0.14652567975830816,judge,0.03927492447129909,0.05023312856783679,0.9552932369266727,-0.0023690841367220994,-0.008662927454967969,0.004408343388913226,0.8809523809523809,-0.014880952380952439,-0.03693975481896321,0.008797653958944274,interpolated,35108.14077068848,0.9009891211918832,-21.58869989464563,21.575273802345375
graded_d2_4_bp8,0.02,V3_k2,Shenzhen,662,1.223957376641708,37844.44561933535,0.14652567975830816,judge,0.04078549848942598,0.04166951064256743,0.9543666009348526,-0.003295720128542179,-0.009304589358749681,0.0024274769171130912,0.8690476190476191,-0.0267857142857143,-0.05231578947368429,-0.002932336951861567,interpolated,34506.91144767794,-9.672074467510754,-34.60662514580743,8.753943302059612
graded_d2_4_bp8,0.02,V4,Shenzhen,662,1.2467201716802137,38502.481873111785,0.2583081570996979,judge,0.02416918429003021,0.040079876735491335,0.9572880148992113,-0.00037430616418343554,-0.005403945145356676,0.005145107074926707,0.8898809523809523,-0.005952380952381042,-0.02571798029556648,0.01227278770726893,interpolated,48332.561713424766,20.338420915071413,-7.407688789622881,34.88596454170254
graded_d2_4_bp8,0.02,O1,Shenzhen,662,1.119857056043564,34703.8247734139,0.13141993957703926,judge,0.012084592145015106,0.01585358759427719,0.9565667908267602,-0.0010955302366345565,-0.00432892222770499,0.0017661559413027327,0.9047619047619048,0.008928571428571397,0.0,0.019956140350877186,not reached,,,40.198002099491404,43.074029960960054
graded_d2_4_bp8,0.02,O2,Shenzhen,662,1.119857056043564,34703.8247734139,0.13141993957703926,steering,0.03474320241691843,0.039690540636414126,0.9300595238095237,-0.00918875985977241,-0.016347719544479382,-0.0027921570012433487,0.8244047619047619,0.008928571428571397,-0.01117794565769425,0.02786377708978327,interpolated,29204.952552928382,-18.828560705653828,-30.451494815614943,4.70927391348876
graded_d2_4_bp8,0.05,V0,Shenzhen,662,0.8930250397199252,27578.62688821752,0.04833836858006042,judge,0.055891238670694864,0.07268319425265955,0.9508061276657902,-0.006856193397604571,-0.01505107577586016,0.001361593101383012,0.9047619047619048,0.008928571428571397,-0.012501965408805096,0.03380390032502704,interpolated,28753.62373487128,4.086430487816278,-14.637299224170638,21.172523516841142
graded_d2_4_bp8,0.05,V1,Shenzhen,662,0.9882375786783935,30505.453172205438,0.11933534743202417,judge,0.045317220543806644,0.06243815919063603,0.954005988898627,-0.003656332164767795,-0.010939561167307248,0.003666809374927665,0.9017857142857143,0.005952380952380931,-0.016714259037363333,0.029334215129180156,interpolated,32764.297773734066,6.8942255900856235,-16.817204611824724,26.927057421561063
graded_d2_4_bp8,0.05,V2,Shenzhen,662,0.8930250397199252,27578.62688821752,0.04833836858006042,judge,0.055891238670694864,0.07268319425265955,0.9508061276657902,-0.006856193397604571,-0.01505107577586016,0.001361593101383012,0.9047619047619048,0.008928571428571397,-0.012501965408805096,0.03380390032502704,interpolated,28753.62373487128,4.086430487816278,-14.637299224170638,21.172523516841142
graded_d2_4_bp8,0.05,V3_k1,Shenzhen,662,0.9987999423546847,30848.578549848942,0.04833836858006042,judge,0.04833836858006042,0.06320853031654013,0.9527369997078586,-0.004925321355536139,-0.012307914088954252,0.00281112069395135,0.8720238095238095,-0.023809523809523836,-0.04778381948465546,0.0029327669484215946,interpolated,31651.72479182422,2.537448582210392,-22.10872783819592,17.406330655871777
graded_d2_4_bp8,0.05,V3_k2,Shenzhen,662,1.0904777553995497,33706.537764350454,0.04833836858006042,judge,0.04984894259818731,0.053992653901483355,0.9519655638328952,-0.005696757230499561,-0.013535191017390152,0.0018239225278975954,0.8601190476190477,-0.0357142857142857,-0.06451861042183617,-0.008719669982524549,interpolated,31109.686829945298,-8.347403008587992,-40.05574553934759,6.283573044267157
graded_d2_4_bp8,0.05,V4,Shenzhen,662,1.1010169565421204,33990.9003021148,0.11933534743202417,judge,0.03927492447129909,0.05379441641608754,0.956078366929594,-0.0015839541338007468,-0.007768191977359345,0.005014816711787462,0.8839285714285714,-0.011904761904761973,-0.034888820889432945,0.012158981392245534,interpolated,35108.14077068848,3.1822832085327977,-18.049821260388395,24.144422001404156
graded_d2_4_bp8,0.05,O1,Shenzhen,662,0.9440164644942917,29196.957703927492,0.04833836858006042,judge,0.010574018126888218,0.023593820113790003,0.9574249561787905,-0.00023736488460424088,-0.004375387905961675,0.0035918666482444264,0.9047619047619048,0.008928571428571397,0.0,0.019956140350877186,not reached,,,,
graded_d2_4_bp8,0.05,O2,Shenzhen,662,0.9440164644942917,29196.957703927492,0.04833836858006042,steering,0.045317220543806644,0.049033486140818754,0.9238971662284546,-0.0153511174408415,-0.02471236959293339,-0.0072191911230307096,0.8244047619047619,0.008928571428571397,-0.0144155602694229,0.032352941176470584,interpolated,26972.372000374275,-8.247645789262984,-18.483872588800136,3.3400616506197096
graded_d2_4_bp8,0.1,V0,Shenzhen,662,0.8265341478795274,25506.68429003021,0.022658610271903322,judge,0.07099697885196375,0.08214570352318064,0.9488067849839322,-0.008855536079462545,-0.016835940708828916,-0.00048789235593902844,0.8988095238095238,0.0029761904761904656,-0.022230046948356837,0.030038947787566554,interpolated,23411.901706342327,-8.947511440817314,-11.092456494817219,13.144838001554312
graded_d2_4_bp8,0.1,V1,Shenzhen,662,0.884455419409197,27291.12084592145,0.0513595166163142,judge,0.0649546827794562,0.07543886068004135,0.9491080557990067,-0.008554265264388072,-0.015977092281470765,-0.00015557280204973322,0.8958333333333334,0.0,-0.02514497600125895,0.027402512816203036,interpolated,24462.768882175227,-11.56186357059155,-17.90124752520009,12.157114821334737
graded_d2_4_bp8,0.1,V2,Shenzhen,662,0.8265341478795274,25506.68429003021,0.022658610271903322,judge,0.07099697885196375,0.08214570352318064,0.9488067849839322,-0.008855536079462545,-0.016835940708828916,-0.00048789235593902844,0.8988095238095238,0.0029761904761904656,-0.022230046948356837,0.030038947787566554,interpolated,23411.901706342327,-8.947511440817314,-11.092456494817219,13.144838001554312
graded_d2_4_bp8,0.1,V3_k1,Shenzhen,662,0.909938502053559,28082.01510574018,0.022658610271903322,judge,0.05740181268882175,0.07022659368025212,0.9518240578439965,-0.0058382632193982875,-0.013603515600611132,0.0023800294333349726,0.875,-0.02083333333333337,-0.04573170731707321,0.0058492470113335904,interpolated,27989.47525944304,-0.3306237270951394,-19.130139446739108,14.456346647656021
graded_d2_4_bp8,0.1,V3_k2,Shenzhen,662,0.9984648022463484,30806.445619335347,0.022658610271903322,judge,0.05891238670694864,0.06223587183073568,0.9510571866783524,-0.006605134385042399,-0.015006444297280902,0.0012096451204443798,0.8601190476190477,-0.0357142857142857,-0.06627510040160636,-0.005864673903723136,interpolated,27245.6345858377,-13.069290136294203,-33.540970815483625,3.4666106537903514
graded_d2_4_bp8,0.1,V4,Shenzhen,662,0.9842437480150452,30368.735649546827,0.0513595166163142,judge,0.0513595166163142,0.06229747458166946,0.9530108822670172,-0.004651438796377527,-0.012358934145326244,0.002842065987924355,0.8839285714285714,-0.011904761904761973,-0.03343912032898269,0.01216466234967622,interpolated,30576.931305407477,0.6808912698961118,-24.03758153732244,15.57135541476945
graded_d2_4_bp8,0.1,O1,Shenzhen,662,0.851503146889259,26296.69486404834,0.012084592145015106,judge,0.00906344410876133,0.037018036554227064,0.9564891907683319,-0.0011731302950628297,-0.006547219543945351,0.004275740757975279,0.9047619047619048,0.008928571428571397,0.0,0.019956140350877186,not reached,,,,
graded_d2_4_bp8,0.1,O2,Shenzhen,662,0.851503146889259,26296.69486404834,0.012084592145015106,steering,0.06042296072507553,0.061070583017931244,0.921464176161262,-0.017784107508034164,-0.027182427709229483,-0.009333809875630417,0.8244047619047619,0.008928571428571397,-0.018465838509316837,0.03614730826629782,interpolated,24645.935698720845,-6.69789609738035,-12.142748645244126,1.3616996721522072
graded_d2_4_bp8,0.02,V0,Montgomery,138,0.862032417208854,23226.601449275364,0.12318840579710146,judge,0.08695652173913043,0.08408154957536337,0.9357758620689656,0.009590517241379382,-0.02018082059943323,0.03725923605309573,0.8793103448275862,-0.017241379310344862,-0.07939708141321038,0.03703703703703709,interpolated,20790.9347826087,-11.71504163778178,-24.047795354823513,1.0973014868686375
graded_d2_4_bp8,0.02,V1,Montgomery,138,1.0097082730902958,27205.579710144928,0.2753623188405797,judge,0.057971014492753624,0.06449968572975932,0.9246767241379311,-0.0015086206896550713,-0.027666214714754726,0.021779716444350578,0.896551724137931,0.0,-0.05086937463471652,0.042333546734955055,interpolated,22469.51976262678,-21.07770881421136,-35.03417462529197,6.974710915618722
graded_d2_4_bp8,0.02,V2,Montgomery,138,0.862032417208854,23226.601449275364,0.12318840579710146,judge,0.08695652173913043,0.08408154957536337,0.9357758620689656,0.009590517241379382,-0.02018082059943323,0.03725923605309573,0.8793103448275862,-0.017241379310344862,-0.07939708141321038,0.03703703703703709,interpolated,20790.9347826087,-11.71504163778178,-24.047795354823513,1.0973014868686375
graded_d2_4_bp8,0.02,V3_k1,Montgomery,138,0.9245243489448862,24910.384057971016,0.12318840579710146,judge,0.07246376811594203,0.07026114325592484,0.9331896551724138,0.0070043103448276245,-0.021339167310921957,0.03348676161669627,0.8793103448275862,-0.017241379310344862,-0.07698412698412704,0.03703703703703709,interpolated,21613.93809515775,-15.251482392057833,-29.47144913585966,4.660244301288013
graded_d2_4_bp8,0.02,V3_k2,Montgomery,138,0.9994908925436332,26930.282608695652,0.12318840579710146,judge,0.057971014492753624,0.05694361354993737,0.9359913793103448,0.00980603448275863,-0.010076845385481755,0.0321100725496874,0.8793103448275862,-0.017241379310344862,-0.07999999999999996,0.036363636363636376,interpolated,22469.51976262678,-19.85250638729001,-34.326632763567574,8.662848938555987
graded_d2_4_bp8,0.02,V4,Montgomery,138,1.0546813143309581,28417.333333333332,0.2753623188405797,judge,0.057971014492753624,0.05766730723173722,0.9280172413793103,0.0018318965517241104,-0.02563809061230111,0.02667943867071773,0.896551724137931,0.0,-0.05086937463471652,0.042333546734955055,interpolated,22469.51976262678,-26.470586080791374,-40.78030041995488,2.2420458756749944
graded_d2_4_bp8,0.02,O1,Montgomery,138,1.0102407785121692,27219.927536231884,0.18840579710144928,judge,0.007246376811594203,0.01850693122200344,0.9290948275862069,0.002909482758620685,-0.007005311339733725,0.015321864594894532,0.896551724137931,0.0,0.0,0.0,interpolated,41823.15217391303,34.91660450880561,6.9663857495105495,38.68053877848869
graded_d2_4_bp8,0.02,O2,Montgomery,138,1.0102407785121692,27219.927536231884,0.18840579710144928,steering,0.036231884057971016,0.0234487886014192,0.9489224137931034,-0.0008620689655173264,-0.009146988132057434,0.007544559645852796,0.7586206896551724,0.051724137931034475,0.0,0.11669117647058824,interpolated,19778.46376811594,-37.624073615424194,-47.23959356758399,37.21692477507549
graded_d2_4_bp8,0.05,V0,Montgomery,138,0.7709707627629179,20773.036231884056,0.028985507246376812,judge,0.08695652173913043,0.0964505672454834,0.9213362068965517,-0.004849137931034475,-0.03658803577548875,0.02331264356870225,0.8620689655172413,-0.034482758620689724,-0.10344827586206895,0.02083333333333337,interpolated,20790.9347826087,0.08608824428430843,-7.641716680350926,11.732618987713856
graded_d2_4_bp8,0.05,V1,Montgomery,138,0.8847994444731317,23840.036231884056,0.13043478260869565,judge,0.07246376811594203,0.07943115718122842,0.9301724137931034,0.00398706896551726,-0.02425432420657369,0.02972412680951792,0.8793103448275862,-0.017241379310344862,-0.07408789386401327,0.0351033834586466,interpolated,21613.93809515775,-10.29936389623058,-22.119425003683094,5.98376401461953
graded_d2_4_bp8,0.05,V2,Montgomery,138,0.7709707627629179,20773.036231884056,0.028985507246376812,judge,0.08695652173913043,0.0964505672454834,0.9213362068965517,-0.004849137931034475,-0.03658803577548875,0.02331264356870225,0.8620689655172413,-0.034482758620689724,-0.10344827586206895,0.02083333333333337,interpolated,20790.9347826087,0.08608824428430843,-7.641716680350926,11.732618987713856
graded_d2_4_bp8,0.05,V3_k1,Montgomery,138,0.8370170337188888,22552.58695652174,0.028985507246376812,judge,0.08695652173913043,0.07590545778689177,0.9230603448275863,-0.0031249999999999334,-0.03121697154471545,0.020352356188543426,0.8620689655172413,-0.034482758620689724,-0.103466235632184,0.02085597826086958,interpolated,20790.9347826087,-8.47317444998498,-18.9833967714073,4.263425403537174
graded_d2_4_bp8,0.05,V3_k2,Montgomery,138,0.9260990051292645,24952.8115942029,0.028985507246376812,judge,0.057971014492753624,0.06426186146943466,0.9200431034482759,-0.006142241379310298,-0.03264087500267664,0.016540455186485403,0.8620689655172413,-0.034482758620689724,-0.10531015037593984,0.03281467074187275,interpolated,22469.51976262678,-11.051824239281439,-21.872242415003377,19.96284661794929
graded_d2_4_bp8,0.05,V4,Montgomery,138,0.9575343062583911,25799.804347826088,0.13043478260869565,judge,0.08695652173913043,0.0647884348164434,0.9293103448275861,0.0031249999999999334,-0.02446851571647091,0.02751411403122227,0.8620689655172413,-0.034482758620689724,-0.103466235632184,0.02085597826086958,interpolated,20790.9347826087,-24.091603468484887,-37.780296760549845,-12.017472396769815
graded_d2_4_bp8,0.05,O1,Montgomery,138,0.8982866234638026,24203.434782608696,0.043478260869565216,judge,0.0,0.022855769033017365,0.9254310344827585,-0.0007543103448276467,-0.010655551286794403,0.010507746179965955,0.896551724137931,0.0,0.0,0.0,not reached,,,18.230604483608342,45.30364813205448
graded_d2_4_bp8,0.05,O2,Montgomery,138,0.8982866234638026,24203.434782608696,0.043478260869565216,steering,0.036231884057971016,0.027816395828689354,0.9497844827586207,0.0,-0.008495652664859982,0.008730661434119808,0.7586206896551724,0.051724137931034475,0.0,0.11669117647058824,interpolated,19778.46376811594,-22.37267295565226,-29.82903737582675,43.938305524596984
graded_d2_4_bp8,0.1,V0,Montgomery,138,0.7287966022926778,19636.695652173912,0.014492753623188406,judge,0.10144927536231885,0.10618235753930133,0.9092672413793104,-0.016918103448275823,-0.048687042542464205,0.011594256934641844,0.8448275862068966,-0.051724137931034475,-0.12733164983164977,0.018518518518518493,interpolated,19896.378479402232,1.3051763540644208,-4.234127456950592,9.054488462442528
graded_d2_4_bp8,0.1,V1,Montgomery,138,0.7850921073014562,21153.521739130436,0.057971014492753624,judge,0.10869565217391304,0.09953195806862651,0.919396551724138,-0.006788793103448154,-0.03963095426118196,0.021221674241205444,0.8448275862068966,-0.051724137931034475,-0.12733164983164977,0.018518518518518493,interpolated,19463.63906991731,-8.682254449657268,-13.969938613983489,1.0062894614677245
graded_d2_4_bp8,0.1,V2,Montgomery,138,0.7287966022926778,19636.695652173912,0.014492753623188406,judge,0.10144927536231885,0.10618235753930133,0.9092672413793104,-0.016918103448275823,-0.048687042542464205,0.011594256934641844,0.8448275862068966,-0.051724137931034475,-0.12733164983164977,0.018518518518518493,interpolated,19896.378479402232,1.3051763540644208,-4.234127456950592,9.054488462442528
graded_d2_4_bp8,0.1,V3_k1,Montgomery,138,0.7668559481393508,20662.166666666668,0.014492753623188406,judge,0.10144927536231885,0.09322904849397963,0.9185344827586207,-0.0076508620689654805,-0.034263199087127494,0.015245347981497067,0.8620689655172413,-0.034482758620689724,-0.103466235632184,0.02085597826086958,interpolated,19896.378479402232,-3.8488822880868474,-9.800221865472478,4.966081844908657
graded_d2_4_bp8,0.1,V3_k2,Montgomery,138,0.8233087842955008,22183.231884057972,0.014492753623188406,judge,0.07971014492753623,0.07871691040370775,0.9137931034482758,-0.012392241379310387,-0.0370332052128529,0.007552365055217497,0.8448275862068966,-0.051724137931034475,-0.1272727272727272,0.018527253668763174,interpolated,21198.44280440822,-4.645572737281274,-13.675532563668297,6.904409379911322
graded_d2_4_bp8,0.1,V4,Montgomery,138,0.841542791920548,22674.528985507248,0.057971014492753624,judge,0.10869565217391304,0.08975468856700952,0.9392241379310345,0.013038793103448354,-0.016389034903280125,0.04122951348561102,0.8620689655172413,-0.034482758620689724,-0.103466235632184,0.02085597826086958,interpolated,19463.63906991731,-16.496863223037455,-22.822226514039393,-4.010466644247053
graded_d2_4_bp8,0.1,O1,Montgomery,138,0.8098253704946814,21819.934782608696,0.0,judge,0.0,0.036789586578590286,0.9228448275862069,-0.0033405172413792927,-0.01810421711003411,0.01192814193766942,0.896551724137931,0.0,0.0,0.0,not reached,,,26.592317238196273,49.94456349361085
graded_d2_4_bp8,0.1,O2,Montgomery,138,0.8098253704946814,21819.934782608696,0.0,steering,0.036231884057971016,0.030610768691353176,0.9447198275862069,-0.0050646551724138344,-0.01546822390572401,0.004842053134204214,0.7586206896551724,0.051724137931034475,0.0,0.11669117647058824,interpolated,19778.46376811594,-10.32168644858924,-16.937323928979207,49.25250534439502
lossless_dilated_bp8,0.02,V0,Overall,800,1.6468535378368523,49832.8025,0.04625,judge,0.0375,0.053001426607370374,0.9531800905203672,0.0004438498662201473,-0.00483283560203073,0.005925111722025564,0.868020304568528,-0.027918781725888242,-0.04798803249890209,-0.010125942974044184,interpolated,50883.47601963113,2.064861919468275,-4.668799105795277,8.692951684516315
lossless_dilated_bp8,0.02,V1,Overall,800,1.696336198446919,51325.89375,0.0675,judge,0.0275,0.04590301886200905,0.9522986421944939,-0.0004375984596531879,-0.005255226627871576,0.00447565222443557,0.8756345177664975,-0.02030456852791873,-0.03788549665593259,-0.00481927710843377,interpolated,54043.12285253183,5.027890616066663,-0.7611134092094569,18.700847681918923
lossless_dilated_bp8,0.02,V2,Overall,800,1.6468535378368523,49832.8025,0.04625,judge,0.0375,0.053001426607370374,0.9531800905203672,0.0004438498662201473,-0.00483283560203073,0.005925111722025564,0.868020304568528,-0.027918781725888242,-0.04798803249890209,-0.010125942974044184,interpolated,50883.47601963113,2.064861919468275,-4.668799105795277,8.692951684516315
lossless_dilated_bp8,0.02,V3_k1,Overall,800,1.8260156903723261,55257.535,0.04625,judge,0.03,0.03433252342045307,0.9521548598434648,-0.0005813808106822638,-0.0047637121082982955,0.0036504603207687934,0.8730964467005076,-0.022842639593908642,-0.04199475065616798,-0.005476874355575176,interpolated,53235.27726570326,-3.798717388477993,-8.929218271176618,7.219304740088671
lossless_dilated_bp8,0.02,V3_k2,Overall,800,2.0687594169345225,62646.23875,0.04625,judge,0.01,0.016460713893175126,0.9533019929484134,0.000565752294266364,-0.0016702829811812397,0.002862600969815296,0.8908629441624365,-0.005076142131979711,-0.012988708419517821,0.0,interpolated,73342.21969947945,14.583661352637476,6.268662063388459,17.126396124739845
lossless_dilated_bp8,0.02,V4,Overall,800,1.8669340814399507,56494.99625,0.0675,judge,0.02375,0.030562152937054634,0.9517578955264934,-0.0009783451276537125,-0.005354378568002518,0.0032283532506821528,0.8781725888324873,-0.017766497461928932,-0.03485842622642399,-0.0024806293485136223,interpolated,56206.612385096945,-0.5130781818466533,-7.295481017671885,12.854371743966107
lossless_dilated_bp8,0.02,O1,Overall,800,1.813064465768191,54868.78375,0.12,judge,0.0075,0.011705014258623123,0.9521236028106326,-0.0006126378435145075,-0.002601645828363722,0.0010194614217655215,0.8959390862944162,0.0,-0.007676130914322271,0.005811071795148745,not reached,,,25.789983900286988,28.20497746998941
lossless_dilated_bp8,0.02,O2,Overall,800,1.813064465768191,54868.78375,0.12,steering,0.02125,0.019085224196314813,0.936695131404566,-0.004601035232927542,-0.007887241858343674,-0.0011696469198685337,0.7842639593908629,-0.015228426395939132,-0.030930295499840072,0.0,interpolated,51564.186249185186,-6.408706781185818,-14.428597593491174,4.104754261928333
lossless_dilated_bp8,0.05,V0,Overall,800,1.5431567705318663,46663.31625,0.005,judge,0.05875,0.06654847636818886,0.9485321697381912,-0.004204070915955871,-0.011773117557125082,0.002971309882533387,0.8426395939086294,-0.053299492385786795,-0.07928591726545683,-0.030844384249732057,interpolated,45659.37152261685,-2.198770359521618,-5.11478581239219,2.3566305020615688
lossless_dilated_bp8,0.05,V1,Overall,800,1.57910158481233,47752.325,0.02,judge,0.04375,0.059592785984277724,0.9515766047360655,-0.0011596359180815474,-0.007010600915964093,0.004626731080605027,0.8578680203045685,-0.03807106598984766,-0.06037341923168699,-0.018087855297157618,interpolated,49003.20452130285,2.552648410491324,-2.708166865138925,9.597613908431612
lossless_dilated_bp8,0.05,V2,Overall,800,1.5431567705318663,46663.31625,0.005,judge,0.05875,0.06654847636818886,0.9485321697381912,-0.004204070915955871,-0.011773117557125082,0.002971309882533387,0.8426395939086294,-0.053299492385786795,-0.07928591726545683,-0.030844384249732057,interpolated,45659.37152261685,-2.198770359521618,-5.11478581239219,2.3566305020615688
lossless_dilated_bp8,0.05,V3_k1,Overall,800,1.7237493098001648,52133.94125,0.005,judge,0.035,0.04522822745144367,0.9492604586031858,-0.003475782050961329,-0.009082648636337884,0.001944303746425671,0.8705583756345178,-0.025380710659898442,-0.045228978646380494,-0.008040235754712976,interpolated,51655.63301131536,-0.925955623426139,-5.2709037647395816,5.260885313491578
lossless_dilated_bp8,0.05,V3_k2,Overall,800,1.9733614584645642,59712.56125,0.005,judge,0.01875,0.021737017184495926,0.9533332499812459,0.0005970093270988297,-0.0023634083336260157,0.0034545413720403887,0.8807106598984772,-0.015228426395939021,-0.029104723190089016,-0.005050505050504972,interpolated,61917.2476985374,3.5606984006646685,-4.497916634258081,14.355108136370252
lossless_dilated_bp8,0.05,V4,Overall,800,1.7550908970252306,53085.11375,0.02,judge,0.025,0.04052628882229328,0.9514890850441349,-0.0012471556100122072,-0.006280242214739898,0.003535336270209962,0.8807106598984772,-0.015228426395939021,-0.03176691729323308,0.0,interpolated,54863.22749999995,3.2409937056655203,-1.6073689003627305,18.156256311577575
lossless_dilated_bp8,0.05,O1,Overall,800,1.6606780622085475,50209.78875,0.03375,judge,0.0075,0.019027860313653947,0.9525424470505864,-0.00019379360356064357,-0.003829908655867459,0.0034836299329115,0.8959390862944162,0.0,-0.007676130914322271,0.005811071795148745,not reached,,,32.02693446511101,34.26914687298746
lossless_dilated_bp8,0.05,O2,Overall,800,1.6606780622085475,50209.78875,0.03375,steering,0.025,0.02609499603509903,0.9366419944487511,-0.0046541721887424226,-0.009762173550615904,0.00030112348635089503,0.7842639593908629,-0.015228426395939132,-0.03299492385786795,0.0,interpolated,50211.75199640215,0.003909934077363943,-7.099662517034275,6.9089178829923465
lossless_dilated_bp8,0.1,V0,Overall,800,1.486688598817721,44949.1075,0.0025,judge,0.06875,0.07506082072854042,0.9477476182140981,-0.00498862244004894,-0.01252478868933286,0.00247627800096589,0.8274111675126904,-0.06852791878172582,-0.09646520051410551,-0.043165467625899345,interpolated,43968.20880001515,-2.2309271329345384,-3.469987095244113,-0.22453622124275344
lossless_dilated_bp8,0.1,V1,Overall,800,1.5068157784049623,45550.60125,0.0075,judge,0.06,0.07036943450570106,0.9485227926283413,-0.0042134480258058105,-0.011472911354913351,0.0028920605170385323,0.8324873096446701,-0.0634517766497461,-0.09139784946236551,-0.03966847130050073,interpolated,45444.46917121703,-0.23354234457685905,-2.8541162144372145,4.417754297603442
lossless_dilated_bp8,0.1,V2,Overall,800,1.486688598817721,44949.1075,0.0025,judge,0.06875,0.07506082072854042,0.9477476182140981,-0.00498862244004894,-0.01252478868933286,0.00247627800096589,0.8274111675126904,-0.06852791878172582,-0.09646520051410551,-0.043165467625899345,interpolated,43968.20880001515,-2.2309271329345384,-3.469987095244113,-0.22453622124275344
lossless_dilated_bp8,0.1,V3_k1,Overall,800,1.6556349133998909,50075.32875,0.0025,judge,0.04,0.05226616270840168,0.9488384886599486,-0.003897751994198506,-0.009599130883285118,0.0015645506863765654,0.8654822335025381,-0.030456852791878153,-0.05111179617733054,-0.012722646310432517,interpolated,50122.86135905484,0.09483219386527236,-3.9212895758117594,4.415096060270379
lossless_dilated_bp8,0.1,V3_k2,Overall,800,1.9177636155657816,58035.3075,0.0025,judge,0.02,0.024036421328783034,0.9531019479382862,0.00036570728413909404,-0.002937573439335983,0.003462898099267547,0.8807106598984772,-0.015228426395939021,-0.029104723190089016,-0.005050505050504972,interpolated,60437.37386954506,3.974471780871802,-3.622068376723271,14.883794017236074
lossless_dilated_bp8,0.1,V4,Overall,800,1.6756489965678776,50669.32625,0.0075,judge,0.03375,0.04917907603085041,0.9490604135930585,-0.003675827061088599,-0.00926849389983041,0.0017752228512319921,0.8705583756345178,-0.025380710659898442,-0.04523184102329828,-0.007810486469072166,interpolated,52046.09451388088,2.645286407635629,-1.8433884310021669,9.369614865405234
lossless_dilated_bp8,0.1,O1,Overall,800,1.5576998551036048,47073.1325,0.00875,judge,0.0075,0.030623066574335098,0.9512484058913254,-0.0014878347628216604,-0.005565297074623413,0.0025847721256500363,0.8959390862944162,0.0,-0.007676130914322271,0.005811071795148745,not reached,,,36.512714670480676,38.20982137371703
lossless_dilated_bp8,0.1,O2,Overall,800,1.5576998551036048,47073.1325,0.00875,steering,0.0325,0.03494962878525257,0.9354698557175364,-0.005826310919957112,-0.011149863059190745,-1.8466962088517786e-05,0.7842639593908629,-0.015228426395939132,-0.035721705579738805,0.005115089514066473,interpolated,47612.3687557102,1.1325549847706984,-5.308443275436043,6.6263226864642455
lossless_dilated_bp8,0.02,V0,Shenzhen,662,1.6715770439159094,51637.13595166163,0.045317220543806644,judge,0.03474320241691843,0.05057723158435879,0.9572286736780602,-0.00043364738533457903,-0.006291436710795753,0.005921968399064891,0.8690476190476191,-0.0267857142857143,-0.04815949349807157,-0.005969705046197538,interpolated,53594.93084349771,3.6529478833605094,-3.439447280789328,13.611459145577479
lossless_dilated_bp8,0.02,V1,Shenzhen,662,1.7237150379685915,53235.09063444109,0.06797583081570997,judge,0.0256797583081571,0.04347733086329573,0.9564389789658195,-0.0012233420975752418,-0.006960664447892476,0.004123959720327085,0.8779761904761905,-0.017857142857142905,-0.03725465099956239,0.0,interpolated,56771.58761329307,6.229343105465506,-0.8657572557671485,22.017963198927486
lossless_dilated_bp8,0.02,V2,Shenzhen,662,1.6715770439159094,51637.13595166163,0.045317220543806644,judge,0.03474320241691843,0.05057723158435879,0.9572286736780602,-0.00043364738533457903,-0.006291436710795753,0.005921968399064891,0.8690476190476191,-0.0267857142857143,-0.04815949349807157,-0.005969705046197538,interpolated,53594.93084349771,3.6529478833605094,-3.439447280789328,13.611459145577479
lossless_dilated_bp8,0.02,V3_k1,Shenzhen,662,1.8587256398138496,57401.58610271903,0.045317220543806644,judge,0.030211480362537766,0.033072012158679095,0.9560966257668712,-0.001565695296523617,-0.0063341185245572775,0.002948837991288874,0.8720238095238095,-0.023809523809523836,-0.04532389116981258,-0.005847953216374324,interpolated,55160.39622781927,-4.063041653369151,-10.608218571855181,7.32313587139416
lossless_dilated_bp8,0.02,V3_k2,Shenzhen,662,2.1128137078260907,65272.77039274925,0.045317220543806644,judge,0.00906344410876133,0.013990171546302173,0.9571602030382705,-0.0005021180251242319,-0.0030042634385042235,0.0017172178297213808,0.8898809523809523,-0.005952380952381042,-0.014970059880239476,0.0,interpolated,78708.18126888212,17.06990386454866,7.604575518182681,17.852669441411038
lossless_dilated_bp8,0.02,V4,Shenzhen,662,1.9009666637805807,58702.81722054381,0.06797583081570997,judge,0.02416918429003021,0.029029124543025774,0.9556173312883436,-0.002044989775051187,-0.006765106772857463,0.002360489990138833,0.8779761904761905,-0.017857142857142905,-0.03799619024210406,-0.0026859504132232303,interpolated,58483.05146127878,-0.3757768340978819,-9.34582479706868,14.114778156775223
lossless_dilated_bp8,0.02,O1,Shenzhen,662,1.8343632475573437,56697.077039274925,0.09667673716012085,judge,0.0075528700906344415,0.010943164458087564,0.9566854732690622,-0.0009768477943326026,-0.0032986951574108607,0.0010232864543932045,0.8958333333333334,0.0,-0.00890207715133529,0.008929237739872144,not reached,,,26.591941361971198,29.29713477122937
lossless_dilated_bp8,0.02,O2,Shenzhen,662,1.8343632475573437,56697.077039274925,0.09667673716012085,steering,0.022658610271903322,0.019730595663595054,0.9339030090563833,-0.005345274612912787,-0.00974662673243217,-0.0016026392441035018,0.8005952380952381,-0.014880952380952328,-0.03429335130278534,0.0029587993608765264,interpolated,52576.04821381009,-7.83822475341988,-16.539071060380405,3.494054097363991
lossless_dilated_bp8,0.05,V0,Shenzhen,662,1.565438556469392,48323.58761329305,0.004531722054380665,judge,0.0513595166163142,0.061784709868474307,0.9540014241893077,-0.003660896874087105,-0.011519672641132392,0.0038021303978750887,0.8452380952380952,-0.05059523809523814,-0.0778097982708934,-0.02484279753091162,interpolated,48300.33733951713,-0.048136876586363286,-4.415788041576001,5.426547759359766
lossless_dilated_bp8,0.05,V1,Shenzhen,662,1.6001742834274337,49405.140483383686,0.01661631419939577,judge,0.03625377643504532,0.055429827590723416,0.9557177548933684,-0.0019445661700263628,-0.008156290334741894,0.004805196809895892,0.8630952380952381,-0.03273809523809523,-0.05438478439989013,-0.011763843367258886,interpolated,53083.04501480254,6.928586199968838,-0.3773789849098604,16.340481075034212
lossless_dilated_bp8,0.05,V2,Shenzhen,662,1.565438556469392,48323.58761329305,0.004531722054380665,judge,0.0513595166163142,0.061784709868474307,0.9540014241893077,-0.003660896874087105,-0.011519672641132392,0.0038021303978750887,0.8452380952380952,-0.05059523809523814,-0.0778097982708934,-0.02484279753091162,interpolated,48300.33733951713,-0.048136876586363286,-4.415788041576001,5.426547759359766
lossless_dilated_bp8,0.05,V3_k1,Shenzhen,662,1.7523885908271044,54091.57250755287,0.004531722054380665,judge,0.03474320241691843,0.04399084405596523,0.9545902716914988,-0.0030720493718959796,-0.009890094877669838,0.0026292567016663214,0.8690476190476191,-0.0267857142857143,-0.0485729483282675,-0.006328118780351808,interpolated,53594.93084349771,-0.9266579063333478,-6.299570553582529,6.382576204155495
lossless_dilated_bp8,0.05,V3_k2,Shenzhen,662,2.009473991793619,62049.38217522659,0.004531722054380665,judge,0.01812688821752266,0.01949915334897459,0.9577034034472686,4.1082383873791706e-05,-0.003006277578002814,0.0028617463096413135,0.8809523809523809,-0.014880952380952439,-0.0291587938065885,-0.0029757502113271247,interpolated,65860.64288255971,5.786856217193665,-4.178197514120519,20.74741556001814
lossless_dilated_bp8,0.05,V4,Shenzhen,662,1.7826513794055934,55035.92145015106,0.01661631419939577,judge,0.022658610271903322,0.039035632981274423,0.9558501314636285,-0.0018121895997662563,-0.007733058137927973,0.0032606539885651274,0.8809523809523809,-0.014880952380952439,-0.03448275862068961,0.0,interpolated,60246.10992949812,8.64817410691609,-1.4453009939250057,22.198185136989274
lossless_dilated_bp8,0.05,O1,Shenzhen,662,1.6759302255701025,51759.86404833837,0.03172205438066465,judge,0.0075528700906344415,0.01858098431296219,0.9569547911189016,-0.0007075299444931904,-0.004695613024718412,0.0030811411559790247,0.8958333333333334,0.0,-0.00890207715133529,0.008929237739872144,not reached,,,32.971850576538614,35.41498617527906
lossless_dilated_bp8,0.05,O2,Shenzhen,662,1.6759302255701025,51759.86404833837,0.03172205438066465,steering,0.02416918429003021,0.02694710909059761,0.9336610794624599,-0.005587204206836227,-0.01138524238219224,-0.00025987117861828765,0.7976190476190477,-0.017857142857142794,-0.038017285861713074,0.0,interpolated,51907.57698998836,0.2845691327076939,-7.427516399157502,10.253710384213859
lossless_dilated_bp8,0.1,V0,Shenzhen,662,1.5058256155564314,46484.46978851964,0.0030211480362537764,judge,0.061933534743202415,0.07010553268507529,0.9536362474437629,-0.00402607361963192,-0.012240092631144306,0.0036394645388981134,0.8303571428571429,-0.06547619047619047,-0.09337349397590355,-0.03823249094359149,interpolated,45654.90330990139,-1.8170369850248576,-3.8429607992734933,1.4688594927834548
lossless_dilated_bp8,0.1,V1,Shenzhen,662,1.524683424560252,47064.0996978852,0.006042296072507553,judge,0.054380664652567974,0.06652195882221003,0.9530884823254455,-0.004573838737949254,-0.012450320093213238,0.0029686819317470935,0.8363095238095238,-0.059523809523809534,-0.08761329305135945,-0.03283337775408661,interpolated,47529.23351371328,0.9786267975347913,-3.2257207348171004,7.142832922494337
lossless_dilated_bp8,0.1,V2,Shenzhen,662,1.5058256155564314,46484.46978851964,0.0030211480362537764,judge,0.061933534743202415,0.07010553268507529,0.9536362474437629,-0.00402607361963192,-0.012240092631144306,0.0036394645388981134,0.8303571428571429,-0.06547619047619047,-0.09337349397590355,-0.03823249094359149,interpolated,45654.90330990139,-1.8170369850248576,-3.8429607992734933,1.4688594927834548
lossless_dilated_bp8,0.1,V3_k1,Shenzhen,662,1.681512292100822,51911.986404833835,0.0030211480362537764,judge,0.03927492447129909,0.05112084746360779,0.9539146947122407,-0.0037476263511541097,-0.010420234840326356,0.002081229663018689,0.8630952380952381,-0.03273809523809523,-0.055384615384615365,-0.011727647821046164,interpolated,52073.893745358,0.3109184446930244,-4.792246012794768,5.336665817470152
lossless_dilated_bp8,0.1,V3_k2,Shenzhen,662,1.9539277327487972,60336.157099697884,0.0030211480362537764,judge,0.019637462235649546,0.02172481599531145,0.9577307917031843,6.847063978954182e-05,-0.003281678004100422,0.0031152559419980615,0.8809523809523809,-0.014880952380952439,-0.0291587938065885,-0.0029757502113271247,interpolated,63933.279202276455,5.626368844929338,-3.130489414057505,19.297201748065763
lossless_dilated_bp8,0.1,V4,Shenzhen,662,1.698614203680136,52438.92900302115,0.006042296072507553,judge,0.03172205438066465,0.04816556922258567,0.9534856120362256,-0.0041767090271691565,-0.010752697242038508,0.001445521770740416,0.8690476190476191,-0.0267857142857143,-0.0485714285714286,-0.006153374233128856,interpolated,54633.55862042162,4.016999208578257,-1.4575397678517457,13.469238629559987
lossless_dilated_bp8,0.1,O1,Shenzhen,662,1.5695462198832233,48455.97734138973,0.00906344410876133,judge,0.0075528700906344415,0.030260613497650517,0.956475496640374,-0.0011868244230207603,-0.005513809823251481,0.0030673597457419317,0.8958333333333334,0.0,-0.00890207715133529,0.008929237739872144,not reached,,,37.52895427818672,39.34582365396433
lossless_dilated_bp8,0.1,O2,Shenzhen,662,1.5695462198832233,48455.97734138973,0.00906344410876133,steering,0.030211480362537766,0.036598258328221715,0.9323373137598597,-0.006910969909436404,-0.013116279133467273,-0.0005793175650290676,0.7976190476190477,-0.017857142857142794,-0.04000308641975312,0.002949852507374673,interpolated,49317.61021996521,1.747109956732387,-2.744611868863824,10.000596738797164
lossless_dilated_bp8,0.02,V0,Montgomery,138,1.5282523709938383,41177.23188405797,0.050724637681159424,judge,0.050724637681159424,0.06463053606558537,0.93125,0.0050646551724138344,-0.009608446439728427,0.02253049500856525,0.8620689655172413,-0.034482758620689724,-0.08771929824561397,0.0,interpolated,40005.61594202896,-2.928628679850255,-8.030002923975648,8.423968304314807
lossless_dilated_bp8,0.02,V1,Montgomery,138,1.5649971276980275,42167.282608695656,0.06521739130434782,judge,0.036231884057971016,0.05753929027612659,0.9295258620689655,0.0033405172413792927,-0.010713448931563915,0.02058600603971334,0.8620689655172413,-0.034482758620689724,-0.08771929824561397,0.0,interpolated,42762.15516563742,1.3911192142621243,-8.478545962802407,9.200525353475424
lossless_dilated_bp8,0.02,V2,Montgomery,138,1.5282523709938383,41177.23188405797,0.050724637681159424,judge,0.050724637681159424,0.06463053606558537,0.93125,0.0050646551724138344,-0.009608446439728427,0.02253049500856525,0.8620689655172413,-0.034482758620689724,-0.08771929824561397,0.0,interpolated,40005.61594202896,-2.928628679850255,-8.030002923975648,8.423968304314807
lossless_dilated_bp8,0.02,V3_k1,Montgomery,138,1.6691027445006712,44972.30434782609,0.050724637681159424,judge,0.028985507246376812,0.04037932382113692,0.932219827586207,0.0060344827586208405,-0.002963167326919433,0.018514329698132753,0.8793103448275862,-0.017241379310344862,-0.057156593406593424,0.0,interpolated,44210.85327225608,-1.7223170764900133,-10.370155405035147,3.8510240138828564
lossless_dilated_bp8,0.02,V3_k2,Montgomery,138,1.8574265142517816,50046.5,0.050724637681159424,judge,0.014492753623188406,0.02831215616585552,0.9294181034482759,0.003232758620689724,-0.0035785230959531843,0.01262206759613499,0.896551724137931,0.0,0.0,0.0,interpolated,51494.14608915121,2.811282833285395,-10.826535153371253,14.686562194269394
lossless_dilated_bp8,0.02,V4,Montgomery,138,1.7036763313711316,45903.85507246377,0.06521739130434782,judge,0.021739130434782608,0.03791624566783076,0.9317887931034484,0.005603448275862233,-0.0034848357637073195,0.017679321396993825,0.8793103448275862,-0.017241379310344862,-0.057156593406593424,0.0,interpolated,45708.630434782644,-0.4271067319762977,-3.2235121095333694,2.649091996460047
lossless_dilated_bp8,0.02,O1,Montgomery,138,1.7108920487796484,46098.27536231884,0.2318840579710145,judge,0.007246376811594203,0.015359685040902401,0.9285560344827586,0.0023706896551723977,-0.0014251069936310227,0.007559136917219333,0.896551724137931,0.0,0.0,0.0,interpolated,58011.9565217391,20.536596029054436,-1.6435808226083175,23.284602039900584
lossless_dilated_bp8,0.02,O2,Montgomery,138,1.7108920487796484,46098.27536231884,0.2318840579710145,steering,0.014492753623188406,0.01598931179530379,0.948706896551724,-0.0010775862068966857,-0.0074802442528735386,0.004833163316260271,0.6896551724137931,-0.01724137931034475,-0.058845478489903326,0.0,interpolated,41113.175862340184,-12.12530872504312,-26.155847053732277,22.452930040696153
lossless_dilated_bp8,0.05,V0,Montgomery,138,1.4362687829185168,38698.82608695652,0.007246376811594203,judge,0.09420289855072464,0.08940074754797894,0.9171336206896552,-0.009051724137930983,-0.032628358936498555,0.010728274336293663,0.8275862068965517,-0.06896551724137934,-0.1333333333333333,-0.01665983606557372,interpolated,37397.574108547466,-3.479509057545112,-6.08814576695158,0.1266687914126056
lossless_dilated_bp8,0.05,V1,Montgomery,138,1.478013711745671,39823.60144927536,0.036231884057971016,judge,0.07971014492753623,0.07956291972727016,0.924676724137931,-0.0015086206896551824,-0.025633404905581237,0.020012981628746294,0.8275862068965517,-0.06896551724137934,-0.1333333333333333,-0.01665983606557372,interpolated,38247.46079186275,-4.120902733882759,-7.771004562633045,2.3135166874806314
lossless_dilated_bp8,0.05,V2,Montgomery,138,1.4362687829185168,38698.82608695652,0.007246376811594203,judge,0.09420289855072464,0.08940074754797894,0.9171336206896552,-0.009051724137930983,-0.032628358936498555,0.010728274336293663,0.8275862068965517,-0.06896551724137934,-0.1333333333333333,-0.01665983606557372,interpolated,37397.574108547466,-3.479509057545112,-6.08814576695158,0.1266687914126056
lossless_dilated_bp8,0.05,V3_k1,Montgomery,138,1.5863637732796307,42742.985507246376,0.007246376811594203,judge,0.036231884057971016,0.05116408113120259,0.9257543103448276,-0.0004310344827586077,-0.010732361263234838,0.010046160927008843,0.8793103448275862,-0.017241379310344862,-0.057156593406593424,0.0,interpolated,42762.15516563742,0.044828560012451106,-7.486453325655405,7.625170167331565
lossless_dilated_bp8,0.05,V3_k2,Montgomery,138,1.8001259724947503,48502.59420289855,0.007246376811594203,judge,0.021739130434782608,0.03247227703315624,0.9289870689655173,0.0028017241379311164,-0.00440942159692157,0.013034988385598205,0.8793103448275862,-0.017241379310344862,-0.057156593406593424,0.0,interpolated,45708.630434782644,-6.1125519219009465,-8.234486032917808,-4.229917666481342
lossless_dilated_bp8,0.05,V4,Montgomery,138,1.6228804670556645,43726.891304347824,0.036231884057971016,judge,0.036231884057971016,0.04767711611761563,0.9300646551724138,0.00387931034482758,-0.00693093536448286,0.0173053474234821,0.8793103448275862,-0.017241379310344862,-0.057156593406593424,0.0,interpolated,42762.15516563742,-2.256051256007883,-10.267697743424119,5.67413473470353
lossless_dilated_bp8,0.05,O1,Montgomery,138,1.5875118872422458,42773.92028985507,0.043478260869565216,judge,0.007246376811594203,0.02117156982421875,0.9301724137931036,0.003987068965517371,-0.004884239496475912,0.017095943120942706,0.896551724137931,0.0,0.0,0.0,interpolated,58011.9565217391,26.267061387894756,5.977701859338155,28.56602188758923
lossless_dilated_bp8,0.05,O2,Montgomery,138,1.5875118872422458,42773.92028985507,0.043478260869565216,steering,0.028985507246376812,0.02200732326162035,0.9495689655172413,-0.00021551724137935935,-0.008303698079522689,0.008324434100036438,0.7068965517241379,0.0,-0.051724137931034475,0.047658079625292754,interpolated,37962.04059172031,-12.675503274142367,-17.92555550681989,25.92799682192972
lossless_dilated_bp8,0.1,V0,Montgomery,138,1.3948863880856481,37583.81884057971,0.0,judge,0.10144927536231885,0.09883184018342392,0.915625,-0.010560344827586166,-0.03283525178715831,0.008680060529959158,0.8103448275862069,-0.0862068965517242,-0.16666666666666663,-0.018867924528301883,interpolated,36979.7391304348,-1.633542378474347,-2.6416843328012454,-0.7835822009983561
lossless_dilated_bp8,0.1,V1,Montgomery,138,1.4211028671382835,38290.19565217391,0.014492753623188406,judge,0.08695652173913043,0.08882616568302763,0.924030172413793,-0.0021551724137931494,-0.023862636438116876,0.019164052197797852,0.8103448275862069,-0.0862068965517242,-0.16666666666666663,-0.018867924528301883,interpolated,37820.130214311175,-1.2428974601596259,-3.7314343395098293,4.056132292530901
lossless_dilated_bp8,0.1,V2,Montgomery,138,1.3948863880856481,37583.81884057971,0.0,judge,0.10144927536231885,0.09883184018342392,0.915625,-0.010560344827586166,-0.03283525178715831,0.008680060529959158,0.8103448275862069,-0.0862068965517242,-0.16666666666666663,-0.018867924528301883,interpolated,36979.7391304348,-1.633542378474347,-2.6416843328012454,-0.7835822009983561
lossless_dilated_bp8,0.1,V3_k1,Montgomery,138,1.5314985025302077,41264.69565217391,0.0,judge,0.043478260869565216,0.05776035612907963,0.9272629310344829,0.0010775862068966857,-0.009367001656127718,0.01121807605433338,0.8793103448275862,-0.017241379310344862,-0.057156593406593424,0.0,interpolated,41360.927895901266,0.23266461518840956,-4.535223314570956,10.028661951934122
lossless_dilated_bp8,0.1,V3_k2,Montgomery,138,1.7442806766153742,46997.89855072464,0.0,judge,0.021739130434782608,0.03512542662413224,0.9264008620689654,0.00021551724137924833,-0.007997104269147636,0.010942804764376026,0.8793103448275862,-0.017241379310344862,-0.057156593406593424,0.0,interpolated,45708.630434782644,-2.8206229407409857,-4.385772634529151,-1.4670758453430923
lossless_dilated_bp8,0.1,V4,Montgomery,138,1.5654825682467555,42180.362318840576,0.014492753623188406,judge,0.043478260869565216,0.05404097100962763,0.9294181034482759,0.003232758620689724,-0.008155819529239135,0.016737116570843265,0.8793103448275862,-0.017241379310344862,-0.057156593406593424,0.0,interpolated,41360.927895901266,-1.9811799798149918,-7.3935407195920915,8.229439684563621
lossless_dilated_bp8,0.1,O1,Montgomery,138,1.5008716414506522,40439.485507246376,0.007246376811594203,judge,0.007246376811594203,0.03236179075379302,0.9264008620689654,0.00021551724137924833,-0.010897817460317422,0.014054235479314892,0.896551724137931,0.0,0.0,0.0,interpolated,58011.9565217391,30.291119396925886,11.578727637933307,32.16438220659175
lossless_dilated_bp8,0.1,O2,Montgomery,138,1.5008716414506522,40439.485507246376,0.007246376811594203,steering,0.043478260869565216,0.027040985615357116,0.9493534482758621,-0.0004310344827586077,-0.009149164408310756,0.00849778557317632,0.7068965517241379,0.0,-0.06779661016949146,0.06780624036979972,interpolated,40005.61594202896,-1.0845216477759578,-9.800984755050628,22.328707208684285
