family,tolerance,variant,scope,eval_flip_rate,controller_mean_bpp,controller_mean_bytes,status,fixed_equiv_bytes,byte_saving_pct,byte_saving_ci_lower,byte_saving_ci_upper
dwt_only,0.02,V0,Overall,0.14125,0.44119274432807126,13407.56125,interpolated,5166.745882221718,-159.49720686155956,-206.7485480332886,-123.20012816802429
dwt_only,0.02,V1,Overall,0.1075,0.6173839607875787,18714.31,interpolated,6387.8253729514845,-192.9684032885997,-240.74240084650862,-137.31373486537373
dwt_only,0.02,V2,Overall,0.02625,0.5968612399260332,18108.24125,interpolated,26181.00965567176,30.834442643135063,-9.754892912171536,48.65913623562967
dwt_only,0.02,V3_k1,Overall,0.11875,0.5897655034969048,17945.1475,interpolated,5951.700346331788,-201.5129535387334,-248.1799609408156,-152.53247734015196
dwt_only,0.02,V3_k2,Overall,0.10875,0.7477614068214393,22750.1775,interpolated,6337.830105692616,-258.9584624486206,-312.19310327979156,-195.98144538832824
dwt_only,0.02,V4,Overall,0.07875,0.7597580010565926,23058.485,interpolated,8511.309478775653,-170.91583330978762,-242.6120752526558,-103.30041659672212
dwt_only,0.02,O1,Overall,0.00375,0.5214785470584898,15788.4775,not reached,,,67.59672975145834,72.0046568962008
dwt_only,0.02,O2,Overall,0.125,0.5214785470584898,15788.4775,interpolated,7760.348445693764,-103.45062609606228,-126.00896385750565,-85.23951327433488
dwt_only,0.05,V0,Overall,0.17375,0.29784320408272746,9055.48375,interpolated,4164.841851192271,-117.42683332399962,-159.18473527553087,-81.97848858400178
dwt_only,0.05,V1,Overall,0.14625,0.42610416138768004,12929.6975,interpolated,5006.88174519521,-158.23852365612228,-201.85032400075147,-121.80966851402691
dwt_only,0.05,V2,Overall,0.0375,0.47083366589580977,14293.35625,interpolated,15780.28829747579,9.42271788351065,-8.42969656852747,43.03004080962822
dwt_only,0.05,V3_k1,Overall,0.1475,0.4223637004074389,12857.00125,interpolated,4967.694639040971,-158.81222949891466,-202.46633764218103,-123.19383700034258
dwt_only,0.05,V3_k2,Overall,0.1325,0.5802044257084695,17664.26375,interpolated,5458.8881484163685,-223.58720804939787,-276.3638107159089,-180.88352407910747
dwt_only,0.05,V4,Overall,0.10875,0.5637343512364303,17135.6675,interpolated,6337.830105692616,-170.37120298647335,-209.9847340367009,-120.68710332709323
dwt_only,0.05,O1,Overall,0.00375,0.3159201699293663,9522.3675,not reached,,,80.11142767982118,83.20481973428545
dwt_only,0.05,O2,Overall,0.19875,0.3159201699293663,9522.3675,interpolated,5469.804016116332,-74.08973835155923,-100.04089646135581,-52.1275104816724
dwt_only,0.1,V0,Overall,0.205,0.21806143868064734,6634.5025,interpolated,3326.976441886121,-99.41537356479701,-148.49298903143068,-67.14787278595524
dwt_only,0.1,V1,Overall,0.17625,0.29577081482286316,8990.03125,interpolated,4090.67156323485,-119.76907974716016,-161.1315515588675,-86.04060026639176
dwt_only,0.1,V2,Overall,0.05125,0.4075929739487272,12375.2625,interpolated,12209.319158089918,-1.3591531170690054,-14.351766029465368,23.06537184549753
dwt_only,0.1,V3_k1,Overall,0.17375,0.3157215346030634,9608.255,interpolated,4164.841851192271,-130.69915601355763,-172.59652489380647,-94.00055368112314
dwt_only,0.1,V3_k2,Overall,0.15375,0.4524458039800733,13770.60625,interpolated,4776.311935849424,-188.310446113085,-233.29141733029797,-149.3387180437133
dwt_only,0.1,V4,Overall,0.135,0.41381170319838956,12592.19625,interpolated,5373.772937180509,-134.32691327309462,-173.07405841276966,-102.62533165777738
dwt_only,0.1,O1,Overall,0.00125,0.2240203625892402,6759.15125,not reached,,,,
dwt_only,0.1,O2,Overall,0.24625,0.2240203625892402,6759.15125,interpolated,3898.035598090605,-73.39891029499242,-117.85287118631364,-39.85958118001751
dwt_only,0.02,V0,Shenzhen,0.1419939577039275,0.4536560243187864,14060.24320241692,interpolated,5474.272275717399,-156.84223389444648,-209.16292128016065,-112.81199422126325
dwt_only,0.02,V1,Shenzhen,0.10725075528700906,0.6336445239655851,19585.92900302115,interpolated,6869.541488120783,-185.11260958086206,-237.6688871092839,-118.62493049363285
dwt_only,0.02,V2,Shenzhen,0.0256797583081571,0.6190877935288875,19129.537764350454,interpolated,27224.46809202961,29.73402565778346,-15.657469797414775,54.18805857203477
dwt_only,0.02,V3_k1,Shenzhen,0.12084592145015106,0.6081836166506073,18869.68580060423,interpolated,6285.569188644988,-200.2064766814231,-248.27097205901651,-140.37824108965611
dwt_only,0.02,V3_k2,Shenzhen,0.11933534743202417,0.7684791728888231,23850.91087613293,interpolated,6347.922658293007,-275.7278114435405,-336.58950045632696,-198.86581746271077
dwt_only,0.02,V4,Shenzhen,0.08157099697885196,0.7813981569233821,24180.959214501512,interpolated,8958.995219255115,-169.90704451466388,-248.48140920390802,-102.73424762116278
dwt_only,0.02,O1,Shenzhen,0.004531722054380665,0.5287015442095837,16345.34592145015,not reached,,,68.81723544028999,73.21692584395501
dwt_only,0.02,O2,Shenzhen,0.1148036253776435,0.5287015442095837,16345.34592145015,interpolated,8558.667437891561,-90.98003328280797,-115.00970369330292,-69.14415700476297
dwt_only,0.05,V0,Shenzhen,0.17522658610271905,0.30653001641560745,9504.336858006041,interpolated,4373.140861191341,-117.33434068750412,-168.02465398230518,-82.01331293262986
dwt_only,0.05,V1,Shenzhen,0.14501510574018128,0.4357853224245633,13492.551359516616,interpolated,5367.256656225058,-151.38636409100485,-204.90917133836757,-111.10467921080559
dwt_only,0.05,V2,Shenzhen,0.03625377643504532,0.4887195168987259,15110.311178247734,interpolated,17375.027970809413,13.034320269103878,-9.374107002375947,47.61994051775248
dwt_only,0.05,V3_k1,Shenzhen,0.14954682779456194,0.4365872326794406,13548.099697885196,interpolated,5210.642971927752,-160.00821339852578,-212.06947594683012,-120.33452679865871
dwt_only,0.05,V3_k2,Shenzhen,0.1419939577039275,0.5984933861386447,18580.471299093657,interpolated,5474.272275717399,-239.41445297692474,-303.17354198660405,-183.04980076960393
dwt_only,0.05,V4,Shenzhen,0.10876132930513595,0.580477797957782,17992.5498489426,interpolated,6802.064335399687,-164.51601986921466,-209.39823119650472,-107.11012555085543
dwt_only,0.05,O1,Shenzhen,0.004531722054380665,0.32001482805006987,9843.28247734139,not reached,,,80.89975242890543,84.35995431281432
dwt_only,0.05,O2,Shenzhen,0.18882175226586104,0.32001482805006987,9843.28247734139,interpolated,5832.916771376888,-68.75403615638828,-94.80931537317869,-43.131140929659466
dwt_only,0.1,V0,Shenzhen,0.20694864048338368,0.2234169428193627,6937.033232628399,interpolated,3485.9194736992968,-99.00153417103297,-161.12626347146295,-64.85330136930389
dwt_only,0.1,V1,Shenzhen,0.18126888217522658,0.30112248407740283,9347.018126888217,interpolated,4188.28388695339,-123.17059633909761,-172.85259983415145,-85.02703763335326
dwt_only,0.1,V2,Shenzhen,0.0513595166163142,0.42172884658499515,13046.539274924471,interpolated,13042.46717824107,-0.0312218281077602,-12.044432495530627,18.501182111740388
dwt_only,0.1,V3_k1,Shenzhen,0.17371601208459214,0.325423291649546,10099.267371601209,interpolated,4420.616142906769,-128.45836519432453,-172.09931483870074,-92.03258384534988
dwt_only,0.1,V3_k2,Shenzhen,0.16163141993957703,0.4671122624900025,14495.125377643504,interpolated,4814.987818761074,-201.04178708749444,-252.9529994548894,-155.48713566306805
dwt_only,0.1,V4,Shenzhen,0.13444108761329304,0.425320325606625,13202.977341389727,interpolated,5751.23974337494,-129.56750075666227,-175.89811418029862,-92.84490950237218
dwt_only,0.1,O1,Shenzhen,0.0015105740181268882,0.22917812527379097,7048.868580060423,not reached,,,,
dwt_only,0.1,O2,Shenzhen,0.23867069486404835,0.22917812527379097,7048.868580060423,interpolated,3755.011572864743,-87.71895753926418,-161.25120546863906,-38.417643743043776
dwt_only,0.02,V0,Montgomery,0.13768115942028986,0.3814051258218871,10276.579710144928,interpolated,3826.328791417133,-168.5754484349699,-310.67982487073994,-66.97647910723148
dwt_only,0.02,V1,Montgomery,0.10869565217391304,0.5393803896003304,14533.065217391304,interpolated,4463.829470692858,-225.5739340583622,-370.7540070536547,-25.34040023831156
dwt_only,0.02,V2,Montgomery,0.028985507246376812,0.49023820742538465,13208.978260869566,interpolated,13937.55456103617,5.2274328109424,-78.36535240463519,50.628080483508484
dwt_only,0.02,V3_k1,Montgomery,0.10869565217391304,0.5014119461943614,13510.04347826087,interpolated,4463.829470692858,-202.6559049121537,-335.326092908064,-21.957438111845743
dwt_only,0.02,V3_k2,Montgomery,0.057971014492753624,0.6483761811938449,17469.847826086956,interpolated,7062.633850400544,-147.3559892262599,-288.8751511816042,1.1382611676425354
dwt_only,0.02,V4,Montgomery,0.06521739130434782,0.6559479779854728,17673.86231884058,interpolated,6380.510523215359,-176.99762040254598,-322.8336124953412,-0.3716013769809943
dwt_only,0.02,O1,Montgomery,0.0,0.48682909695686594,13117.123188405798,not reached,,,37.109612086382114,55.20594245042593
dwt_only,0.02,O2,Montgomery,0.17391304347826086,0.48682909695686594,13117.123188405798,interpolated,5090.857577454064,-157.6603841069478,-211.69177882862766,-52.37014361664875
dwt_only,0.05,V0,Montgomery,0.16666666666666666,0.2561716840510861,6902.289855072464,interpolated,3183.807919157781,-116.79353875400689,-236.44301635979383,-48.62373441892405
dwt_only,0.05,V1,Montgomery,0.15217391304347827,0.3796626497469792,10229.630434782608,interpolated,3542.5797101449293,-188.76218100295355,-356.9375969902925,-99.90710663415497
dwt_only,0.05,V2,Montgomery,0.043478260869565216,0.3850334241281972,10374.340579710144,interpolated,16809.166666666675,38.28164842768248,-87.4699184126059,45.75256801275777
dwt_only,0.05,V3_k1,Montgomery,0.13768115942028986,0.35413197313160516,9541.731884057972,interpolated,3826.328791417133,-149.37041232476162,-273.86386900010643,-53.597216565069495
dwt_only,0.05,V3_k2,Montgomery,0.08695652173913043,0.49247042712313677,13269.123188405798,interpolated,5010.736640373315,-164.81382161440453,-260.0365823689782,12.000725589399167
dwt_only,0.05,V4,Montgomery,0.10869565217391304,0.48341433870356976,13025.115942028986,interpolated,4463.829470692858,-191.79241786777482,-311.26235466181066,-24.40311292306865
dwt_only,0.05,O1,Montgomery,0.0,0.2962776795242521,7982.905797101449,not reached,,,60.28654135205506,74.84863504678212
dwt_only,0.05,O2,Montgomery,0.2463768115942029,0.2962776795242521,7982.905797101449,interpolated,4058.5544283534928,-96.69332857364239,-150.52381446073116,-59.72951650078957
dwt_only,0.1,V0,Montgomery,0.1956521739130435,0.1923705420152156,5183.231884057971,interpolated,2571.587547444613,-101.55766772197,-197.05208831689578,-32.891152971894755
dwt_only,0.1,V1,Montgomery,0.15217391304347827,0.2700983144858687,7277.528985507246,interpolated,3542.5797101449293,-105.43021134193526,-222.93366422757765,-43.894265112232034
dwt_only,0.1,V2,Montgomery,0.050724637681159424,0.3397817588385142,9155.079710144928,interpolated,7817.681159420292,-17.107356049089738,-69.17952747420033,48.470457575350835
dwt_only,0.1,V3_k1,Montgomery,0.17391304347826086,0.2691812218148645,7252.81884057971,interpolated,3018.286578249099,-140.29589810478015,-249.78889745572104,-66.2868253457562
dwt_only,0.1,V3_k2,Montgomery,0.11594202898550725,0.38208931460635476,10295.014492753624,interpolated,4295.129551688114,-139.6904300292264,-220.04046332069177,-22.215812701935317
dwt_only,0.1,V4,Montgomery,0.13768115942028986,0.3586036739646803,9662.217391304348,interpolated,3826.328791417133,-152.5192663259295,-276.24463036639946,-76.50098120991059
dwt_only,0.1,O1,Montgomery,0.0,0.19927805174016314,5369.347826086957,not reached,,,73.4702389044559,82.88329094311575
dwt_only,0.1,O2,Montgomery,0.2826086956521739,0.19927805174016314,5369.347826086957,interpolated,3623.7780344682933,-48.16988720101854,-110.7286690655844,-16.750365948055652
graded_d2_4_bp8,0.02,V0,Overall,0.0525,0.989995599647015,29990.72,interpolated,28284.27905910395,-6.033178138746992,-16.91987074206127,8.975180384040446
graded_d2_4_bp8,0.02,V1,Overall,0.03875,1.1302865047430728,34205.9125,interpolated,33130.0849758249,-3.2472827188947146,-21.527960480073347,16.283791419832834
graded_d2_4_bp8,0.02,V2,Overall,0.0525,0.989995599647015,29990.72,interpolated,28284.27905910395,-6.033178138746992,-16.91987074206127,8.975180384040446
graded_d2_4_bp8,0.02,V3_k1,Overall,0.045,1.0912435231387099,33087.2725,interpolated,30755.773389681835,-7.580687634733165,-21.908538880179368,9.449084705874379
graded_d2_4_bp8,0.02,V3_k2,Overall,0.04375,1.18523690813479,35961.7525,interpolated,31216.616699288235,-15.200672918599665,-31.738137902077437,0.05050484977860461
graded_d2_4_bp8,0.02,V4,Overall,0.03,1.2135934687874672,36762.79375,interpolated,37482.420217412226,1.9199039529414659,-16.783318901924844,24.001426662005855
graded_d2_4_bp8,0.02,O1,Overall,0.01125,1.1009482481693984,33412.8525,not reached,,,39.28248085322979,42.568633649101066
graded_d2_4_bp8,0.02,O2,Overall,0.035,1.1009482481693984,33412.8525,interpolated,28551.619999999988,-17.02611795758004,-35.26031503505125,11.405623158338258
graded_d2_4_bp8,0.05,V0,Overall,0.06125,0.8719706769448413,26404.6625,interpolated,26481.685498348903,0.29085383690440186,-10.695006808537878,13.594140425982905
graded_d2_4_bp8,0.05,V1,Overall,0.05,0.9703945005279857,29355.66875,interpolated,28979.43636113362,-1.2982736592177941,-12.870902528904798,14.819078239831613
graded_d2_4_bp8,0.05,V2,Overall,0.06125,0.8719706769448413,26404.6625,interpolated,26481.685498348903,0.29085383690440186,-10.695006808537878,13.594140425982905
graded_d2_4_bp8,0.05,V3_k1,Overall,0.055,0.9708923906150099,29417.52,interpolated,27757.08341875961,-5.982028285141036,-18.43514809778285,8.884680581844798
graded_d2_4_bp8,0.05,V3_k2,Overall,0.05125,1.0621224209779256,32196.52,interpolated,28551.619999999988,-12.766000668263356,-28.503243640404573,1.8547567354815457
graded_d2_4_bp8,0.05,V4,Overall,0.0475,1.076266199368177,32577.93625,interpolated,29854.396287376698,-9.122743385619533,-22.48353461268761,7.954010795740633
graded_d2_4_bp8,0.05,O1,Overall,0.00875,0.9361280669165322,28335.575,not reached,,,,
graded_d2_4_bp8,0.05,O2,Overall,0.04375,0.9361280669165322,28335.575,interpolated,24914.503750000007,-13.731243794089188,-19.56946609565041,3.869106298256202
graded_d2_4_bp8,0.1,V0,Overall,0.07625,0.8096744212657958,24494.11125,interpolated,24914.503750000007,1.6873404512422017,-9.467501002227701,6.007628762189283
graded_d2_4_bp8,0.1,V1,Overall,0.0725,0.8673152480706118,26232.385,interpolated,24331.834325128282,-7.8109634048796535,-16.612171216530097,2.5842036673356374
graded_d2_4_bp8,0.1,V2,Overall,0.07625,0.8096744212657958,24494.11125,interpolated,24914.503750000007,1.6873404512422017,-9.467501002227701,6.007628762189283
graded_d2_4_bp8,0.1,V3_k1,Overall,0.065,0.885256761503358,26802.09125,interpolated,25744.751206657536,-4.10701208512374,-17.000342871735725,8.536272774088928
graded_d2_4_bp8,0.1,V3_k2,Overall,0.0625,0.9682503891498271,29318.94125,interpolated,26233.726233072786,-11.760491016475164,-27.156185659516847,-1.608126988542326
graded_d2_4_bp8,0.1,V4,Overall,0.06125,0.9596278330887443,29041.485,interpolated,26481.685498348903,-9.666301270025647,-22.661927841450076,6.068760484155488
graded_d2_4_bp8,0.1,O1,Overall,0.0075,0.8443137304611942,25524.45375,not reached,,,,
graded_d2_4_bp8,0.1,O2,Overall,0.05625,0.8443137304611942,25524.45375,interpolated,23766.569551167242,-7.396457427514708,-12.384343511471046,-1.4657027744237805
graded_d2_4_bp8,0.02,V0,Shenzhen,0.045317220543806644,1.0166707041431877,31400.762839879153,interpolated,32764.297773734066,4.161648582464077,-20.79166624337707,23.28858102891293
graded_d2_4_bp8,0.02,V1,Shenzhen,0.03474320241691843,1.1554221481993918,35665.196374622356,interpolated,36975.414917573864,3.5434857076580935,-17.181413571184244,28.08712044803397
graded_d2_4_bp8,0.02,V2,Shenzhen,0.045317220543806644,1.0166707041431877,31400.762839879153,interpolated,32764.297773734066,4.161648582464077,-20.79166624337707,23.28858102891293
graded_d2_4_bp8,0.02,V3_k1,Shenzhen,0.03927492447129909,1.125997671233495,34791.82024169184,interpolated,35108.14077068848,0.9009891211918832,-21.58869989464563,21.575273802345375
graded_d2_4_bp8,0.02,V3_k2,Shenzhen,0.04078549848942598,1.223957376641708,37844.44561933535,interpolated,34506.91144767794,-9.672074467510754,-34.60662514580743,8.753943302059612
graded_d2_4_bp8,0.02,V4,Shenzhen,0.02416918429003021,1.2467201716802137,38502.481873111785,interpolated,48332.561713424766,20.338420915071413,-7.407688789622881,34.88596454170254
graded_d2_4_bp8,0.02,O1,Shenzhen,0.012084592145015106,1.119857056043564,34703.8247734139,not reached,,,40.198002099491404,43.074029960960054
graded_d2_4_bp8,0.02,O2,Shenzhen,0.03474320241691843,1.119857056043564,34703.8247734139,interpolated,29204.952552928382,-18.828560705653828,-30.451494815614943,4.70927391348876
graded_d2_4_bp8,0.05,V0,Shenzhen,0.055891238670694864,0.8930250397199252,27578.62688821752,interpolated,28753.62373487128,4.086430487816278,-14.637299224170638,21.172523516841142
graded_d2_4_bp8,0.05,V1,Shenzhen,0.045317220543806644,0.9882375786783935,30505.453172205438,interpolated,32764.297773734066,6.8942255900856235,-16.817204611824724,26.927057421561063
graded_d2_4_bp8,0.05,V2,Shenzhen,0.055891238670694864,0.8930250397199252,27578.62688821752,interpolated,28753.62373487128,4.086430487816278,-14.637299224170638,21.172523516841142
graded_d2_4_bp8,0.05,V3_k1,Shenzhen,0.04833836858006042,0.9987999423546847,30848.578549848942,interpolated,31651.72479182422,2.537448582210392,-22.10872783819592,17.406330655871777
graded_d2_4_bp8,0.05,V3_k2,Shenzhen,0.04984894259818731,1.0904777553995497,33706.537764350454,interpolated,31109.686829945298,-8.347403008587992,-40.05574553934759,6.283573044267157
graded_d2_4_bp8,0.05,V4,Shenzhen,0.03927492447129909,1.1010169565421204,33990.9003021148,interpolated,35108.14077068848,3.1822832085327977,-18.049821260388395,24.144422001404156
graded_d2_4_bp8,0.05,O1,Shenzhen,0.010574018126888218,0.9440164644942917,29196.957703927492,not reached,,,,
graded_d2_4_bp8,0.05,O2,Shenzhen,0.045317220543806644,0.9440164644942917,29196.957703927492,interpolated,26972.372000374275,-8.247645789262984,-18.483872588800136,3.3400616506197096
graded_d2_4_bp8,0.1,V0,Shenzhen,0.07099697885196375,0.8265341478795274,25506.68429003021,interpolated,23411.901706342327,-8.947511440817314,-11.092456494817219,13.144838001554312
graded_d2_4_bp8,0.1,V1,Shenzhen,0.0649546827794562,0.884455419409197,27291.12084592145,interpolated,24462.768882175227,-11.56186357059155,-17.90124752520009,12.157114821334737
graded_d2_4_bp8,0.1,V2,Shenzhen,0.07099697885196375,0.8265341478795274,25506.68429003021,interpolated,23411.901706342327,-8.947511440817314,-11.092456494817219,13.144838001554312
graded_d2_4_bp8,0.1,V3_k1,Shenzhen,0.05740181268882175,0.909938502053559,28082.01510574018,interpolated,27989.47525944304,-0.3306237270951394,-19.130139446739108,14.456346647656021
graded_d2_4_bp8,0.1,V3_k2,Shenzhen,0.05891238670694864,0.9984648022463484,30806.445619335347,interpolated,27245.6345858377,-13.069290136294203,-33.540970815483625,3.4666106537903514
graded_d2_4_bp8,0.1,V4,Shenzhen,0.0513595166163142,0.9842437480150452,30368.735649546827,interpolated,30576.931305407477,0.6808912698961118,-24.03758153732244,15.57135541476945
graded_d2_4_bp8,0.1,O1,Shenzhen,0.00906344410876133,0.851503146889259,26296.69486404834,not reached,,,,
graded_d2_4_bp8,0.1,O2,Shenzhen,0.06042296072507553,0.851503146889259,26296.69486404834,interpolated,24645.935698720845,-6.69789609738035,-12.142748645244126,1.3616996721522072
graded_d2_4_bp8,0.02,V0,Montgomery,0.08695652173913043,0.862032417208854,23226.601449275364,interpolated,20790.9347826087,-11.71504163778178,-24.047795354823513,1.0973014868686375
graded_d2_4_bp8,0.02,V1,Montgomery,0.057971014492753624,1.0097082730902958,27205.579710144928,interpolated,22469.51976262678,-21.07770881421136,-35.03417462529197,6.974710915618722
graded_d2_4_bp8,0.02,V2,Montgomery,0.08695652173913043,0.862032417208854,23226.601449275364,interpolated,20790.9347826087,-11.71504163778178,-24.047795354823513,1.0973014868686375
graded_d2_4_bp8,0.02,V3_k1,Montgomery,0.07246376811594203,0.9245243489448862,24910.384057971016,interpolated,21613.93809515775,-15.251482392057833,-29.47144913585966,4.660244301288013
graded_d2_4_bp8,0.02,V3_k2,Montgomery,0.057971014492753624,0.9994908925436332,26930.282608695652,interpolated,22469.51976262678,-19.85250638729001,-34.326632763567574,8.662848938555987
graded_d2_4_bp8,0.02,V4,Montgomery,0.057971014492753624,1.0546813143309581,28417.333333333332,interpolated,22469.51976262678,-26.470586080791374,-40.78030041995488,2.2420458756749944
graded_d2_4_bp8,0.02,O1,Montgomery,0.007246376811594203,1.0102407785121692,27219.927536231884,interpolated,41823.15217391303,34.91660450880561,6.9663857495105495,38.68053877848869
graded_d2_4_bp8,0.02,O2,Montgomery,0.036231884057971016,1.0102407785121692,27219.927536231884,interpolated,19778.46376811594,-37.624073615424194,-47.23959356758399,37.21692477507549
graded_d2_4_bp8,0.05,V0,Montgomery,0.08695652173913043,0.7709707627629179,20773.036231884056,interpolated,20790.9347826087,0.08608824428430843,-7.641716680350926,11.732618987713856
graded_d2_4_bp8,0.05,V1,Montgomery,0.07246376811594203,0.8847994444731317,23840.036231884056,interpolated,21613.93809515775,-10.29936389623058,-22.119425003683094,5.98376401461953
graded_d2_4_bp8,0.05,V2,Montgomery,0.08695652173913043,0.7709707627629179,20773.036231884056,interpolated,20790.9347826087,0.08608824428430843,-7.641716680350926,11.732618987713856
graded_d2_4_bp8,0.05,V3_k1,Montgomery,0.08695652173913043,0.8370170337188888,22552.58695652174,interpolated,20790.9347826087,-8.47317444998498,-18.9833967714073,4.263425403537174
graded_d2_4_bp8,0.05,V3_k2,Montgomery,0.057971014492753624,0.9260990051292645,24952.8115942029,interpolated,22469.51976262678,-11.051824239281439,-21.872242415003377,19.96284661794929
graded_d2_4_bp8,0.05,V4,Montgomery,0.08695652173913043,0.9575343062583911,25799.804347826088,interpolated,20790.9347826087,-24.091603468484887,-37.780296760549845,-12.017472396769815
graded_d2_4_bp8,0.05,O1,Montgomery,0.0,0.8982866234638026,24203.434782608696,not reached,,,18.230604483608342,45.30364813205448
graded_d2_4_bp8,0.05,O2,Montgomery,0.036231884057971016,0.8982866234638026,24203.434782608696,interpolated,19778.46376811594,-22.37267295565226,-29.82903737582675,43.938305524596984
graded_d2_4_bp8,0.1,V0,Montgomery,0.10144927536231885,0.7287966022926778,19636.695652173912,interpolated,19896.378479402232,1.3051763540644208,-4.234127456950592,9.054488462442528
graded_d2_4_bp8,0.1,V1,Montgomery,0.10869565217391304,0.7850921073014562,21153.521739130436,interpolated,19463.63906991731,-8.682254449657268,-13.969938613983489,1.0062894614677245
graded_d2_4_bp8,0.1,V2,Montgomery,0.10144927536231885,0.7287966022926778,19636.695652173912,interpolated,19896.378479402232,1.3051763540644208,-4.234127456950592,9.054488462442528
graded_d2_4_bp8,0.1,V3_k1,Montgomery,0.10144927536231885,0.7668559481393508,20662.166666666668,interpolated,19896.378479402232,-3.8488822880868474,-9.800221865472478,4.966081844908657
graded_d2_4_bp8,0.1,V3_k2,Montgomery,0.07971014492753623,0.8233087842955008,22183.231884057972,interpolated,21198.44280440822,-4.645572737281274,-13.675532563668297,6.904409379911322
graded_d2_4_bp8,0.1,V4,Montgomery,0.10869565217391304,0.841542791920548,22674.528985507248,interpolated,19463.63906991731,-16.496863223037455,-22.822226514039393,-4.010466644247053
graded_d2_4_bp8,0.1,O1,Montgomery,0.0,0.8098253704946814,21819.934782608696,not reached,,,26.592317238196273,49.94456349361085
graded_d2_4_bp8,0.1,O2,Montgomery,0.036231884057971016,0.8098253704946814,21819.934782608696,interpolated,19778.46376811594,-10.32168644858924,-16.937323928979207,49.25250534439502
lossless_dilated_bp8,0.02,V0,Overall,0.0375,1.6468535378368523,49832.8025,interpolated,50883.47601963113,2.064861919468275,-4.668799105795277,8.692951684516315
lossless_dilated_bp8,0.02,V1,Overall,0.0275,1.696336198446919,51325.89375,interpolated,54043.12285253183,5.027890616066663,-0.7611134092094569,18.700847681918923
lossless_dilated_bp8,0.02,V2,Overall,0.0375,1.6468535378368523,49832.8025,interpolated,50883.47601963113,2.064861919468275,-4.668799105795277,8.692951684516315
lossless_dilated_bp8,0.02,V3_k1,Overall,0.03,1.8260156903723261,55257.535,interpolated,53235.27726570326,-3.798717388477993,-8.929218271176618,7.219304740088671
lossless_dilated_bp8,0.02,V3_k2,Overall,0.01,2.0687594169345225,62646.23875,interpolated,73342.21969947945,14.583661352637476,6.268662063388459,17.126396124739845
lossless_dilated_bp8,0.02,V4,Overall,0.02375,1.8669340814399507,56494.99625,interpolated,56206.612385096945,-0.5130781818466533,-7.295481017671885,12.854371743966107
lossless_dilated_bp8,0.02,O1,Overall,0.0075,1.813064465768191,54868.78375,not reached,,,25.789983900286988,28.20497746998941
lossless_dilated_bp8,0.02,O2,Overall,0.02125,1.813064465768191,54868.78375,interpolated,51564.186249185186,-6.408706781185818,-14.428597593491174,4.104754261928333
lossless_dilated_bp8,0.05,V0,Overall,0.05875,1.5431567705318663,46663.31625,interpolated,45659.37152261685,-2.198770359521618,-5.11478581239219,2.3566305020615688
lossless_dilated_bp8,0.05,V1,Overall,0.04375,1.57910158481233,47752.325,interpolated,49003.20452130285,2.552648410491324,-2.708166865138925,9.597613908431612
lossless_dilated_bp8,0.05,V2,Overall,0.05875,1.5431567705318663,46663.31625,interpolated,45659.37152261685,-2.198770359521618,-5.11478581239219,2.3566305020615688
lossless_dilated_bp8,0.05,V3_k1,Overall,0.035,1.7237493098001648,52133.94125,interpolated,51655.63301131536,-0.925955623426139,-5.2709037647395816,5.260885313491578
lossless_dilated_bp8,0.05,V3_k2,Overall,0.01875,1.9733614584645642,59712.56125,interpolated,61917.2476985374,3.5606984006646685,-4.497916634258081,14.355108136370252
lossless_dilated_bp8,0.05,V4,Overall,0.025,1.7550908970252306,53085.11375,interpolated,54863.22749999995,3.2409937056655203,-1.6073689003627305,18.156256311577575
lossless_dilated_bp8,0.05,O1,Overall,0.0075,1.6606780622085475,50209.78875,not reached,,,32.02693446511101,34.26914687298746
lossless_dilated_bp8,0.05,O2,Overall,0.025,1.6606780622085475,50209.78875,interpolated,50211.75199640215,0.003909934077363943,-7.099662517034275,6.9089178829923465
lossless_dilated_bp8,0.1,V0,Overall,0.06875,1.486688598817721,44949.1075,interpolated,43968.20880001515,-2.2309271329345384,-3.469987095244113,-0.22453622124275344
lossless_dilated_bp8,0.1,V1,Overall,0.06,1.5068157784049623,45550.60125,interpolated,45444.46917121703,-0.23354234457685905,-2.8541162144372145,4.417754297603442
lossless_dilated_bp8,0.1,V2,Overall,0.06875,1.486688598817721,44949.1075,interpolated,43968.20880001515,-2.2309271329345384,-3.469987095244113,-0.22453622124275344
lossless_dilated_bp8,0.1,V3_k1,Overall,0.04,1.6556349133998909,50075.32875,interpolated,50122.86135905484,0.09483219386527236,-3.9212895758117594,4.415096060270379
lossless_dilated_bp8,0.1,V3_k2,Overall,0.02,1.9177636155657816,58035.3075,interpolated,60437.37386954506,3.974471780871802,-3.622068376723271,14.883794017236074
lossless_dilated_bp8,0.1,V4,Overall,0.03375,1.6756489965678776,50669.32625,interpolated,52046.09451388088,2.645286407635629,-1.8433884310021669,9.369614865405234
lossless_dilated_bp8,0.1,O1,Overall,0.0075,1.5576998551036048,47073.1325,not reached,,,36.512714670480676,38.20982137371703
lossless_dilated_bp8,0.1,O2,Overall,0.0325,1.5576998551036048,47073.1325,interpolated,47612.3687557102,1.1325549847706984,-5.308443275436043,6.6263226864642455
lossless_dilated_bp8,0.02,V0,Shenzhen,0.03474320241691843,1.6715770439159094,51637.13595166163,interpolated,53594.93084349771,3.6529478833605094,-3.439447280789328,13.611459145577479
lossless_dilated_bp8,0.02,V1,Shenzhen,0.0256797583081571,1.7237150379685915,53235.09063444109,interpolated,56771.58761329307,6.229343105465506,-0.8657572557671485,22.017963198927486
lossless_dilated_bp8,0.02,V2,Shenzhen,0.03474320241691843,1.6715770439159094,51637.13595166163,interpolated,53594.93084349771,3.6529478833605094,-3.439447280789328,13.611459145577479
lossless_dilated_bp8,0.02,V3_k1,Shenzhen,0.030211480362537766,1.8587256398138496,57401.58610271903,interpolated,55160.39622781927,-4.063041653369151,-10.608218571855181,7.32313587139416
lossless_dilated_bp8,0.02,V3_k2,Shenzhen,0.00906344410876133,2.1128137078260907,65272.77039274925,interpolated,78708.18126888212,17.06990386454866,7.604575518182681,17.852669441411038
lossless_dilated_bp8,0.02,V4,Shenzhen,0.02416918429003021,1.9009666637805807,58702.81722054381,interpolated,58483.05146127878,-0.3757768340978819,-9.34582479706868,14.114778156775223
lossless_dilated_bp8,0.02,O1,Shenzhen,0.0075528700906344415,1.8343632475573437,56697.077039274925,not reached,,,26.591941361971198,29.29713477122937
lossless_dilated_bp8,0.02,O2,Shenzhen,0.022658610271903322,1.8343632475573437,56697.077039274925,interpolated,52576.04821381009,-7.83822475341988,-16.539071060380405,3.494054097363991
lossless_dilated_bp8,0.05,V0,Shenzhen,0.0513595166163142,1.565438556469392,48323.58761329305,interpolated,48300.33733951713,-0.048136876586363286,-4.415788041576001,5.426547759359766
lossless_dilated_bp8,0.05,V1,Shenzhen,0.03625377643504532,1.6001742834274337,49405.140483383686,interpolated,53083.04501480254,6.928586199968838,-0.3773789849098604,16.340481075034212
lossless_dilated_bp8,0.05,V2,Shenzhen,0.0513595166163142,1.565438556469392,48323.58761329305,interpolated,48300.33733951713,-0.048136876586363286,-4.415788041576001,5.426547759359766
lossless_dilated_bp8,0.05,V3_k1,Shenzhen,0.03474320241691843,1.7523885908271044,54091.57250755287,interpolated,53594.93084349771,-0.9266579063333478,-6.299570553582529,6.382576204155495
lossless_dilated_bp8,0.05,V3_k2,Shenzhen,0.01812688821752266,2.009473991793619,62049.38217522659,interpolated,65860.64288255971,5.786856217193665,-4.178197514120519,20.74741556001814
lossless_dilated_bp8,0.05,V4,Shenzhen,0.022658610271903322,1.7826513794055934,55035.92145015106,interpolated,60246.10992949812,8.64817410691609,-1.4453009939250057,22.198185136989274
lossless_dilated_bp8,0.05,O1,Shenzhen,0.0075528700906344415,1.6759302255701025,51759.86404833837,not reached,,,32.971850576538614,35.41498617527906
lossless_dilated_bp8,0.05,O2,Shenzhen,0.02416918429003021,1.6759302255701025,51759.86404833837,interpolated,51907.57698998836,0.2845691327076939,-7.427516399157502,10.253710384213859
lossless_dilated_bp8,0.1,V0,Shenzhen,0.061933534743202415,1.5058256155564314,46484.46978851964,interpolated,45654.90330990139,-1.8170369850248576,-3.8429607992734933,1.4688594927834548
lossless_dilated_bp8,0.1,V1,Shenzhen,0.054380664652567974,1.524683424560252,47064.0996978852,interpolated,47529.23351371328,0.9786267975347913,-3.2257207348171004,7.142832922494337
lossless_dilated_bp8,0.1,V2,Shenzhen,0.061933534743202415,1.5058256155564314,46484.46978851964,interpolated,45654.90330990139,-1.8170369850248576,-3.8429607992734933,1.4688594927834548
lossless_dilated_bp8,0.1,V3_k1,Shenzhen,0.03927492447129909,1.681512292100822,51911.986404833835,interpolated,52073.893745358,0.3109184446930244,-4.792246012794768,5.336665817470152
lossless_dilated_bp8,0.1,V3_k2,Shenzhen,0.019637462235649546,1.9539277327487972,60336.157099697884,interpolated,63933.279202276455,5.626368844929338,-3.130489414057505,19.297201748065763
lossless_dilated_bp8,0.1,V4,Shenzhen,0.03172205438066465,1.698614203680136,52438.92900302115,interpolated,54633.55862042162,4.016999208578257,-1.4575397678517457,13.469238629559987
lossless_dilated_bp8,0.1,O1,Shenzhen,0.0075528700906344415,1.5695462198832233,48455.97734138973,not reached,,,37.52895427818672,39.34582365396433
lossless_dilated_bp8,0.1,O2,Shenzhen,0.030211480362537766,1.5695462198832233,48455.97734138973,interpolated,49317.61021996521,1.747109956732387,-2.744611868863824,10.000596738797164
lossless_dilated_bp8,0.02,V0,Montgomery,0.050724637681159424,1.5282523709938383,41177.23188405797,interpolated,40005.61594202896,-2.928628679850255,-8.030002923975648,8.423968304314807
lossless_dilated_bp8,0.02,V1,Montgomery,0.036231884057971016,1.5649971276980275,42167.282608695656,interpolated,42762.15516563742,1.3911192142621243,-8.478545962802407,9.200525353475424
lossless_dilated_bp8,0.02,V2,Montgomery,0.050724637681159424,1.5282523709938383,41177.23188405797,interpolated,40005.61594202896,-2.928628679850255,-8.030002923975648,8.423968304314807
lossless_dilated_bp8,0.02,V3_k1,Montgomery,0.028985507246376812,1.6691027445006712,44972.30434782609,interpolated,44210.85327225608,-1.7223170764900133,-10.370155405035147,3.8510240138828564
lossless_dilated_bp8,0.02,V3_k2,Montgomery,0.014492753623188406,1.8574265142517816,50046.5,interpolated,51494.14608915121,2.811282833285395,-10.826535153371253,14.686562194269394
lossless_dilated_bp8,0.02,V4,Montgomery,0.021739130434782608,1.7036763313711316,45903.85507246377,interpolated,45708.630434782644,-0.4271067319762977,-3.2235121095333694,2.649091996460047
lossless_dilated_bp8,0.02,O1,Montgomery,0.007246376811594203,1.7108920487796484,46098.27536231884,interpolated,58011.9565217391,20.536596029054436,-1.6435808226083175,23.284602039900584
lossless_dilated_bp8,0.02,O2,Montgomery,0.014492753623188406,1.7108920487796484,46098.27536231884,interpolated,41113.175862340184,-12.12530872504312,-26.155847053732277,22.452930040696153
lossless_dilated_bp8,0.05,V0,Montgomery,0.09420289855072464,1.4362687829185168,38698.82608695652,interpolated,37397.574108547466,-3.479509057545112,-6.08814576695158,0.1266687914126056
lossless_dilated_bp8,0.05,V1,Montgomery,0.07971014492753623,1.478013711745671,39823.60144927536,interpolated,38247.46079186275,-4.120902733882759,-7.771004562633045,2.3135166874806314
lossless_dilated_bp8,0.05,V2,Montgomery,0.09420289855072464,1.4362687829185168,38698.82608695652,interpolated,37397.574108547466,-3.479509057545112,-6.08814576695158,0.1266687914126056
lossless_dilated_bp8,0.05,V3_k1,Montgomery,0.036231884057971016,1.5863637732796307,42742.985507246376,interpolated,42762.15516563742,0.044828560012451106,-7.486453325655405,7.625170167331565
lossless_dilated_bp8,0.05,V3_k2,Montgomery,0.021739130434782608,1.8001259724947503,48502.59420289855,interpolated,45708.630434782644,-6.1125519219009465,-8.234486032917808,-4.229917666481342
lossless_dilated_bp8,0.05,V4,Montgomery,0.036231884057971016,1.6228804670556645,43726.891304347824,interpolated,42762.15516563742,-2.256051256007883,-10.267697743424119,5.67413473470353
lossless_dilated_bp8,0.05,O1,Montgomery,0.007246376811594203,1.5875118872422458,42773.92028985507,interpolated,58011.9565217391,26.267061387894756,5.977701859338155,28.56602188758923
lossless_dilated_bp8,0.05,O2,Montgomery,0.028985507246376812,1.5875118872422458,42773.92028985507,interpolated,37962.04059172031,-12.675503274142367,-17.92555550681989,25.92799682192972
lossless_dilated_bp8,0.1,V0,Montgomery,0.10144927536231885,1.3948863880856481,37583.81884057971,interpolated,36979.7391304348,-1.633542378474347,-2.6416843328012454,-0.7835822009983561
lossless_dilated_bp8,0.1,V1,Montgomery,0.08695652173913043,1.4211028671382835,38290.19565217391,interpolated,37820.130214311175,-1.2428974601596259,-3.7314343395098293,4.056132292530901
lossless_dilated_bp8,0.1,V2,Montgomery,0.10144927536231885,1.3948863880856481,37583.81884057971,interpolated,36979.7391304348,-1.633542378474347,-2.6416843328012454,-0.7835822009983561
lossless_dilated_bp8,0.1,V3_k1,Montgomery,0.043478260869565216,1.5314985025302077,41264.69565217391,interpolated,41360.927895901266,0.23266461518840956,-4.535223314570956,10.028661951934122
lossless_dilated_bp8,0.1,V3_k2,Montgomery,0.021739130434782608,1.7442806766153742,46997.89855072464,interpolated,45708.630434782644,-2.8206229407409857,-4.385772634529151,-1.4670758453430923
lossless_dilated_bp8,0.1,V4,Montgomery,0.043478260869565216,1.5654825682467555,42180.362318840576,interpolated,41360.927895901266,-1.9811799798149918,-7.3935407195920915,8.229439684563621
lossless_dilated_bp8,0.1,O1,Montgomery,0.007246376811594203,1.5008716414506522,40439.485507246376,interpolated,58011.9565217391,30.291119396925886,11.578727637933307,32.16438220659175
lossless_dilated_bp8,0.1,O2,Montgomery,0.043478260869565216,1.5008716414506522,40439.485507246376,interpolated,40005.61594202896,-1.0845216477759578,-9.800984755050628,22.328707208684285
