quality,rung,mean_bpp,mean_steering_abs_delta,std_steering_abs_delta,mean_judge_abs_delta,std_judge_abs_delta,pearson_r,pearson_p,spearman_rho,spearman_p,frac_orig_within_tol_02,frac_orig_within_tol_05,frac_orig_within_tol_10
5,dwt_q5,0.03966112637976315,0.31334237337112425,0.3192002872041571,0.29625839859247205,0.20450284243727632,-0.21314643877433528,1.1335300514208466e-09,-0.19326687424068215,3.5904935418347116e-08,0.01375,0.03125,0.065
10,dwt_q10,0.05145280011869576,0.3020682567358017,0.32351508096936465,0.2707714620232582,0.21422294594556085,-0.18200469103544786,2.1814423803446134e-07,-0.14737031951602564,2.8565249249067693e-05,,,
15,dwt_q15,0.06956459563908618,0.30016510546207426,0.3286537969351635,0.24734217315912246,0.22060886844895183,-0.1788727599468714,3.5337244681907247e-07,-0.12956406167359674,0.00023841539797789802,,,
20,dwt_q20,0.09769220959980916,0.29364789664745333,0.32887515465849004,0.22558823376893997,0.22776715851788637,-0.21211597586875142,1.3676213829711275e-09,-0.13141072463070405,0.00019360388715716846,,,
30,dwt_q30,0.15032292650596304,0.21681815534830093,0.2783902169723395,0.16941588811576366,0.2179605399616891,-0.09581512467882793,0.006686539591377015,0.042121862771227335,0.23402615001277902,,,
40,dwt_q40,0.22101163593884535,0.15200762435793877,0.22151370123584033,0.1095614005625248,0.16937844386448042,0.08467079373146462,0.0166017999247537,0.2973856603931074,8.447169176284323e-18,,,
50,dwt_q50,0.32806723665447707,0.06549805961549282,0.12392461336626244,0.07494811214506626,0.12152009703483797,0.2266271689667872,8.901823234352475e-11,0.5045738418122278,6.774641970350616e-53,,,
60,dwt_q60,0.48570787740796795,0.03268113173544407,0.06608653099598555,0.047415245696902274,0.07792842904686745,0.21504614963251337,7.999059513044443e-10,0.5009249371012804,4.839902823936746e-52,,,
70,dwt_q70,0.7371138562709888,0.01703337758779526,0.03629312604279192,0.030288038998842238,0.05008185817571274,0.2187107321417658,4.0458694093301037e-10,0.47200919844901107,1.2565903949311272e-45,,,
80,dwt_q80,1.1375063312200564,0.012131538391113281,0.027870390587983133,0.021260408759117125,0.03798092634585056,0.3197103468935618,1.8081067264492264e-20,0.4422700544752707,1.218034918636769e-39,,,
90,dwt_q90,1.7499608851295776,0.008079480826854706,0.018658230897895995,0.011919655948877334,0.02100870849778087,0.20699959753198635,3.4252003344777397e-09,0.47170096064946193,1.4598807853972493e-45,,,
