family,tolerance,scope,controller_judge_flip_rate,controller_mean_bpp,controller_mean_bytes,fixed_min_flip,fixed_max_flip,status,interp_fixed_bpp,interp_fixed_bytes,bytes_saving_pct,bpp_saving_pct
dwt_only,0.02,Overall,0.14125,0.44119274432807126,13407.56125,0.0075,0.28375,interpolated,0.17048381459961182,5166.745882221718,-159.49720686155956,-158.78863947538386
dwt_only,0.02,Shenzhen,0.1419939577039275,0.4536560243187864,14060.24320241692,0.0075528700906344415,0.2719033232628399,interpolated,0.1771420577314164,5474.272275717399,-156.84223389444648,-156.09729847816362
dwt_only,0.02,Montgomery,0.13768115942028986,0.3814051258218871,10276.579710144928,0.007246376811594203,0.36231884057971014,interpolated,0.14201042129665722,3826.328791417133,-168.5754484349699,-168.5754484349699
dwt_only,0.05,Overall,0.17375,0.29784320408272746,9055.48375,0.0075,0.28375,interpolated,0.13741446565854104,4164.841851192271,-117.42683332399962,-116.74807135868299
dwt_only,0.05,Shenzhen,0.17522658610271905,0.30653001641560745,9504.336858006041,0.0075528700906344415,0.2719033232628399,interpolated,0.14149315145659588,4373.140861191341,-117.33434068750412,-116.6394721299553
dwt_only,0.05,Montgomery,0.16666666666666666,0.2561716840510861,6902.289855072464,0.007246376811594203,0.36231884057971014,interpolated,0.11816389248655647,3183.807919157781,-116.79353875400689,-116.7935387540071
dwt_only,0.1,Overall,0.205,0.21806143868064734,6634.5025,0.0075,0.28375,interpolated,0.10978690240794046,3326.976441886121,-99.41537356479701,-98.62245304124346
dwt_only,0.1,Shenzhen,0.20694864048338368,0.2234169428193627,6937.033232628399,0.0075528700906344415,0.2719033232628399,interpolated,0.11280208068288979,3485.9194736992968,-99.00153417103297,-98.06101223206547
dwt_only,0.1,Montgomery,0.1956521739130435,0.1923705420152156,5183.231884057971,0.007246376811594203,0.36231884057971014,interpolated,0.09544193688556306,2571.587547444613,-101.55766772197,-101.5576677219701
graded_d2_4_bp8,0.02,Overall,0.0525,0.989995599647015,29990.72,0.015,0.08,interpolated,0.9352639777760405,28284.27905910395,-6.033178138746992,-5.851997208437399
graded_d2_4_bp8,0.02,Shenzhen,0.045317220543806644,1.0166707041431877,31400.762839879153,0.01661631419939577,0.07401812688821752,interpolated,1.0608625304339314,32764.297773734066,4.161648582464077,4.165650593076148
graded_d2_4_bp8,0.02,Montgomery,0.08695652173913043,0.862032417208854,23226.601449275364,0.007246376811594203,0.13043478260869565,interpolated,0.7716350498295983,20790.9347826087,-11.71504163778178,-11.715041637781795
graded_d2_4_bp8,0.05,Overall,0.06125,0.8719706769448413,26404.6625,0.015,0.08,interpolated,0.8757698627478863,26481.685498348903,0.29085383690440186,0.433810977592254
graded_d2_4_bp8,0.05,Shenzhen,0.055891238670694864,0.8930250397199252,27578.62688821752,0.01661631419939577,0.07401812688821752,interpolated,0.9312525581170014,28753.62373487128,4.086430487816278,4.104957142278616
graded_d2_4_bp8,0.05,Montgomery,0.08695652173913043,0.7709707627629179,20773.036231884056,0.007246376811594203,0.13043478260869565,interpolated,0.7716350498295983,20790.9347826087,0.08608824428430843,0.08608824428427926
graded_d2_4_bp8,0.1,Overall,0.07625,0.8096744212657958,24494.11125,0.015,0.08,interpolated,0.8240014432917928,24914.503750000007,1.6873404512422017,1.7387132198169664
graded_d2_4_bp8,0.1,Shenzhen,0.07099697885196375,0.8265341478795274,25506.68429003021,0.01661631419939577,0.07401812688821752,interpolated,0.7585789592314903,23411.901706342327,-8.947511440817314,-8.958222189141903
graded_d2_4_bp8,0.1,Montgomery,0.10144927536231885,0.7287966022926778,19636.695652173912,0.007246376811594203,0.13043478260869565,interpolated,0.738434474443373,19896.378479402232,1.3051763540644208,1.3051763540644659
lossless_dilated_bp8,0.02,Overall,0.0375,1.6468535378368523,49832.8025,0.00875,0.07125,interpolated,1.6827568608744443,50883.47601963113,2.064861919468275,2.1336013462417185
lossless_dilated_bp8,0.02,Shenzhen,0.03474320241691843,1.6715770439159094,51637.13595166163,0.00906344410876133,0.0649546827794562,interpolated,1.7356083430290805,53594.93084349771,3.6529478833605094,3.6892712212606718
lossless_dilated_bp8,0.02,Montgomery,0.050724637681159424,1.5282523709938383,41177.23188405797,0.007246376811594203,0.10144927536231885,interpolated,1.48476900022376,40005.61594202896,-2.928628679850255,-2.9286286798502164
lossless_dilated_bp8,0.05,Overall,0.05875,1.5431567705318663,46663.31625,0.00875,0.07125,interpolated,1.510590272211666,45659.37152261685,-2.198770359521618,-2.155878991099252
lossless_dilated_bp8,0.05,Shenzhen,0.0513595166163142,1.565438556469392,48323.58761329305,0.00906344410876133,0.0649546827794562,interpolated,1.5645220206737622,48300.33733951713,-0.048136876586363286,-0.05858247972982022
lossless_dilated_bp8,0.05,Montgomery,0.09420289855072464,1.4362687829185168,38698.82608695652,0.007246376811594203,0.10144927536231885,interpolated,1.387974098446685,37397.574108547466,-3.479509057545112,-3.4795090575450542
lossless_dilated_bp8,0.1,Overall,0.06875,1.486688598817721,44949.1075,0.00875,0.07125,interpolated,1.4547523400051592,43968.20880001515,-2.2309271329345384,-2.195305546815517
lossless_dilated_bp8,0.1,Shenzhen,0.061933534743202415,1.5058256155564314,46484.46978851964,0.00906344410876133,0.0649546827794562,interpolated,1.4789954569639583,45654.90330990139,-1.8170369850248576,-1.8140798517088947
lossless_dilated_bp8,0.1,Montgomery,0.10144927536231885,1.3948863880856481,37583.81884057971,0.007246376811594203,0.10144927536231885,interpolated,1.3724665651141172,36979.7391304348,-1.633542378474347,-1.6335423784743883
