source,quality,bpp,compression_ratio,psnr_full,ssim_full,psnr_roi,psnr_background,ssim_roi,ssim_background,roi_lossless_fraction,dc_entropy,dc_avg_code_length,ac_entropy,ac_avg_code_length,encode_time_s,decode_time_s
all,10,0.13,62.172,32.96,0.8531,31.73,33.48,0.796,0.8737,0.0,1.8107,1.9443,2.1431,2.1631,0.0675,0.0211
all,20,0.2295,35.221,36.2,0.9172,34.69,36.88,0.8824,0.9298,0.0,2.188,2.2827,2.7412,2.7953,0.0805,0.0322
all,30,0.3107,26.027,37.97,0.941,36.29,38.75,0.9151,0.9506,0.0,2.3654,2.4511,2.9763,3.0061,0.0924,0.0416
all,50,0.4451,18.182,40.04,0.9604,38.16,40.95,0.9425,0.9671,0.0,2.5538,2.637,3.1776,3.2155,0.1108,0.0567
all,70,0.6226,13.004,41.89,0.9692,39.86,42.89,0.9602,0.9723,0.0,2.6836,2.7594,3.3122,3.356,0.1354,0.0769
all,90,1.2015,6.758,45.43,0.9859,43.08,46.7,0.9803,0.9883,0.0,2.8935,2.9515,3.5185,3.5535,0.2116,0.1407
montgomery,10,0.1332,60.517,32.94,0.8776,32.35,33.14,0.821,0.896,0.0,1.8417,1.9595,2.1576,2.1761,0.0573,0.0176
montgomery,20,0.2243,35.96,36.11,0.9324,35.41,36.35,0.8976,0.9438,0.0,2.1998,2.2984,2.7242,2.7862,0.0664,0.0265
montgomery,30,0.2967,27.211,37.98,0.9539,37.09,38.31,0.9268,0.963,0.0,2.3638,2.4676,2.9706,3.0032,0.075,0.0336
montgomery,50,0.4135,19.563,40.24,0.9703,39.07,40.7,0.9513,0.9767,0.0,2.5469,2.6401,3.1812,3.2125,0.091,0.0452
montgomery,70,0.5653,14.331,42.26,0.9629,40.89,42.83,0.9671,0.9616,0.0,2.6813,2.7637,3.3252,3.3682,0.1073,0.06
montgomery,90,1.0326,7.873,46.76,0.9912,44.3,48.02,0.9843,0.9937,0.0,2.9161,2.9757,3.5347,3.5662,0.161,0.1051
shenzhen,10,0.1294,62.517,32.96,0.848,31.58,33.57,0.7899,0.8683,0.0,1.8042,1.9411,2.1401,2.1604,0.0697,0.0218
shenzhen,20,0.2306,35.067,36.22,0.914,34.51,37.0,0.8787,0.9264,0.0,2.1856,2.2794,2.7447,2.7972,0.0834,0.0334
shenzhen,30,0.3136,25.78,37.97,0.9384,36.1,38.86,0.9122,0.9476,0.0,2.3657,2.4477,2.9775,3.0067,0.096,0.0432
shenzhen,50,0.4517,17.895,40.0,0.9583,37.94,41.01,0.9403,0.9648,0.0,2.5552,2.6363,3.1769,3.2162,0.1149,0.0591
shenzhen,70,0.6346,12.727,41.81,0.9705,39.61,42.9,0.9586,0.9749,0.0,2.6841,2.7585,3.3095,3.3534,0.1412,0.0804
shenzhen,90,1.2368,6.526,45.15,0.9848,42.78,46.38,0.9793,0.987,0.0,2.8888,2.9465,3.5152,3.5509,0.2222,0.1481
