stem,wavelet,levels,table_mode,orig_bytes,compressed_bytes,bpp,psnr,ssim,ll_entropy,detail_entropy
CHNCXR_0062_0,bior2.2,3,per_level,257024,8562,0.2665,38.48,0.942,2.7426,2.7066
CHNCXR_0085_0,bior2.2,3,per_level,257536,8611,0.2675,38.79,0.9444,2.7388,2.5353
CHNCXR_0121_0,bior2.2,3,per_level,241152,9704,0.3219,37.47,0.9402,2.9014,2.048
CHNCXR_0131_0,bior2.2,3,per_level,227840,9303,0.3267,37.35,0.9399,2.8978,2.0446
CHNCXR_0246_0,bior2.2,3,per_level,257536,8026,0.2493,39.07,0.9449,2.7323,2.4595
CHNCXR_0297_0,bior2.2,3,per_level,239616,8834,0.2949,38.04,0.9322,2.824,2.4987
CHNCXR_0331_1,bior2.2,3,per_level,259584,10956,0.3376,36.68,0.9225,2.79,2.1532
CHNCXR_0337_1,bior2.2,3,per_level,251904,10353,0.3288,36.79,0.924,2.811,2.0878
CHNCXR_0343_1,bior2.2,3,per_level,248320,10251,0.3303,37.25,0.9357,2.8465,2.0845
CHNCXR_0452_1,bior2.2,3,per_level,226304,9474,0.3349,36.53,0.9279,2.8417,2.5449
CHNCXR_0470_1,bior2.2,3,per_level,215552,9304,0.3453,36.65,0.9294,2.8507,2.1797
CHNCXR_0480_1,bior2.2,3,per_level,251904,9459,0.3004,37.45,0.9355,2.8786,2.3354
CHNCXR_0498_1,bior2.2,3,per_level,229376,9309,0.3247,36.59,0.9225,2.8637,2.495
CHNCXR_0515_1,bior2.2,3,per_level,218112,9097,0.3337,36.96,0.9288,2.8356,2.0925
CHNCXR_0553_1,bior2.2,3,per_level,227840,9209,0.3233,36.89,0.9267,2.8158,2.4955
CHNCXR_0636_1,bior2.2,3,per_level,259072,9368,0.2893,38.85,0.9451,2.7431,2.1775
MCUCXR_0019_0,bior2.2,3,per_level,215552,7186,0.2667,38.92,0.9391,2.8369,2.7503
MCUCXR_0081_0,bior2.2,3,per_level,215552,7465,0.2771,38.26,0.9393,2.8518,2.9115
MCUCXR_0150_1,bior2.2,3,per_level,215552,8093,0.3004,37.62,0.9383,2.8658,2.9139
MCUCXR_0251_1,bior2.2,3,per_level,215552,8154,0.3026,37.6,0.9429,2.9515,2.8056
CHNCXR_0062_0,bior2.2,3,single,257024,8835,0.275,38.48,0.942,2.7426,2.7066
CHNCXR_0085_0,bior2.2,3,single,257536,8848,0.2749,38.79,0.9444,2.7388,2.5353
CHNCXR_0121_0,bior2.2,3,single,241152,10071,0.3341,37.47,0.9402,2.9014,2.048
CHNCXR_0131_0,bior2.2,3,single,227840,9596,0.3369,37.35,0.9399,2.8978,2.0446
CHNCXR_0246_0,bior2.2,3,single,257536,8224,0.2555,39.07,0.9449,2.7323,2.4595
CHNCXR_0297_0,bior2.2,3,single,239616,8989,0.3001,38.04,0.9322,2.824,2.4987
CHNCXR_0331_1,bior2.2,3,single,259584,11432,0.3523,36.68,0.9225,2.79,2.1532
CHNCXR_0337_1,bior2.2,3,single,251904,10772,0.3421,36.79,0.924,2.811,2.0878
CHNCXR_0343_1,bior2.2,3,single,248320,10647,0.343,37.25,0.9357,2.8465,2.0845
CHNCXR_0452_1,bior2.2,3,single,226304,9879,0.3492,36.53,0.9279,2.8417,2.5449
CHNCXR_0470_1,bior2.2,3,single,215552,9707,0.3603,36.65,0.9294,2.8507,2.1797
CHNCXR_0480_1,bior2.2,3,single,251904,9795,0.3111,37.45,0.9355,2.8786,2.3354
CHNCXR_0498_1,bior2.2,3,single,229376,9723,0.3391,36.59,0.9225,2.8637,2.495
CHNCXR_0515_1,bior2.2,3,single,218112,9469,0.3473,36.96,0.9288,2.8356,2.0925
CHNCXR_0553_1,bior2.2,3,single,227840,9615,0.3376,36.89,0.9267,2.8158,2.4955
CHNCXR_0636_1,bior2.2,3,single,259072,9607,0.2967,38.85,0.9451,2.7431,2.1775
MCUCXR_0019_0,bior2.2,3,single,215552,7293,0.2707,38.92,0.9391,2.8369,2.7503
MCUCXR_0081_0,bior2.2,3,single,215552,7580,0.2813,38.26,0.9393,2.8518,2.9115
MCUCXR_0150_1,bior2.2,3,single,215552,8265,0.3067,37.62,0.9383,2.8658,2.9139
MCUCXR_0251_1,bior2.2,3,single,215552,8289,0.3076,37.6,0.9429,2.9515,2.8056
CHNCXR_0062_0,bior2.2,4,per_level,257024,6624,0.2062,37.26,0.9287,2.9322,2.77
CHNCXR_0085_0,bior2.2,4,per_level,257536,6480,0.2013,37.52,0.9302,2.953,2.7215
CHNCXR_0121_0,bior2.2,4,per_level,241152,7511,0.2492,36.16,0.9253,3.1075,2.008
CHNCXR_0131_0,bior2.2,4,per_level,227840,7360,0.2584,36.08,0.9241,3.1146,2.0414
CHNCXR_0246_0,bior2.2,4,per_level,257536,5995,0.1862,37.8,0.9311,2.9585,2.5748
CHNCXR_0297_0,bior2.2,4,per_level,239616,6919,0.231,36.5,0.9191,2.981,2.5962
CHNCXR_0331_1,bior2.2,4,per_level,259584,8621,0.2657,35.47,0.9042,2.9452,2.1295
CHNCXR_0337_1,bior2.2,4,per_level,251904,7703,0.2446,35.58,0.9064,2.9537,2.4189
CHNCXR_0343_1,bior2.2,4,per_level,248320,8118,0.2615,35.91,0.9201,3.0224,2.033
CHNCXR_0452_1,bior2.2,4,per_level,226304,7357,0.2601,35.35,0.9098,3.0234,2.5001
CHNCXR_0470_1,bior2.2,4,per_level,215552,7005,0.26,35.46,0.9127,3.0336,2.4947
CHNCXR_0480_1,bior2.2,4,per_level,251904,7489,0.2378,36.25,0.9212,3.0832,2.3631
CHNCXR_0498_1,bior2.2,4,per_level,229376,7237,0.2524,35.37,0.9049,3.0358,2.4721
CHNCXR_0515_1,bior2.2,4,per_level,218112,7235,0.2654,35.68,0.9117,3.0283,2.0754
CHNCXR_0553_1,bior2.2,4,per_level,227840,7255,0.2547,35.67,0.9083,3.0235,2.4896
CHNCXR_0636_1,bior2.2,4,per_level,259072,7140,0.2205,37.47,0.9319,2.9221,2.555
MCUCXR_0019_0,bior2.2,4,per_level,215552,5638,0.2092,37.5,0.9492,3.0442,2.7761
MCUCXR_0081_0,bior2.2,4,per_level,215552,5840,0.2167,36.74,0.949,3.1305,2.8849
MCUCXR_0150_1,bior2.2,4,per_level,215552,6222,0.2309,36.21,0.9391,3.0929,2.9078
MCUCXR_0251_1,bior2.2,4,per_level,215552,6061,0.2249,36.27,0.9391,3.2118,3.3966
CHNCXR_0062_0,bior2.2,4,single,257024,6987,0.2175,37.26,0.9287,2.9322,2.77
CHNCXR_0085_0,bior2.2,4,single,257536,6792,0.211,37.52,0.9302,2.953,2.7215
CHNCXR_0121_0,bior2.2,4,single,241152,7957,0.264,36.16,0.9253,3.1075,2.008
CHNCXR_0131_0,bior2.2,4,single,227840,7796,0.2737,36.08,0.9241,3.1146,2.0414
CHNCXR_0246_0,bior2.2,4,single,257536,6242,0.1939,37.8,0.9311,2.9585,2.5748
CHNCXR_0297_0,bior2.2,4,single,239616,7162,0.2391,36.5,0.9191,2.981,2.5962
CHNCXR_0331_1,bior2.2,4,single,259584,9261,0.2854,35.47,0.9042,2.9452,2.1295
CHNCXR_0337_1,bior2.2,4,single,251904,8259,0.2623,35.58,0.9064,2.9537,2.4189
CHNCXR_0343_1,bior2.2,4,single,248320,8619,0.2777,35.91,0.9201,3.0224,2.033
CHNCXR_0452_1,bior2.2,4,single,226304,7908,0.2796,35.35,0.9098,3.0234,2.5001
CHNCXR_0470_1,bior2.2,4,single,215552,7528,0.2794,35.46,0.9127,3.0336,2.4947
CHNCXR_0480_1,bior2.2,4,single,251904,7982,0.2535,36.25,0.9212,3.0832,2.3631
CHNCXR_0498_1,bior2.2,4,single,229376,7798,0.272,35.37,0.9049,3.0358,2.4721
CHNCXR_0515_1,bior2.2,4,single,218112,7703,0.2825,35.68,0.9117,3.0283,2.0754
CHNCXR_0553_1,bior2.2,4,single,227840,7799,0.2738,35.67,0.9083,3.0235,2.4896
CHNCXR_0636_1,bior2.2,4,single,259072,7469,0.2306,37.47,0.9319,2.9221,2.555
MCUCXR_0019_0,bior2.2,4,single,215552,5782,0.2146,37.5,0.9492,3.0442,2.7761
MCUCXR_0081_0,bior2.2,4,single,215552,5995,0.2225,36.74,0.949,3.1305,2.8849
MCUCXR_0150_1,bior2.2,4,single,215552,6476,0.2404,36.21,0.9391,3.0929,2.9078
MCUCXR_0251_1,bior2.2,4,single,215552,6279,0.233,36.27,0.9391,3.2118,3.3966
CHNCXR_0062_0,bior2.2,5,per_level,257024,5410,0.1684,35.81,0.9139,3.1027,2.6606
CHNCXR_0085_0,bior2.2,5,per_level,257536,5380,0.1671,36.08,0.9151,3.1224,2.5688
CHNCXR_0121_0,bior2.2,5,per_level,241152,5785,0.1919,35.06,0.9094,3.2723,2.2527
CHNCXR_0131_0,bior2.2,5,per_level,227840,5626,0.1975,34.91,0.9064,3.2268,2.2754
CHNCXR_0246_0,bior2.2,5,per_level,257536,5007,0.1555,36.43,0.9166,3.1484,2.4677
CHNCXR_0297_0,bior2.2,5,per_level,239616,5678,0.1896,35.02,0.9061,3.1342,2.5586
CHNCXR_0331_1,bior2.2,5,per_level,259584,7125,0.2196,34.23,0.8823,3.0502,1.9298
CHNCXR_0337_1,bior2.2,5,per_level,251904,6410,0.2036,34.46,0.8883,3.1263,2.1917
CHNCXR_0343_1,bior2.2,5,per_level,248320,6236,0.2009,34.69,0.9018,3.2108,2.2511
CHNCXR_0452_1,bior2.2,5,per_level,226304,6133,0.2168,34.23,0.8914,3.0615,2.3277
CHNCXR_0470_1,bior2.2,5,per_level,215552,5835,0.2166,34.24,0.8921,3.1176,2.2342
CHNCXR_0480_1,bior2.2,5,per_level,251904,6241,0.1982,35.11,0.9044,3.1871,2.1227
CHNCXR_0498_1,bior2.2,5,per_level,229376,5986,0.2088,34.26,0.8846,3.0683,2.2838
CHNCXR_0515_1,bior2.2,5,per_level,218112,5659,0.2076,34.53,0.892,3.1201,2.1829
CHNCXR_0553_1,bior2.2,5,per_level,227840,5884,0.2066,34.54,0.8882,3.0721,2.4036
CHNCXR_0636_1,bior2.2,5,per_level,259072,5918,0.1827,36.01,0.9175,2.9716,2.4858
MCUCXR_0019_0,bior2.2,5,per_level,215552,4680,0.1737,35.67,0.9366,3.2487,2.6633
MCUCXR_0081_0,bior2.2,5,per_level,215552,4836,0.1795,35.05,0.9365,3.3213,2.8208
MCUCXR_0150_1,bior2.2,5,per_level,215552,5109,0.1896,34.56,0.9234,3.2808,2.7818
MCUCXR_0251_1,bior2.2,5,per_level,215552,5023,0.1864,34.8,0.9259,3.3726,3.3102
CHNCXR_0062_0,bior2.2,5,single,257024,5741,0.1787,35.81,0.9139,3.1027,2.6606
CHNCXR_0085_0,bior2.2,5,single,257536,5664,0.1759,36.08,0.9151,3.1224,2.5688
CHNCXR_0121_0,bior2.2,5,single,241152,6219,0.2063,35.06,0.9094,3.2723,2.2527
CHNCXR_0131_0,bior2.2,5,single,227840,6023,0.2115,34.91,0.9064,3.2268,2.2754
CHNCXR_0246_0,bior2.2,5,single,257536,5231,0.1625,36.43,0.9166,3.1484,2.4677
CHNCXR_0297_0,bior2.2,5,single,239616,5938,0.1983,35.02,0.9061,3.1342,2.5586
CHNCXR_0331_1,bior2.2,5,single,259584,7715,0.2378,34.23,0.8823,3.0502,1.9298
CHNCXR_0337_1,bior2.2,5,single,251904,6897,0.219,34.46,0.8883,3.1263,2.1917
CHNCXR_0343_1,bior2.2,5,single,248320,6693,0.2156,34.69,0.9018,3.2108,2.2511
CHNCXR_0452_1,bior2.2,5,single,226304,6625,0.2342,34.23,0.8914,3.0615,2.3277
CHNCXR_0470_1,bior2.2,5,single,215552,6273,0.2328,34.24,0.8921,3.1176,2.2342
CHNCXR_0480_1,bior2.2,5,single,251904,6661,0.2115,35.11,0.9044,3.1871,2.1227
CHNCXR_0498_1,bior2.2,5,single,229376,6485,0.2262,34.26,0.8846,3.0683,2.2838
CHNCXR_0515_1,bior2.2,5,single,218112,6069,0.2226,34.53,0.892,3.1201,2.1829
CHNCXR_0553_1,bior2.2,5,single,227840,6375,0.2238,34.54,0.8882,3.0721,2.4036
CHNCXR_0636_1,bior2.2,5,single,259072,6217,0.192,36.01,0.9175,2.9716,2.4858
MCUCXR_0019_0,bior2.2,5,single,215552,4787,0.1777,35.67,0.9366,3.2487,2.6633
MCUCXR_0081_0,bior2.2,5,single,215552,4977,0.1847,35.05,0.9365,3.3213,2.8208
MCUCXR_0150_1,bior2.2,5,single,215552,5302,0.1968,34.56,0.9234,3.2808,2.7818
MCUCXR_0251_1,bior2.2,5,single,215552,5182,0.1923,34.8,0.9259,3.3726,3.3102
CHNCXR_0062_0,bior4.4,3,per_level,257024,8188,0.2549,38.08,0.9348,2.7375,2.43
CHNCXR_0085_0,bior4.4,3,per_level,257536,8394,0.2607,38.26,0.9365,2.7294,2.3124
CHNCXR_0121_0,bior4.4,3,per_level,241152,9145,0.3034,37.11,0.9328,2.8604,1.7877
CHNCXR_0131_0,bior4.4,3,per_level,227840,8525,0.2993,36.97,0.9328,2.8577,1.7424
CHNCXR_0246_0,bior4.4,3,per_level,257536,7796,0.2422,38.52,0.9369,2.7059,2.2281
CHNCXR_0297_0,bior4.4,3,per_level,239616,9100,0.3038,37.69,0.9245,2.7905,2.2576
CHNCXR_0331_1,bior4.4,3,per_level,259584,10056,0.3099,36.27,0.9126,2.7926,1.854
CHNCXR_0337_1,bior4.4,3,per_level,251904,9661,0.3068,36.51,0.9163,2.7912,1.802
CHNCXR_0343_1,bior4.4,3,per_level,248320,9740,0.3138,36.85,0.9279,2.8195,1.8537
CHNCXR_0452_1,bior4.4,3,per_level,226304,9298,0.3287,36.22,0.9197,2.8339,1.9252
CHNCXR_0470_1,bior4.4,3,per_level,215552,8635,0.3205,36.35,0.9215,2.8465,1.8802
CHNCXR_0480_1,bior4.4,3,per_level,251904,9308,0.2956,37.14,0.9282,2.8298,1.6942
CHNCXR_0498_1,bior4.4,3,per_level,229376,9189,0.3205,36.22,0.9137,2.8594,1.8974
CHNCXR_0515_1,bior4.4,3,per_level,218112,8499,0.3117,36.56,0.9207,2.8356,1.8065
CHNCXR_0553_1,bior4.4,3,per_level,227840,8946,0.3141,36.52,0.9178,2.819,1.8535
CHNCXR_0636_1,bior4.4,3,per_level,259072,9228,0.285,38.28,0.9365,2.7433,1.972
MCUCXR_0019_0,bior4.4,3,per_level,215552,6910,0.2565,38.54,0.9343,2.6793,2.5225
MCUCXR_0081_0,bior4.4,3,per_level,215552,7132,0.2647,37.96,0.9339,2.7424,2.6398
MCUCXR_0150_1,bior4.4,3,per_level,215552,7545,0.28,37.27,0.9348,2.7836,2.6665
MCUCXR_0251_1,bior4.4,3,per_level,215552,7459,0.2768,37.27,0.9339,2.8516,2.4521
CHNCXR_0062_0,bior4.4,3,single,257024,8346,0.2598,38.08,0.9348,2.7375,2.43
CHNCXR_0085_0,bior4.4,3,single,257536,8544,0.2654,38.26,0.9365,2.7294,2.3124
CHNCXR_0121_0,bior4.4,3,single,241152,9349,0.3101,37.11,0.9328,2.8604,1.7877
CHNCXR_0131_0,bior4.4,3,single,227840,8713,0.3059,36.97,0.9328,2.8577,1.7424
CHNCXR_0246_0,bior4.4,3,single,257536,7905,0.2456,38.52,0.9369,2.7059,2.2281
CHNCXR_0297_0,bior4.4,3,single,239616,9219,0.3078,37.69,0.9245,2.7905,2.2576
CHNCXR_0331_1,bior4.4,3,single,259584,10329,0.3183,36.27,0.9126,2.7926,1.854
CHNCXR_0337_1,bior4.4,3,single,251904,9885,0.3139,36.51,0.9163,2.7912,1.802
CHNCXR_0343_1,bior4.4,3,single,248320,9994,0.322,36.85,0.9279,2.8195,1.8537
CHNCXR_0452_1,bior4.4,3,single,226304,9561,0.338,36.22,0.9197,2.8339,1.9252
CHNCXR_0470_1,bior4.4,3,single,215552,8901,0.3304,36.35,0.9215,2.8465,1.8802
CHNCXR_0480_1,bior4.4,3,single,251904,9483,0.3012,37.14,0.9282,2.8298,1.6942
CHNCXR_0498_1,bior4.4,3,single,229376,9412,0.3283,36.22,0.9137,2.8594,1.8974
CHNCXR_0515_1,bior4.4,3,single,218112,8727,0.3201,36.56,0.9207,2.8356,1.8065
CHNCXR_0553_1,bior4.4,3,single,227840,9177,0.3222,36.52,0.9178,2.819,1.8535
CHNCXR_0636_1,bior4.4,3,single,259072,9394,0.2901,38.28,0.9365,2.7433,1.972
MCUCXR_0019_0,bior4.4,3,single,215552,6901,0.2561,38.54,0.9343,2.6793,2.5225
MCUCXR_0081_0,bior4.4,3,single,215552,7150,0.2654,37.96,0.9339,2.7424,2.6398
MCUCXR_0150_1,bior4.4,3,single,215552,7621,0.2828,37.27,0.9348,2.7836,2.6665
MCUCXR_0251_1,bior4.4,3,single,215552,7474,0.2774,37.27,0.9339,2.8516,2.4521
CHNCXR_0062_0,bior4.4,4,per_level,257024,6319,0.1967,36.67,0.9173,3.0185,2.4566
CHNCXR_0085_0,bior4.4,4,per_level,257536,6236,0.1937,36.89,0.9193,3.0513,2.4045
CHNCXR_0121_0,bior4.4,4,per_level,241152,7016,0.2327,35.7,0.9145,3.1438,1.6884
CHNCXR_0131_0,bior4.4,4,per_level,227840,6816,0.2393,35.55,0.9138,3.133,1.757
CHNCXR_0246_0,bior4.4,4,per_level,257536,5757,0.1788,37.19,0.9206,3.0311,2.2607
CHNCXR_0297_0,bior4.4,4,per_level,239616,7014,0.2342,36.2,0.9087,3.0407,2.4518
CHNCXR_0331_1,bior4.4,4,per_level,259584,7983,0.246,35.0,0.8899,3.04,1.8641
CHNCXR_0337_1,bior4.4,4,per_level,251904,7625,0.2422,35.17,0.8947,3.0514,1.8193
CHNCXR_0343_1,bior4.4,4,per_level,248320,7739,0.2493,35.4,0.9078,3.1051,1.7969
CHNCXR_0452_1,bior4.4,4,per_level,226304,6968,0.2463,34.89,0.8981,3.0756,2.2348
CHNCXR_0470_1,bior4.4,4,per_level,215552,6871,0.255,34.98,0.9006,3.1027,1.8312
CHNCXR_0480_1,bior4.4,4,per_level,251904,6957,0.2209,35.73,0.9095,3.0949,2.0457
CHNCXR_0498_1,bior4.4,4,per_level,229376,7311,0.255,34.92,0.8914,3.0903,1.8874
CHNCXR_0515_1,bior4.4,4,per_level,218112,6873,0.2521,35.22,0.8993,3.0744,1.8376
CHNCXR_0553_1,bior4.4,4,per_level,227840,7141,0.2507,35.15,0.896,3.0964,1.8527
CHNCXR_0636_1,bior4.4,4,per_level,259072,7445,0.2299,36.9,0.9201,2.9867,2.1376
MCUCXR_0019_0,bior4.4,4,per_level,215552,5376,0.1995,36.95,0.9367,2.9048,2.5445
MCUCXR_0081_0,bior4.4,4,per_level,215552,5556,0.2062,36.38,0.9377,3.0194,2.6478
MCUCXR_0150_1,bior4.4,4,per_level,215552,5713,0.212,35.73,0.9286,2.9993,2.6258
MCUCXR_0251_1,bior4.4,4,per_level,215552,5617,0.2085,35.86,0.9272,3.1136,3.0128
CHNCXR_0062_0,bior4.4,4,single,257024,6513,0.2027,36.67,0.9173,3.0185,2.4566
CHNCXR_0085_0,bior4.4,4,single,257536,6395,0.1987,36.89,0.9193,3.0513,2.4045
CHNCXR_0121_0,bior4.4,4,single,241152,7268,0.2411,35.7,0.9145,3.1438,1.6884
CHNCXR_0131_0,bior4.4,4,single,227840,7065,0.2481,35.55,0.9138,3.133,1.757
CHNCXR_0246_0,bior4.4,4,single,257536,5888,0.1829,37.19,0.9206,3.0311,2.2607
CHNCXR_0297_0,bior4.4,4,single,239616,7190,0.2401,36.2,0.9087,3.0407,2.4518
CHNCXR_0331_1,bior4.4,4,single,259584,8346,0.2572,35.0,0.8899,3.04,1.8641
CHNCXR_0337_1,bior4.4,4,single,251904,7981,0.2535,35.17,0.8947,3.0514,1.8193
CHNCXR_0343_1,bior4.4,4,single,248320,8006,0.2579,35.4,0.9078,3.1051,1.7969
CHNCXR_0452_1,bior4.4,4,single,226304,7295,0.2579,34.89,0.8981,3.0756,2.2348
CHNCXR_0470_1,bior4.4,4,single,215552,7143,0.2651,34.98,0.9006,3.1027,1.8312
CHNCXR_0480_1,bior4.4,4,single,251904,7209,0.2289,35.73,0.9095,3.0949,2.0457
CHNCXR_0498_1,bior4.4,4,single,229376,7610,0.2654,34.92,0.8914,3.0903,1.8874
CHNCXR_0515_1,bior4.4,4,single,218112,7155,0.2624,35.22,0.8993,3.0744,1.8376
CHNCXR_0553_1,bior4.4,4,single,227840,7436,0.2611,35.15,0.896,3.0964,1.8527
CHNCXR_0636_1,bior4.4,4,single,259072,7661,0.2366,36.9,0.9201,2.9867,2.1376
MCUCXR_0019_0,bior4.4,4,single,215552,5430,0.2015,36.95,0.9367,2.9048,2.5445
MCUCXR_0081_0,bior4.4,4,single,215552,5593,0.2076,36.38,0.9377,3.0194,2.6478
MCUCXR_0150_1,bior4.4,4,single,215552,5869,0.2178,35.73,0.9286,2.9993,2.6258
MCUCXR_0251_1,bior4.4,4,single,215552,5658,0.21,35.86,0.9272,3.1136,3.0128
CHNCXR_0062_0,bior4.4,5,per_level,257024,5292,0.1647,35.33,0.9009,3.2531,2.4506
CHNCXR_0085_0,bior4.4,5,per_level,257536,5311,0.165,35.54,0.9019,3.2468,2.379
CHNCXR_0121_0,bior4.4,5,per_level,241152,5976,0.1982,34.55,0.8957,3.3,1.6598
CHNCXR_0131_0,bior4.4,5,per_level,227840,5909,0.2075,34.37,0.8948,3.2845,1.6649
CHNCXR_0246_0,bior4.4,5,per_level,257536,4922,0.1529,35.92,0.9042,3.2626,2.2762
CHNCXR_0297_0,bior4.4,5,per_level,239616,5928,0.1979,34.64,0.8925,3.2553,2.3799
CHNCXR_0331_1,bior4.4,5,per_level,259584,6802,0.2096,33.74,0.8661,3.1973,1.7205
CHNCXR_0337_1,bior4.4,5,per_level,251904,5974,0.1897,34.02,0.8738,3.3057,1.9042
CHNCXR_0343_1,bior4.4,5,per_level,248320,6662,0.2146,34.2,0.8878,3.3218,1.6437
CHNCXR_0452_1,bior4.4,5,per_level,226304,5884,0.208,33.71,0.875,3.2245,2.0887
CHNCXR_0470_1,bior4.4,5,per_level,215552,5441,0.2019,33.82,0.878,3.3211,1.9679
CHNCXR_0480_1,bior4.4,5,per_level,251904,5814,0.1846,34.6,0.8905,3.3209,1.8525
CHNCXR_0498_1,bior4.4,5,per_level,229376,5810,0.2026,33.79,0.869,3.2646,2.0718
CHNCXR_0515_1,bior4.4,5,per_level,218112,5878,0.2156,34.04,0.8758,3.2994,1.6524
CHNCXR_0553_1,bior4.4,5,per_level,227840,5703,0.2002,34.03,0.8726,3.228,2.0663
CHNCXR_0636_1,bior4.4,5,per_level,259072,6072,0.1875,35.52,0.9025,3.1028,2.3649
MCUCXR_0019_0,bior4.4,5,per_level,215552,4639,0.1722,35.58,0.9219,3.0867,2.393
MCUCXR_0081_0,bior4.4,5,per_level,215552,4637,0.1721,34.66,0.9199,3.2204,2.522
MCUCXR_0150_1,bior4.4,5,per_level,215552,4788,0.1777,34.19,0.9087,3.2073,2.5301
MCUCXR_0251_1,bior4.4,5,per_level,215552,4683,0.1738,34.43,0.9091,3.3692,3.075
CHNCXR_0062_0,bior4.4,5,single,257024,5513,0.1716,35.33,0.9009,3.2531,2.4506
CHNCXR_0085_0,bior4.4,5,single,257536,5470,0.1699,35.54,0.9019,3.2468,2.379
CHNCXR_0121_0,bior4.4,5,single,241152,6248,0.2073,34.55,0.8957,3.3,1.6598
CHNCXR_0131_0,bior4.4,5,single,227840,6180,0.217,34.37,0.8948,3.2845,1.6649
CHNCXR_0246_0,bior4.4,5,single,257536,5049,0.1568,35.92,0.9042,3.2626,2.2762
CHNCXR_0297_0,bior4.4,5,single,239616,6113,0.2041,34.64,0.8925,3.2553,2.3799
CHNCXR_0331_1,bior4.4,5,single,259584,7131,0.2198,33.74,0.8661,3.1973,1.7205
CHNCXR_0337_1,bior4.4,5,single,251904,6240,0.1982,34.02,0.8738,3.3057,1.9042
CHNCXR_0343_1,bior4.4,5,single,248320,6943,0.2237,34.2,0.8878,3.3218,1.6437
CHNCXR_0452_1,bior4.4,5,single,226304,6201,0.2192,33.71,0.875,3.2245,2.0887
CHNCXR_0470_1,bior4.4,5,single,215552,5727,0.2126,33.82,0.878,3.3211,1.9679
CHNCXR_0480_1,bior4.4,5,single,251904,6045,0.192,34.6,0.8905,3.3209,1.8525
CHNCXR_0498_1,bior4.4,5,single,229376,6102,0.2128,33.79,0.869,3.2646,2.0718
CHNCXR_0515_1,bior4.4,5,single,218112,6134,0.225,34.04,0.8758,3.2994,1.6524
CHNCXR_0553_1,bior4.4,5,single,227840,6017,0.2113,34.03,0.8726,3.228,2.0663
CHNCXR_0636_1,bior4.4,5,single,259072,6315,0.195,35.52,0.9025,3.1028,2.3649
MCUCXR_0019_0,bior4.4,5,single,215552,4655,0.1728,35.58,0.9219,3.0867,2.393
MCUCXR_0081_0,bior4.4,5,single,215552,4699,0.1744,34.66,0.9199,3.2204,2.522
MCUCXR_0150_1,bior4.4,5,single,215552,4906,0.1821,34.19,0.9087,3.2073,2.5301
MCUCXR_0251_1,bior4.4,5,single,215552,4723,0.1753,34.43,0.9091,3.3692,3.075
CHNCXR_0062_0,db2,3,per_level,257024,8207,0.2554,37.68,0.9285,2.7141,2.206
CHNCXR_0085_0,db2,3,per_level,257536,7729,0.2401,37.89,0.931,2.7117,2.3425
CHNCXR_0121_0,db2,3,per_level,241152,8889,0.2949,36.67,0.9264,2.8616,1.9134
CHNCXR_0131_0,db2,3,per_level,227840,8583,0.3014,36.48,0.9263,2.8543,1.9265
CHNCXR_0246_0,db2,3,per_level,257536,7681,0.2386,38.25,0.9313,2.6802,1.9288
CHNCXR_0297_0,db2,3,per_level,239616,8084,0.2699,37.65,0.9206,2.7852,2.1443
CHNCXR_0331_1,db2,3,per_level,259584,9981,0.3076,35.92,0.9059,2.7418,2.0294
CHNCXR_0337_1,db2,3,per_level,251904,9589,0.3045,36.06,0.909,2.764,1.9807
CHNCXR_0343_1,db2,3,per_level,248320,9486,0.3056,36.23,0.9202,2.7959,1.9584
CHNCXR_0452_1,db2,3,per_level,226304,9104,0.3218,35.66,0.9119,2.7745,2.0525
CHNCXR_0470_1,db2,3,per_level,215552,8638,0.3206,35.9,0.9141,2.829,2.0553
CHNCXR_0480_1,db2,3,per_level,251904,9221,0.2928,36.6,0.9214,2.829,1.8709
CHNCXR_0498_1,db2,3,per_level,229376,8992,0.3136,35.78,0.9064,2.8294,2.0548
CHNCXR_0515_1,db2,3,per_level,218112,8393,0.3078,36.09,0.913,2.7849,1.9763
CHNCXR_0553_1,db2,3,per_level,227840,8924,0.3133,36.05,0.9099,2.7854,2.0192
CHNCXR_0636_1,db2,3,per_level,259072,8447,0.2608,37.94,0.9315,2.7359,2.0747
MCUCXR_0019_0,db2,3,per_level,215552,7098,0.2634,38.22,0.9489,2.7831,2.5346
MCUCXR_0081_0,db2,3,per_level,215552,7439,0.2761,37.74,0.9485,2.7951,2.4585
MCUCXR_0150_1,db2,3,per_level,215552,7133,0.2647,36.92,0.938,2.8241,2.8826
MCUCXR_0251_1,db2,3,per_level,215552,7814,0.29,37.09,0.9389,2.9065,2.6352
CHNCXR_0062_0,db2,3,single,257024,8399,0.2614,37.68,0.9285,2.7141,2.206
CHNCXR_0085_0,db2,3,single,257536,7892,0.2452,37.89,0.931,2.7117,2.3425
CHNCXR_0121_0,db2,3,single,241152,9171,0.3042,36.67,0.9264,2.8616,1.9134
CHNCXR_0131_0,db2,3,single,227840,8844,0.3105,36.48,0.9263,2.8543,1.9265
CHNCXR_0246_0,db2,3,single,257536,7813,0.2427,38.25,0.9313,2.6802,1.9288
CHNCXR_0297_0,db2,3,single,239616,8197,0.2737,37.65,0.9206,2.7852,2.1443
CHNCXR_0331_1,db2,3,single,259584,10367,0.3195,35.92,0.9059,2.7418,2.0294
CHNCXR_0337_1,db2,3,single,251904,9944,0.3158,36.06,0.909,2.764,1.9807
CHNCXR_0343_1,db2,3,single,248320,9763,0.3145,36.23,0.9202,2.7959,1.9584
CHNCXR_0452_1,db2,3,single,226304,9435,0.3335,35.66,0.9119,2.7745,2.0525
CHNCXR_0470_1,db2,3,single,215552,8923,0.3312,35.9,0.9141,2.829,2.0553
CHNCXR_0480_1,db2,3,single,251904,9504,0.3018,36.6,0.9214,2.829,1.8709
CHNCXR_0498_1,db2,3,single,229376,9333,0.3255,35.78,0.9064,2.8294,2.0548
CHNCXR_0515_1,db2,3,single,218112,8675,0.3182,36.09,0.913,2.7849,1.9763
CHNCXR_0553_1,db2,3,single,227840,9214,0.3235,36.05,0.9099,2.7854,2.0192
CHNCXR_0636_1,db2,3,single,259072,8603,0.2657,37.94,0.9315,2.7359,2.0747
MCUCXR_0019_0,db2,3,single,215552,7175,0.2663,38.22,0.9489,2.7831,2.5346
MCUCXR_0081_0,db2,3,single,215552,7511,0.2788,37.74,0.9485,2.7951,2.4585
MCUCXR_0150_1,db2,3,single,215552,7233,0.2684,36.92,0.938,2.8241,2.8826
MCUCXR_0251_1,db2,3,single,215552,7897,0.2931,37.09,0.9389,2.9065,2.6352
CHNCXR_0062_0,db2,4,per_level,257024,5982,0.1862,36.38,0.9107,2.8743,2.5321
CHNCXR_0085_0,db2,4,per_level,257536,5857,0.1819,36.57,0.914,2.9229,2.3883
CHNCXR_0121_0,db2,4,per_level,241152,6908,0.2292,35.44,0.9079,3.0223,1.843
CHNCXR_0131_0,db2,4,per_level,227840,6656,0.2337,35.19,0.9059,3.0206,1.8939
CHNCXR_0246_0,db2,4,per_level,257536,5462,0.1697,36.96,0.9152,2.9131,2.3677
CHNCXR_0297_0,db2,4,per_level,239616,6133,0.2048,36.39,0.9053,2.9884,2.4025
CHNCXR_0331_1,db2,4,per_level,259584,7762,0.2392,34.78,0.883,2.8842,1.9955
CHNCXR_0337_1,db2,4,per_level,251904,7271,0.2309,34.82,0.8855,2.9018,1.9671
CHNCXR_0343_1,db2,4,per_level,248320,7314,0.2356,35.01,0.901,2.9609,1.8907
CHNCXR_0452_1,db2,4,per_level,226304,7042,0.2489,34.39,0.8889,2.921,2.0006
CHNCXR_0470_1,db2,4,per_level,215552,6603,0.2451,34.65,0.8923,2.9485,2.053
CHNCXR_0480_1,db2,4,per_level,251904,7116,0.226,35.39,0.9028,3.0256,1.9368
CHNCXR_0498_1,db2,4,per_level,229376,6928,0.2416,34.63,0.884,2.9707,1.9975
CHNCXR_0515_1,db2,4,per_level,218112,6539,0.2398,34.89,0.8912,2.9383,1.9551
CHNCXR_0553_1,db2,4,per_level,227840,6930,0.2433,34.8,0.887,2.9345,1.9924
CHNCXR_0636_1,db2,4,per_level,259072,6686,0.2065,36.7,0.9146,2.8606,2.1022
MCUCXR_0019_0,db2,4,per_level,215552,5339,0.1982,36.61,0.9311,2.988,2.6895
MCUCXR_0081_0,db2,4,per_level,215552,5513,0.2046,36.21,0.9342,3.0311,2.8465
MCUCXR_0150_1,db2,4,per_level,215552,5160,0.1915,35.52,0.9221,3.0429,3.2883
MCUCXR_0251_1,db2,4,per_level,215552,6070,0.2253,35.6,0.9237,3.1783,2.6629
CHNCXR_0062_0,db2,4,single,257024,6240,0.1942,36.38,0.9107,2.8743,2.5321
CHNCXR_0085_0,db2,4,single,257536,6085,0.189,36.57,0.914,2.9229,2.3883
CHNCXR_0121_0,db2,4,single,241152,7253,0.2406,35.44,0.9079,3.0223,1.843
CHNCXR_0131_0,db2,4,single,227840,7023,0.2466,35.19,0.9059,3.0206,1.8939
CHNCXR_0246_0,db2,4,single,257536,5643,0.1753,36.96,0.9152,2.9131,2.3677
CHNCXR_0297_0,db2,4,single,239616,6277,0.2096,36.39,0.9053,2.9884,2.4025
CHNCXR_0331_1,db2,4,single,259584,8290,0.2555,34.78,0.883,2.8842,1.9955
CHNCXR_0337_1,db2,4,single,251904,7748,0.2461,34.82,0.8855,2.9018,1.9671
CHNCXR_0343_1,db2,4,single,248320,7700,0.2481,35.01,0.901,2.9609,1.8907
CHNCXR_0452_1,db2,4,single,226304,7486,0.2646,34.39,0.8889,2.921,2.0006
CHNCXR_0470_1,db2,4,single,215552,7010,0.2602,34.65,0.8923,2.9485,2.053
CHNCXR_0480_1,db2,4,single,251904,7524,0.2389,35.39,0.9028,3.0256,1.9368
CHNCXR_0498_1,db2,4,single,229376,7402,0.2582,34.63,0.884,2.9707,1.9975
CHNCXR_0515_1,db2,4,single,218112,6943,0.2547,34.89,0.8912,2.9383,1.9551
CHNCXR_0553_1,db2,4,single,227840,7356,0.2583,34.8,0.887,2.9345,1.9924
CHNCXR_0636_1,db2,4,single,259072,6905,0.2132,36.7,0.9146,2.8606,2.1022
MCUCXR_0019_0,db2,4,single,215552,5479,0.2033,36.61,0.9311,2.988,2.6895
MCUCXR_0081_0,db2,4,single,215552,5670,0.2104,36.21,0.9342,3.0311,2.8465
MCUCXR_0150_1,db2,4,single,215552,5348,0.1985,35.52,0.9221,3.0429,3.2883
MCUCXR_0251_1,db2,4,single,215552,6197,0.23,35.6,0.9237,3.1783,2.6629
CHNCXR_0062_0,db2,5,per_level,257024,4835,0.1505,35.14,0.8934,2.9807,2.4776
CHNCXR_0085_0,db2,5,per_level,257536,4704,0.1461,35.37,0.8963,3.0199,2.3886
CHNCXR_0121_0,db2,5,per_level,241152,5731,0.1901,34.32,0.8868,3.1263,1.6485
CHNCXR_0131_0,db2,5,per_level,227840,5535,0.1943,34.03,0.8844,3.0868,1.7109
CHNCXR_0246_0,db2,5,per_level,257536,4521,0.1404,35.74,0.8993,3.0376,2.2369
CHNCXR_0297_0,db2,5,per_level,239616,4984,0.1664,34.91,0.8889,3.0112,2.2728
CHNCXR_0331_1,db2,5,per_level,259584,6388,0.1969,33.53,0.8576,2.9226,1.7666
CHNCXR_0337_1,db2,5,per_level,251904,5482,0.1741,33.64,0.8623,2.9916,2.0816
CHNCXR_0343_1,db2,5,per_level,248320,6161,0.1985,33.9,0.8795,3.0347,1.6654
CHNCXR_0452_1,db2,5,per_level,226304,5726,0.2024,33.32,0.8667,2.9435,1.8734
CHNCXR_0470_1,db2,5,per_level,215552,5071,0.1882,33.51,0.8686,2.9578,2.1584
CHNCXR_0480_1,db2,5,per_level,251904,5900,0.1874,34.18,0.8819,3.1184,1.6828
CHNCXR_0498_1,db2,5,per_level,229376,5573,0.1944,33.45,0.8592,3.095,1.8225
CHNCXR_0515_1,db2,5,per_level,218112,5429,0.1991,33.64,0.8666,3.0157,1.6788
CHNCXR_0553_1,db2,5,per_level,227840,5278,0.1853,33.72,0.8635,2.9553,2.134
CHNCXR_0636_1,db2,5,per_level,259072,5230,0.1615,35.39,0.8971,3.0016,2.2733
MCUCXR_0019_0,db2,5,per_level,215552,4360,0.1618,34.91,0.9139,3.0207,2.4427
MCUCXR_0081_0,db2,5,per_level,215552,4573,0.1697,34.61,0.9182,3.1606,2.6573
MCUCXR_0150_1,db2,5,per_level,215552,4164,0.1545,34.2,0.9046,3.0929,3.1862
MCUCXR_0251_1,db2,5,per_level,215552,4564,0.1694,34.19,0.9064,3.1708,3.3078
CHNCXR_0062_0,db2,5,single,257024,5078,0.1581,35.14,0.8934,2.9807,2.4776
CHNCXR_0085_0,db2,5,single,257536,4956,0.154,35.37,0.8963,3.0199,2.3886
CHNCXR_0121_0,db2,5,single,241152,6054,0.2008,34.32,0.8868,3.1263,1.6485
CHNCXR_0131_0,db2,5,single,227840,5873,0.2062,34.03,0.8844,3.0868,1.7109
CHNCXR_0246_0,db2,5,single,257536,4705,0.1462,35.74,0.8993,3.0376,2.2369
CHNCXR_0297_0,db2,5,single,239616,5139,0.1716,34.91,0.8889,3.0112,2.2728
CHNCXR_0331_1,db2,5,single,259584,6825,0.2103,33.53,0.8576,2.9226,1.7666
CHNCXR_0337_1,db2,5,single,251904,5860,0.1861,33.64,0.8623,2.9916,2.0816
CHNCXR_0343_1,db2,5,single,248320,6513,0.2098,33.9,0.8795,3.0347,1.6654
CHNCXR_0452_1,db2,5,single,226304,6131,0.2167,33.32,0.8667,2.9435,1.8734
CHNCXR_0470_1,db2,5,single,215552,5423,0.2013,33.51,0.8686,2.9578,2.1584
CHNCXR_0480_1,db2,5,single,251904,6245,0.1983,34.18,0.8819,3.1184,1.6828
CHNCXR_0498_1,db2,5,single,229376,5942,0.2072,33.45,0.8592,3.095,1.8225
CHNCXR_0515_1,db2,5,single,218112,5759,0.2112,33.64,0.8666,3.0157,1.6788
CHNCXR_0553_1,db2,5,single,227840,5699,0.2001,33.72,0.8635,2.9553,2.134
CHNCXR_0636_1,db2,5,single,259072,5452,0.1684,35.39,0.8971,3.0016,2.2733
MCUCXR_0019_0,db2,5,single,215552,4491,0.1667,34.91,0.9139,3.0207,2.4427
MCUCXR_0081_0,db2,5,single,215552,4704,0.1746,34.61,0.9182,3.1606,2.6573
MCUCXR_0150_1,db2,5,single,215552,4325,0.1605,34.2,0.9046,3.0929,3.1862
MCUCXR_0251_1,db2,5,single,215552,4721,0.1752,34.19,0.9064,3.1708,3.3078
CHNCXR_0062_0,haar,3,per_level,257024,9296,0.2893,36.01,0.9035,2.6628,2.4997
CHNCXR_0085_0,haar,3,per_level,257536,8931,0.2774,36.08,0.9021,2.6977,2.3613
CHNCXR_0121_0,haar,3,per_level,241152,10181,0.3377,34.82,0.8983,2.8419,2.3118
CHNCXR_0131_0,haar,3,per_level,227840,9837,0.3454,34.71,0.898,2.8216,2.3572
CHNCXR_0246_0,haar,3,per_level,257536,8361,0.2597,36.52,0.9038,2.6776,2.1774
CHNCXR_0297_0,haar,3,per_level,239616,8884,0.2966,36.19,0.8946,2.735,2.4086
CHNCXR_0331_1,haar,3,per_level,259584,11410,0.3516,34.33,0.8755,2.7183,2.4347
CHNCXR_0337_1,haar,3,per_level,251904,10885,0.3457,34.45,0.8778,2.7162,2.3654
CHNCXR_0343_1,haar,3,per_level,248320,10853,0.3496,34.54,0.892,2.7727,2.3614
CHNCXR_0452_1,haar,3,per_level,226304,10475,0.3703,34.0,0.8815,2.7483,2.4905
CHNCXR_0470_1,haar,3,per_level,215552,9869,0.3663,34.21,0.885,2.7761,2.464
CHNCXR_0480_1,haar,3,per_level,251904,10640,0.3379,34.93,0.8933,2.7939,2.3201
CHNCXR_0498_1,haar,3,per_level,229376,10192,0.3555,34.22,0.8791,2.8147,2.4413
CHNCXR_0515_1,haar,3,per_level,218112,9660,0.3543,34.43,0.8831,2.7812,2.3928
CHNCXR_0553_1,haar,3,per_level,227840,9996,0.351,34.48,0.8803,2.7403,2.3959
CHNCXR_0636_1,haar,3,per_level,259072,9889,0.3054,36.33,0.9043,2.7172,2.1112
MCUCXR_0019_0,haar,3,per_level,215552,8121,0.3014,36.17,0.8977,2.7435,2.8876
MCUCXR_0081_0,haar,3,per_level,215552,8637,0.3206,35.78,0.8972,2.7584,2.8805
MCUCXR_0150_1,haar,3,per_level,215552,9058,0.3362,35.15,0.8948,2.7889,2.832
MCUCXR_0251_1,haar,3,per_level,215552,9265,0.3439,35.17,0.8958,2.8446,3.0711
CHNCXR_0062_0,haar,3,single,257024,9618,0.2994,36.01,0.9035,2.6628,2.4997
CHNCXR_0085_0,haar,3,single,257536,9219,0.2864,36.08,0.9021,2.6977,2.3613
CHNCXR_0121_0,haar,3,single,241152,10625,0.3525,34.82,0.8983,2.8419,2.3118
CHNCXR_0131_0,haar,3,single,227840,10302,0.3617,34.71,0.898,2.8216,2.3572
CHNCXR_0246_0,haar,3,single,257536,8609,0.2674,36.52,0.9038,2.6776,2.1774
CHNCXR_0297_0,haar,3,single,239616,9103,0.3039,36.19,0.8946,2.735,2.4086
CHNCXR_0331_1,haar,3,single,259584,11994,0.3696,34.33,0.8755,2.7183,2.4347
CHNCXR_0337_1,haar,3,single,251904,11438,0.3632,34.45,0.8778,2.7162,2.3654
CHNCXR_0343_1,haar,3,single,248320,11339,0.3653,34.54,0.892,2.7727,2.3614
CHNCXR_0452_1,haar,3,single,226304,10999,0.3888,34.0,0.8815,2.7483,2.4905
CHNCXR_0470_1,haar,3,single,215552,10340,0.3838,34.21,0.885,2.7761,2.464
CHNCXR_0480_1,haar,3,single,251904,11102,0.3526,34.93,0.8933,2.7939,2.3201
CHNCXR_0498_1,haar,3,single,229376,10691,0.3729,34.22,0.8791,2.8147,2.4413
CHNCXR_0515_1,haar,3,single,218112,10146,0.3721,34.43,0.8831,2.7812,2.3928
CHNCXR_0553_1,haar,3,single,227840,10486,0.3682,34.48,0.8803,2.7403,2.3959
CHNCXR_0636_1,haar,3,single,259072,10219,0.3156,36.33,0.9043,2.7172,2.1112
MCUCXR_0019_0,haar,3,single,215552,8368,0.3106,36.17,0.8977,2.7435,2.8876
MCUCXR_0081_0,haar,3,single,215552,8916,0.3309,35.78,0.8972,2.7584,2.8805
MCUCXR_0150_1,haar,3,single,215552,9388,0.3484,35.15,0.8948,2.7889,2.832
MCUCXR_0251_1,haar,3,single,215552,9523,0.3534,35.17,0.8958,2.8446,3.0711
CHNCXR_0062_0,haar,4,per_level,257024,7122,0.2217,34.76,0.8803,2.7997,2.4421
CHNCXR_0085_0,haar,4,per_level,257536,7022,0.2181,34.89,0.8805,2.8704,2.2932
CHNCXR_0121_0,haar,4,per_level,241152,7932,0.2631,33.51,0.873,2.9908,2.1992
CHNCXR_0131_0,haar,4,per_level,227840,7505,0.2635,33.39,0.8711,2.9535,2.257
CHNCXR_0246_0,haar,4,per_level,257536,6403,0.1989,35.33,0.8829,2.8388,2.2347
CHNCXR_0297_0,haar,4,per_level,239616,6883,0.2298,35.01,0.8736,2.9011,2.5199
CHNCXR_0331_1,haar,4,per_level,259584,8727,0.269,33.16,0.8465,2.8242,2.3028
CHNCXR_0337_1,haar,4,per_level,251904,7869,0.2499,33.18,0.8494,2.8383,2.6069
CHNCXR_0343_1,haar,4,per_level,248320,8384,0.2701,33.22,0.866,2.8905,2.2214
CHNCXR_0452_1,haar,4,per_level,226304,7995,0.2826,32.73,0.8526,2.8145,2.3364
CHNCXR_0470_1,haar,4,per_level,215552,7636,0.2834,32.93,0.857,2.8716,2.3193
CHNCXR_0480_1,haar,4,per_level,251904,8147,0.2587,33.62,0.8687,2.9463,2.2063
CHNCXR_0498_1,haar,4,per_level,229376,7721,0.2693,32.95,0.8507,2.9262,2.2992
CHNCXR_0515_1,haar,4,per_level,218112,7372,0.2704,33.12,0.8546,2.8836,2.2669
CHNCXR_0553_1,haar,4,per_level,227840,7673,0.2694,33.18,0.8508,2.8171,2.2776
CHNCXR_0636_1,haar,4,per_level,259072,7092,0.219,34.85,0.8801,2.8627,2.3995
MCUCXR_0019_0,haar,4,per_level,215552,6328,0.2349,34.85,0.8998,2.9391,2.8343
MCUCXR_0081_0,haar,4,per_level,215552,6681,0.248,34.34,0.902,2.9566,2.8634
MCUCXR_0150_1,haar,4,per_level,215552,6811,0.2528,33.79,0.8868,3.0032,2.8075
MCUCXR_0251_1,haar,4,per_level,215552,7267,0.2697,33.83,0.8921,3.0109,2.9858
CHNCXR_0062_0,haar,4,single,257024,7540,0.2347,34.76,0.8803,2.7997,2.4421
CHNCXR_0085_0,haar,4,single,257536,7394,0.2297,34.89,0.8805,2.8704,2.2932
CHNCXR_0121_0,haar,4,single,241152,8479,0.2813,33.51,0.873,2.9908,2.1992
CHNCXR_0131_0,haar,4,single,227840,8068,0.2833,33.39,0.8711,2.9535,2.257
CHNCXR_0246_0,haar,4,single,257536,6728,0.209,35.33,0.8829,2.8388,2.2347
CHNCXR_0297_0,haar,4,single,239616,7184,0.2399,35.01,0.8736,2.9011,2.5199
CHNCXR_0331_1,haar,4,single,259584,9502,0.2928,33.16,0.8465,2.8242,2.3028
CHNCXR_0337_1,haar,4,single,251904,8549,0.2715,33.18,0.8494,2.8383,2.6069
CHNCXR_0343_1,haar,4,single,248320,8986,0.2895,33.22,0.866,2.8905,2.2214
CHNCXR_0452_1,haar,4,single,226304,8635,0.3053,32.73,0.8526,2.8145,2.3364
CHNCXR_0470_1,haar,4,single,215552,8221,0.3051,32.93,0.857,2.8716,2.3193
CHNCXR_0480_1,haar,4,single,251904,8746,0.2778,33.62,0.8687,2.9463,2.2063
CHNCXR_0498_1,haar,4,single,229376,8353,0.2913,32.95,0.8507,2.9262,2.2992
CHNCXR_0515_1,haar,4,single,218112,7991,0.2931,33.12,0.8546,2.8836,2.2669
CHNCXR_0553_1,haar,4,single,227840,8294,0.2912,33.18,0.8508,2.8171,2.2776
CHNCXR_0636_1,haar,4,single,259072,7481,0.231,34.85,0.8801,2.8627,2.3995
MCUCXR_0019_0,haar,4,single,215552,6623,0.2458,34.85,0.8998,2.9391,2.8343
MCUCXR_0081_0,haar,4,single,215552,7000,0.2598,34.34,0.902,2.9566,2.8634
MCUCXR_0150_1,haar,4,single,215552,7201,0.2673,33.79,0.8868,3.0032,2.8075
MCUCXR_0251_1,haar,4,single,215552,7588,0.2816,33.83,0.8921,3.0109,2.9858
CHNCXR_0062_0,haar,5,per_level,257024,5312,0.1653,33.61,0.8571,2.8743,2.7082
CHNCXR_0085_0,haar,5,per_level,257536,5106,0.1586,33.77,0.8559,2.9472,2.6525
CHNCXR_0121_0,haar,5,per_level,241152,6366,0.2112,32.41,0.8462,2.9548,1.9372
CHNCXR_0131_0,haar,5,per_level,227840,5952,0.209,32.3,0.844,2.9011,2.0393
CHNCXR_0246_0,haar,5,per_level,257536,4705,0.1462,34.22,0.8588,2.9881,2.5143
CHNCXR_0297_0,haar,5,per_level,239616,5384,0.1798,33.72,0.8518,2.839,2.4615
CHNCXR_0331_1,haar,5,per_level,259584,7004,0.2159,32.12,0.816,2.8289,2.0322
CHNCXR_0337_1,haar,5,per_level,251904,6245,0.1983,32.04,0.8191,2.8322,2.3156
CHNCXR_0343_1,haar,5,per_level,248320,6760,0.2178,32.1,0.8383,2.8234,2.0129
CHNCXR_0452_1,haar,5,per_level,226304,5897,0.2085,31.6,0.8221,2.8765,2.4104
CHNCXR_0470_1,haar,5,per_level,215552,5773,0.2143,31.78,0.8268,2.6653,2.3744
CHNCXR_0480_1,haar,5,per_level,251904,6698,0.2127,32.49,0.8419,2.9801,1.9317
CHNCXR_0498_1,haar,5,per_level,229376,5692,0.1985,31.83,0.821,2.8318,2.3787
CHNCXR_0515_1,haar,5,per_level,218112,5559,0.2039,31.98,0.825,2.8318,2.3213
CHNCXR_0553_1,haar,5,per_level,227840,5698,0.2001,32.04,0.8194,2.7127,2.3467
CHNCXR_0636_1,haar,5,per_level,259072,5730,0.1769,33.72,0.8557,2.7682,2.1525
MCUCXR_0019_0,haar,5,per_level,215552,5058,0.1877,33.32,0.8775,2.913,2.782
MCUCXR_0081_0,haar,5,per_level,215552,5258,0.1951,32.99,0.8787,2.8636,2.8978
MCUCXR_0150_1,haar,5,per_level,215552,5303,0.1968,32.46,0.8616,3.0731,2.8815
MCUCXR_0251_1,haar,5,per_level,215552,5893,0.2187,32.46,0.8686,3.0024,2.7967
CHNCXR_0062_0,haar,5,single,257024,5681,0.1768,33.61,0.8571,2.8743,2.7082
CHNCXR_0085_0,haar,5,single,257536,5440,0.169,33.77,0.8559,2.9472,2.6525
CHNCXR_0121_0,haar,5,single,241152,6857,0.2275,32.41,0.8462,2.9548,1.9372
CHNCXR_0131_0,haar,5,single,227840,6437,0.226,32.3,0.844,2.9011,2.0393
CHNCXR_0246_0,haar,5,single,257536,5015,0.1558,34.22,0.8588,2.9881,2.5143
CHNCXR_0297_0,haar,5,single,239616,5610,0.1873,33.72,0.8518,2.839,2.4615
CHNCXR_0331_1,haar,5,single,259584,7665,0.2362,32.12,0.816,2.8289,2.0322
CHNCXR_0337_1,haar,5,single,251904,6874,0.2183,32.04,0.8191,2.8322,2.3156
CHNCXR_0343_1,haar,5,single,248320,7285,0.2347,32.1,0.8383,2.8234,2.0129
CHNCXR_0452_1,haar,5,single,226304,6450,0.228,31.6,0.8221,2.8765,2.4104
CHNCXR_0470_1,haar,5,single,215552,6271,0.2327,31.78,0.8268,2.6653,2.3744
CHNCXR_0480_1,haar,5,single,251904,7208,0.2289,32.49,0.8419,2.9801,1.9317
CHNCXR_0498_1,haar,5,single,229376,6245,0.2178,31.83,0.821,2.8318,2.3787
CHNCXR_0515_1,haar,5,single,218112,6086,0.2232,31.98,0.825,2.8318,2.3213
CHNCXR_0553_1,haar,5,single,227840,6210,0.218,32.04,0.8194,2.7127,2.3467
CHNCXR_0636_1,haar,5,single,259072,6066,0.1873,33.72,0.8557,2.7682,2.1525
MCUCXR_0019_0,haar,5,single,215552,5339,0.1982,33.32,0.8775,2.913,2.782
MCUCXR_0081_0,haar,5,single,215552,5521,0.2049,32.99,0.8787,2.8636,2.8978
MCUCXR_0150_1,haar,5,single,215552,5655,0.2099,32.46,0.8616,3.0731,2.8815
MCUCXR_0251_1,haar,5,single,215552,6184,0.2295,32.46,0.8686,3.0024,2.7967
