wavelet,levels,table_mode,mean_bpp,mean_psnr,mean_ssim
bior2.2,3,per_level,0.306095,37.612,0.935065
bior2.2,3,single,0.316075,37.612,0.935065
bior2.2,4,per_level,0.236835,36.3125,0.923305
bior2.2,4,single,0.250325,36.3125,0.923305
bior2.2,5,per_level,0.19302999999999998,34.9845,0.906625
bior2.2,5,single,0.20501,34.9845,0.906625
bior4.4,3,per_level,0.292445,37.2295,0.927505
bior4.4,3,single,0.29803999999999997,37.2295,0.927505
bior4.4,4,per_level,0.22744999999999999,35.824,0.91159
bior4.4,4,single,0.234825,35.824,0.91159
bior4.4,5,per_level,0.189815,34.534,0.8920350000000001
bior4.4,5,single,0.197045,34.534,0.8920350000000001
db2,3,per_level,0.287145,36.841,0.924085
db2,3,single,0.294675,36.841,0.924085
db2,4,per_level,0.2191,35.5465,0.90502
db2,4,single,0.229765,35.5465,0.90502
db2,5,per_level,0.17655,34.285000000000004,0.88476
db2,5,single,0.186165,34.285000000000004,0.88476
haar,3,per_level,0.32978999999999997,35.126,0.891885
haar,3,single,0.343335,35.126,0.891885
haar,4,per_level,0.252115,33.832,0.8709250000000001
haar,4,single,0.26905,33.832,0.8709250000000001
haar,5,per_level,0.195765,32.648,0.844275
haar,5,single,0.2105,32.648,0.844275
