source,quality,bpp,compression_ratio,psnr_full,ssim_full,psnr_roi,psnr_background,ssim_roi,ssim_background,roi_lossless_fraction,ll_entropy,ll_avg_code_length,detail_entropy,detail_avg_code_length,encode_time_s,decode_time_s
all,10,0.0515,157.812,30.45,0.8319,29.63,30.84,0.7207,0.8686,0.0,2.1684,2.2511,1.4171,1.8805,0.066,0.0188
all,20,0.0977,83.526,32.45,0.8661,31.28,33.0,0.774,0.8966,0.0,2.4263,2.5082,1.014,1.6485,0.0782,0.0303
all,30,0.1503,54.305,34.83,0.8998,32.99,35.71,0.8288,0.9236,0.0,2.6292,2.7087,1.2588,1.8276,0.091,0.0413
all,50,0.3281,24.754,39.31,0.9517,36.85,40.63,0.9211,0.9629,0.0,2.8942,2.9648,2.0882,2.4361,0.1262,0.0719
all,70,0.7371,11.073,43.67,0.9786,41.19,45.04,0.9693,0.9824,0.0,3.0447,3.0952,3.0291,3.1598,0.1986,0.1378
all,90,1.75,4.725,49.16,0.9929,47.94,49.74,0.9932,0.993,0.0,3.1215,3.1668,3.6187,3.6597,0.3795,0.3034
montgomery,10,0.0534,151.032,30.09,0.868,30.42,30.0,0.7846,0.8947,0.0,2.1324,2.2362,1.3918,1.8672,0.0625,0.0174
montgomery,20,0.0858,94.627,32.54,0.8952,32.15,32.7,0.8223,0.9186,0.0,2.3797,2.4797,1.5142,1.988,0.0679,0.0237
montgomery,30,0.1315,61.484,35.26,0.9238,33.88,35.84,0.8622,0.9438,0.0,2.5873,2.6808,1.6948,2.1343,0.0773,0.0322
montgomery,50,0.2901,27.849,40.25,0.9656,37.75,41.53,0.9336,0.9764,0.0,2.8892,2.9601,2.3504,2.631,0.1093,0.0591
montgomery,70,0.6239,13.012,45.03,0.9861,42.03,46.76,0.9731,0.9906,0.0,3.0998,3.154,3.0951,3.218,0.1659,0.1111
montgomery,90,1.3702,5.962,50.6,0.9954,48.24,51.76,0.9931,0.9963,0.0,3.2293,3.2698,3.6216,3.6755,0.2934,0.2275
shenzhen,10,0.051,159.225,30.53,0.8244,29.44,31.04,0.7051,0.8623,0.0,2.1759,2.2542,1.4224,1.8833,0.0667,0.0191
shenzhen,20,0.1002,81.212,32.44,0.86,31.07,33.07,0.7622,0.8912,0.0,2.4361,2.5141,0.9097,1.5777,0.0804,0.0317
shenzhen,30,0.1543,52.808,34.74,0.8948,32.77,35.68,0.8207,0.9186,0.0,2.6379,2.7145,1.1679,1.7636,0.0939,0.0431
shenzhen,50,0.336,24.109,39.11,0.9489,36.63,40.41,0.918,0.9596,0.0,2.8952,2.9658,2.0336,2.3955,0.1297,0.0746
shenzhen,70,0.7607,10.669,43.39,0.9771,40.99,44.62,0.9683,0.9804,0.0,3.0332,3.083,3.0154,3.1476,0.2055,0.1434
shenzhen,90,1.8291,4.467,48.86,0.9924,47.87,49.25,0.9932,0.9922,0.0,3.099,3.1453,3.6181,3.6564,0.3974,0.3192
