family,variant,delta_core,delta_band,band_px,bg_quality,bpp,bytes_header,bytes_mask,bytes_core,bytes_band,bytes_bg,total_bytes,flip_rate,flip_rate_ci_lower,flip_rate_ci_upper,flip_rate_confident,mean_abs_prob_diff,mean_abs_prob_diff_ci_lower,mean_abs_prob_diff_ci_upper,p99_lung_err,max_lung_err,frac_lung_gt_2,frac_lung_gt_4,frac_lung_outside_roi,psnr_lung_true
graded_d0_2_bp4,graded_d0_2_bp4_q10,0,2,4,10,1.1586,63,1578,30482,1735,1383,35241,0.1,0.05,0.1583,0.0463,0.0916,0.0638,0.1249,2.57,19.17,0.0119,0.0075,0.0186,54.1
graded_d0_2_bp4,graded_d0_2_bp4_q30,0,2,4,30,1.2405,63,1578,30482,1735,3886,37744,0.0667,0.025,0.1167,0.0185,0.0621,0.0413,0.0883,2.07,14.95,0.0092,0.0045,0.0186,56.17
graded_d0_2_bp4,graded_d0_2_bp4_q50,0,2,4,50,1.3658,63,1578,30482,1735,7703,41561,0.0417,0.0083,0.0833,0.0093,0.0341,0.0227,0.049,1.75,10.61,0.006,0.0018,0.0186,58.06
graded_d0_2_bp8,graded_d0_2_bp8_q10,0,2,8,10,1.209,63,1578,30482,3292,1353,36767,0.1,0.05,0.1583,0.0463,0.0866,0.0597,0.1208,2.17,12.38,0.008,0.0049,0.013,57.39
graded_d0_2_bp8,graded_d0_2_bp8_q30,0,2,8,30,1.2891,63,1578,30482,3292,3801,39216,0.0583,0.0167,0.1083,0.0185,0.0593,0.0377,0.0872,1.86,9.33,0.0061,0.0027,0.013,58.53
graded_d0_2_bp8,graded_d0_2_bp8_q50,0,2,8,50,1.4086,63,1578,30482,3292,7444,42858,0.05,0.0167,0.0917,0.0093,0.0323,0.0206,0.0467,1.61,6.88,0.0038,0.001,0.013,59.43
graded_d0_4_bp4,graded_d0_4_bp4_q10,0,4,4,10,1.1474,63,1578,30499,1377,1383,34899,0.1083,0.0583,0.1667,0.0556,0.092,0.0641,0.1266,3.47,19.24,0.023,0.0075,0.0186,52.16
graded_d0_4_bp4,graded_d0_4_bp4_q30,0,4,4,30,1.2293,63,1578,30499,1377,3886,37402,0.0667,0.025,0.1167,0.0185,0.0633,0.0421,0.0905,3.0,15.01,0.0203,0.0045,0.0186,53.66
graded_d0_4_bp4,graded_d0_4_bp4_q50,0,4,4,50,1.3545,63,1578,30499,1377,7703,41219,0.0417,0.0083,0.0833,0.0093,0.0362,0.0233,0.0529,2.64,10.67,0.0172,0.0018,0.0186,54.85
graded_d0_4_bp8,graded_d0_4_bp8_q10,0,4,8,10,1.1887,63,1578,30499,2660,1353,36152,0.1,0.05,0.1583,0.0463,0.09,0.062,0.1239,3.1,13.03,0.0217,0.0049,0.013,53.83
graded_d0_4_bp8,graded_d0_4_bp8_q30,0,4,8,30,1.2688,63,1578,30499,2660,3801,38601,0.0667,0.025,0.1167,0.0185,0.0603,0.0381,0.089,2.81,9.96,0.0197,0.0027,0.013,54.6
graded_d0_4_bp8,graded_d0_4_bp8_q50,0,4,8,50,1.3883,63,1578,30499,2660,7444,42243,0.05,0.0167,0.0917,0.0093,0.0353,0.0232,0.0504,2.6,7.56,0.0175,0.001,0.013,55.13
graded_d1_3_bp4,graded_d1_3_bp4_q10,1,3,4,10,0.8076,63,1578,20034,1513,1383,24570,0.1083,0.0583,0.1667,0.0556,0.0953,0.0663,0.1298,3.13,19.2,0.0191,0.0075,0.0186,47.53
graded_d1_3_bp4,graded_d1_3_bp4_q30,1,3,4,30,0.8895,63,1578,20034,1513,3886,27073,0.0667,0.025,0.1167,0.0185,0.0635,0.0422,0.0905,2.67,14.98,0.0164,0.0045,0.0186,48.31
graded_d1_3_bp4,graded_d1_3_bp4_q50,1,3,4,50,1.0147,63,1578,20034,1513,7703,30890,0.05,0.0167,0.0917,0.0093,0.0363,0.023,0.0526,2.34,10.64,0.0132,0.0018,0.0186,48.83
graded_d1_3_bp8,graded_d1_3_bp8_q10,1,3,8,10,0.8523,63,1578,20037,2897,1353,25927,0.1083,0.0583,0.1667,0.0556,0.0908,0.0626,0.125,2.79,12.7,0.0169,0.0049,0.013,48.24
graded_d1_3_bp8,graded_d1_3_bp8_q30,1,3,8,30,0.9324,63,1578,20037,2897,3801,28375,0.0833,0.0333,0.1417,0.0278,0.0603,0.0381,0.0889,2.5,9.65,0.0149,0.0027,0.013,48.69
graded_d1_3_bp8,graded_d1_3_bp8_q50,1,3,8,50,1.0519,63,1578,20037,2897,7444,32018,0.05,0.0167,0.0917,0.0093,0.0352,0.0225,0.05,2.27,7.22,0.0127,0.001,0.013,48.98
graded_d2_4_bp4,graded_d2_4_bp4_q10,2,4,4,10,0.6765,63,1578,16171,1386,1383,20580,0.1167,0.0665,0.1833,0.0648,0.0976,0.0688,0.1335,3.75,19.24,0.0231,0.0075,0.0186,44.01
graded_d2_4_bp4,graded_d2_4_bp4_q30,2,4,4,30,0.7584,63,1578,16171,1386,3886,23084,0.0833,0.0333,0.1417,0.037,0.0682,0.0454,0.0983,3.29,15.01,0.0204,0.0045,0.0186,44.43
graded_d2_4_bp4,graded_d2_4_bp4_q50,2,4,4,50,0.8837,63,1578,16171,1386,7703,26901,0.05,0.0167,0.0917,0.0093,0.041,0.0271,0.0587,2.9,10.67,0.0172,0.0018,0.0186,44.68
graded_d2_4_bp8,graded_d2_4_bp8_q10,2,4,8,10,0.718,63,1578,16171,2672,1353,21837,0.1083,0.0583,0.1667,0.0556,0.0959,0.0675,0.1326,3.38,13.03,0.0217,0.0049,0.013,44.32
graded_d2_4_bp8,graded_d2_4_bp8_q30,2,4,8,30,0.798,63,1578,16171,2672,3801,24285,0.0833,0.0333,0.1417,0.0278,0.0661,0.0422,0.0963,3.1,9.96,0.0198,0.0027,0.013,44.57
graded_d2_4_bp8,graded_d2_4_bp8_q50,2,4,8,50,0.9176,63,1578,16171,2672,7444,27928,0.05,0.0167,0.0917,0.0,0.0441,0.0308,0.0608,2.89,7.56,0.0175,0.001,0.013,44.72
graded_d3_6_bp4,graded_d3_6_bp4_q10,3,6,4,10,0.6049,63,1578,14128,1247,1383,18398,0.1333,0.075,0.2,0.0833,0.1143,0.0822,0.154,4.79,19.31,0.3006,0.0153,0.0186,41.38
graded_d3_6_bp4,graded_d3_6_bp4_q30,3,6,4,30,0.6868,63,1578,14128,1247,3886,20902,0.0917,0.0417,0.15,0.037,0.0829,0.0566,0.1152,4.3,15.07,0.2979,0.0123,0.0186,41.63
graded_d3_6_bp4,graded_d3_6_bp4_q50,3,6,4,50,0.8121,63,1578,14128,1247,7703,24719,0.0833,0.0417,0.1417,0.037,0.0554,0.0377,0.0778,4.0,10.75,0.2947,0.0096,0.0186,41.78
graded_d3_6_bp8,graded_d3_6_bp8_q10,3,6,8,10,0.6426,63,1578,14133,2414,1353,19541,0.125,0.0748,0.1917,0.0741,0.1107,0.0785,0.1498,4.49,13.76,0.3001,0.0145,0.013,41.52
graded_d3_6_bp8,graded_d3_6_bp8_q30,3,6,8,30,0.7227,63,1578,14133,2414,3801,21989,0.0917,0.0417,0.15,0.037,0.0804,0.0555,0.1131,4.26,10.69,0.2981,0.0123,0.013,41.67
graded_d3_6_bp8,graded_d3_6_bp8_q50,3,6,8,50,0.8422,63,1578,14133,2414,7444,25632,0.0583,0.0167,0.1083,0.0,0.0592,0.0434,0.0783,4.13,8.31,0.2959,0.0106,0.013,41.76
lossless_dilated_bp4,lossless_dilated_bp4_q10,0,0,4,10,1.213,63,1634,33811,0,1383,36890,0.1,0.05,0.1583,0.0463,0.0912,0.0631,0.1245,1.59,19.11,0.0119,0.0075,0.0186,56.85
lossless_dilated_bp4,lossless_dilated_bp4_q30,0,0,4,30,1.2949,63,1634,33811,0,3886,39393,0.0667,0.025,0.1167,0.0185,0.0621,0.0412,0.0884,1.08,14.9,0.0092,0.0045,0.0186,59.48
lossless_dilated_bp4,lossless_dilated_bp4_q50,0,0,4,50,1.4201,63,1634,33811,0,7703,43211,0.0417,0.0083,0.0833,0.0093,0.0334,0.022,0.0484,0.75,10.55,0.006,0.0018,0.0186,62.79
lossless_dilated_bp8,lossless_dilated_bp8_q10,0,0,8,10,1.3154,63,1683,36899,0,1353,39998,0.0917,0.0417,0.15,0.037,0.086,0.0598,0.1197,1.1,11.75,0.008,0.0049,0.013,72.22
lossless_dilated_bp8,lossless_dilated_bp8_q30,0,0,8,30,1.3955,63,1683,36899,0,3801,42446,0.0583,0.0167,0.1083,0.0185,0.0583,0.0371,0.0853,0.78,8.7,0.0061,0.0027,0.013,74.08
lossless_dilated_bp8,lossless_dilated_bp8_q50,0,0,8,50,1.515,63,1683,36899,0,7444,46089,0.05,0.0167,0.0917,0.0093,0.0311,0.0198,0.0449,0.5,6.22,0.0038,0.001,0.013,76.33
dwt_only,dwt_q10,-1,-1,0,10,0.0515,11,0,0,0,1553,1564,0.3417,0.2583,0.425,0.2963,0.2946,0.2417,0.3475,22.31,40.96,0.7504,0.5683,1.0,29.83
dwt_only,dwt_q20,-1,-1,0,20,0.0967,11,0,0,0,2938,2949,0.4083,0.325,0.4917,0.3611,0.3205,0.2662,0.3745,18.6,34.87,0.6979,0.4888,1.0,31.48
dwt_only,dwt_q30,-1,-1,0,30,0.1482,11,0,0,0,4508,4519,0.3083,0.2333,0.3917,0.2407,0.2456,0.1979,0.2927,15.38,29.27,0.6345,0.3994,1.0,33.18
dwt_only,dwt_q50,-1,-1,0,50,0.3222,11,0,0,0,9814,9825,0.1,0.05,0.1583,0.0463,0.091,0.0649,0.1192,9.83,19.28,0.4617,0.1987,1.0,37.03
dwt_only,dwt_q70,-1,-1,0,70,0.7209,11,0,0,0,21993,22004,0.0333,0.0083,0.0667,0.0093,0.0206,0.0135,0.0295,5.89,11.5,0.2394,0.0436,1.0,41.32
