stem,source,label,fold,prob_tb,pred
CHNCXR_0001_0,Shenzhen,0,3,0.06817626953125,0
CHNCXR_0002_0,Shenzhen,0,1,0.028106689453125,0
CHNCXR_0003_0,Shenzhen,0,3,0.01678466796875,0
CHNCXR_0004_0,Shenzhen,0,0,0.00809478759765625,0
CHNCXR_0005_0,Shenzhen,0,1,0.006931304931640625,0
CHNCXR_0006_0,Shenzhen,0,3,0.052337646484375,0
CHNCXR_0007_0,Shenzhen,0,4,0.09552001953125,0
CHNCXR_0008_0,Shenzhen,0,3,0.01337432861328125,0
CHNCXR_0009_0,Shenzhen,0,3,0.84814453125,1
CHNCXR_0010_0,Shenzhen,0,1,0.042083740234375,0
CHNCXR_0011_0,Shenzhen,0,2,0.00327301025390625,0
CHNCXR_0012_0,Shenzhen,0,3,0.0823974609375,0
CHNCXR_0013_0,Shenzhen,0,4,0.1585693359375,0
CHNCXR_0014_0,Shenzhen,0,2,0.00274658203125,0
CHNCXR_0015_0,Shenzhen,0,4,0.114990234375,0
CHNCXR_0016_0,Shenzhen,0,2,0.01073455810546875,0
CHNCXR_0017_0,Shenzhen,0,2,0.0141143798828125,0
CHNCXR_0018_0,Shenzhen,0,2,0.0263519287109375,0
CHNCXR_0019_0,Shenzhen,0,0,0.01678466796875,0
CHNCXR_0020_0,Shenzhen,0,0,0.81591796875,1
CHNCXR_0021_0,Shenzhen,0,1,0.2105712890625,0
CHNCXR_0022_0,Shenzhen,0,2,0.5048828125,1
CHNCXR_0023_0,Shenzhen,0,0,0.08819580078125,0
CHNCXR_0024_0,Shenzhen,0,4,0.07208251953125,0
CHNCXR_0025_0,Shenzhen,0,1,0.0384521484375,0
CHNCXR_0026_0,Shenzhen,0,3,0.006717681884765625,0
CHNCXR_0027_0,Shenzhen,0,1,0.005001068115234375,0
CHNCXR_0028_0,Shenzhen,0,1,0.039794921875,0
CHNCXR_0029_0,Shenzhen,0,0,0.0055999755859375,0
CHNCXR_0030_0,Shenzhen,0,4,0.441162109375,0
CHNCXR_0031_0,Shenzhen,0,4,0.353515625,0
CHNCXR_0032_0,Shenzhen,0,3,0.0212860107421875,0
CHNCXR_0033_0,Shenzhen,0,3,0.030792236328125,0
CHNCXR_0034_0,Shenzhen,0,2,0.4462890625,0
CHNCXR_0035_0,Shenzhen,0,4,0.07720947265625,0
CHNCXR_0036_0,Shenzhen,0,2,0.341552734375,0
CHNCXR_0037_0,Shenzhen,0,0,0.0177154541015625,0
CHNCXR_0038_0,Shenzhen,0,0,0.059112548828125,0
CHNCXR_0039_0,Shenzhen,0,2,0.0030994415283203125,0
CHNCXR_0040_0,Shenzhen,0,2,0.042022705078125,0
CHNCXR_0041_0,Shenzhen,0,3,0.8115234375,1
CHNCXR_0042_0,Shenzhen,0,0,0.0726318359375,0
CHNCXR_0043_0,Shenzhen,0,1,0.0013151168823242188,0
CHNCXR_0044_0,Shenzhen,0,2,0.0496826171875,0
CHNCXR_0045_0,Shenzhen,0,0,0.0089874267578125,0
CHNCXR_0046_0,Shenzhen,0,4,0.11297607421875,0
CHNCXR_0047_0,Shenzhen,0,1,0.0816650390625,0
CHNCXR_0048_0,Shenzhen,0,4,0.1292724609375,0
CHNCXR_0049_0,Shenzhen,0,0,0.054290771484375,0
CHNCXR_0050_0,Shenzhen,0,0,0.07794189453125,0
CHNCXR_0051_0,Shenzhen,0,1,0.041778564453125,0
CHNCXR_0052_0,Shenzhen,0,1,0.04620361328125,0
CHNCXR_0053_0,Shenzhen,0,0,0.0309600830078125,0
CHNCXR_0054_0,Shenzhen,0,1,0.10089111328125,0
CHNCXR_0055_0,Shenzhen,0,1,0.006122589111328125,0
CHNCXR_0056_0,Shenzhen,0,4,0.0517578125,0
CHNCXR_0057_0,Shenzhen,0,4,0.06256103515625,0
CHNCXR_0058_0,Shenzhen,0,2,0.009674072265625,0
CHNCXR_0059_0,Shenzhen,0,0,0.1993408203125,0
CHNCXR_0060_0,Shenzhen,0,1,0.0207672119140625,0
CHNCXR_0061_0,Shenzhen,0,4,0.305908203125,0
CHNCXR_0062_0,Shenzhen,0,3,0.10125732421875,0
CHNCXR_0063_0,Shenzhen,0,0,0.076416015625,0
CHNCXR_0064_0,Shenzhen,0,1,0.01763916015625,0
CHNCXR_0065_0,Shenzhen,0,3,0.09515380859375,0
CHNCXR_0066_0,Shenzhen,0,2,0.00731658935546875,0
CHNCXR_0067_0,Shenzhen,0,2,0.296630859375,0
CHNCXR_0068_0,Shenzhen,0,0,0.00881195068359375,0
CHNCXR_0069_0,Shenzhen,0,0,0.009857177734375,0
CHNCXR_0070_0,Shenzhen,0,2,0.89892578125,1
CHNCXR_0071_0,Shenzhen,0,1,0.0167236328125,0
CHNCXR_0072_0,Shenzhen,0,3,0.034088134765625,0
CHNCXR_0073_0,Shenzhen,0,1,0.0162811279296875,0
CHNCXR_0074_0,Shenzhen,0,4,0.04931640625,0
CHNCXR_0075_0,Shenzhen,0,2,0.007755279541015625,0
CHNCXR_0076_0,Shenzhen,0,2,0.018402099609375,0
CHNCXR_0077_0,Shenzhen,0,1,0.009521484375,0
CHNCXR_0078_0,Shenzhen,0,1,0.157470703125,0
CHNCXR_0079_0,Shenzhen,0,1,0.0154876708984375,0
CHNCXR_0080_0,Shenzhen,0,1,0.0001838207244873047,0
CHNCXR_0081_0,Shenzhen,0,3,0.10107421875,0
CHNCXR_0082_0,Shenzhen,0,0,0.4365234375,0
CHNCXR_0083_0,Shenzhen,0,3,0.0062408447265625,0
CHNCXR_0084_0,Shenzhen,0,2,0.56494140625,1
CHNCXR_0085_0,Shenzhen,0,2,0.007259368896484375,0
CHNCXR_0086_0,Shenzhen,0,3,0.0310821533203125,0
CHNCXR_0087_0,Shenzhen,0,4,0.059417724609375,0
CHNCXR_0088_0,Shenzhen,0,4,0.48388671875,0
CHNCXR_0089_0,Shenzhen,0,0,0.06549072265625,0
CHNCXR_0090_0,Shenzhen,0,3,0.008514404296875,0
CHNCXR_0091_0,Shenzhen,0,0,0.99755859375,1
CHNCXR_0092_0,Shenzhen,0,4,0.0214080810546875,0
CHNCXR_0093_0,Shenzhen,0,0,0.8349609375,1
CHNCXR_0094_0,Shenzhen,0,0,0.1131591796875,0
CHNCXR_0095_0,Shenzhen,0,4,0.1600341796875,0
CHNCXR_0096_0,Shenzhen,0,4,0.140869140625,0
CHNCXR_0097_0,Shenzhen,0,0,0.080810546875,0
CHNCXR_0098_0,Shenzhen,0,4,0.0987548828125,0
CHNCXR_0099_0,Shenzhen,0,2,0.998046875,1
CHNCXR_0100_0,Shenzhen,0,3,0.1121826171875,0
CHNCXR_0101_0,Shenzhen,0,1,0.0078125,0
CHNCXR_0102_0,Shenzhen,0,2,0.362060546875,0
CHNCXR_0103_0,Shenzhen,0,0,0.058135986328125,0
CHNCXR_0104_0,Shenzhen,0,3,0.314208984375,0
CHNCXR_0105_0,Shenzhen,0,1,0.009521484375,0
CHNCXR_0106_0,Shenzhen,0,2,0.258056640625,0
CHNCXR_0107_0,Shenzhen,0,2,0.01433563232421875,0
CHNCXR_0108_0,Shenzhen,0,2,0.5498046875,1
CHNCXR_0109_0,Shenzhen,0,3,0.005428314208984375,0
CHNCXR_0110_0,Shenzhen,0,2,0.0240020751953125,0
CHNCXR_0111_0,Shenzhen,0,1,0.0552978515625,0
CHNCXR_0112_0,Shenzhen,0,3,0.1309814453125,0
CHNCXR_0113_0,Shenzhen,0,0,0.7978515625,1
CHNCXR_0114_0,Shenzhen,0,4,0.1300048828125,0
CHNCXR_0115_0,Shenzhen,0,4,0.132080078125,0
CHNCXR_0116_0,Shenzhen,0,0,0.0190887451171875,0
CHNCXR_0117_0,Shenzhen,0,2,0.546875,1
CHNCXR_0118_0,Shenzhen,0,1,0.082275390625,0
CHNCXR_0119_0,Shenzhen,0,1,0.09930419921875,0
CHNCXR_0120_0,Shenzhen,0,3,0.034088134765625,0
CHNCXR_0121_0,Shenzhen,0,2,0.7255859375,1
CHNCXR_0122_0,Shenzhen,0,1,0.08282470703125,0
CHNCXR_0123_0,Shenzhen,0,1,0.004398345947265625,0
CHNCXR_0124_0,Shenzhen,0,0,0.00714874267578125,0
CHNCXR_0125_0,Shenzhen,0,1,0.0136871337890625,0
CHNCXR_0126_0,Shenzhen,0,0,0.0784912109375,0
CHNCXR_0127_0,Shenzhen,0,2,0.041778564453125,0
CHNCXR_0128_0,Shenzhen,0,1,0.0171051025390625,0
CHNCXR_0129_0,Shenzhen,0,1,0.00626373291015625,0
CHNCXR_0130_0,Shenzhen,0,2,0.1087646484375,0
CHNCXR_0131_0,Shenzhen,0,1,0.128662109375,0
CHNCXR_0132_0,Shenzhen,0,0,0.014007568359375,0
CHNCXR_0133_0,Shenzhen,0,0,0.02276611328125,0
CHNCXR_0134_0,Shenzhen,0,4,0.136474609375,0
CHNCXR_0135_0,Shenzhen,0,1,0.003551483154296875,0
CHNCXR_0136_0,Shenzhen,0,4,0.06903076171875,0
CHNCXR_0137_0,Shenzhen,0,4,0.05108642578125,0
CHNCXR_0138_0,Shenzhen,0,1,0.007488250732421875,0
CHNCXR_0139_0,Shenzhen,0,2,0.0222015380859375,0
CHNCXR_0140_0,Shenzhen,0,1,0.80908203125,1
CHNCXR_0141_0,Shenzhen,0,4,0.15185546875,0
CHNCXR_0142_0,Shenzhen,0,4,0.230224609375,0
CHNCXR_0143_0,Shenzhen,0,4,0.073974609375,0
CHNCXR_0144_0,Shenzhen,0,2,0.09271240234375,0
CHNCXR_0145_0,Shenzhen,0,4,0.050811767578125,0
CHNCXR_0146_0,Shenzhen,0,2,0.06781005859375,0
CHNCXR_0147_0,Shenzhen,0,3,0.140869140625,0
CHNCXR_0148_0,Shenzhen,0,3,0.110107421875,0
CHNCXR_0149_0,Shenzhen,0,3,0.043212890625,0
CHNCXR_0150_0,Shenzhen,0,1,0.004886627197265625,0
CHNCXR_0151_0,Shenzhen,0,0,0.12420654296875,0
CHNCXR_0152_0,Shenzhen,0,3,0.198974609375,0
CHNCXR_0153_0,Shenzhen,0,3,0.040924072265625,0
CHNCXR_0154_0,Shenzhen,0,4,0.09222412109375,0
CHNCXR_0155_0,Shenzhen,0,1,0.0013666152954101562,0
CHNCXR_0156_0,Shenzhen,0,2,0.035675048828125,0
CHNCXR_0157_0,Shenzhen,0,1,0.0034427642822265625,0
CHNCXR_0158_0,Shenzhen,0,4,0.032470703125,0
CHNCXR_0159_0,Shenzhen,0,4,0.0246124267578125,0
CHNCXR_0160_0,Shenzhen,0,4,0.371337890625,0
CHNCXR_0161_0,Shenzhen,0,2,0.98291015625,1
CHNCXR_0162_0,Shenzhen,0,3,0.033660888671875,0
CHNCXR_0163_0,Shenzhen,0,2,0.06280517578125,0
CHNCXR_0164_0,Shenzhen,0,3,0.0343017578125,0
CHNCXR_0165_0,Shenzhen,0,0,0.01983642578125,0
CHNCXR_0166_0,Shenzhen,0,1,0.124755859375,0
CHNCXR_0167_0,Shenzhen,0,2,0.9921875,1
CHNCXR_0168_0,Shenzhen,0,3,0.31005859375,0
CHNCXR_0169_0,Shenzhen,0,1,0.1951904296875,0
CHNCXR_0170_0,Shenzhen,0,3,0.007549285888671875,0
CHNCXR_0171_0,Shenzhen,0,4,0.1312255859375,0
CHNCXR_0172_0,Shenzhen,0,1,0.3056640625,0
CHNCXR_0173_0,Shenzhen,0,1,0.10858154296875,0
CHNCXR_0174_0,Shenzhen,0,0,0.08758544921875,0
CHNCXR_0175_0,Shenzhen,0,1,0.01433563232421875,0
CHNCXR_0176_0,Shenzhen,0,4,0.08209228515625,0
CHNCXR_0177_0,Shenzhen,0,1,0.10858154296875,0
CHNCXR_0178_0,Shenzhen,0,3,0.01132965087890625,0
CHNCXR_0179_0,Shenzhen,0,2,0.059112548828125,0
CHNCXR_0180_0,Shenzhen,0,2,0.00933837890625,0
CHNCXR_0181_0,Shenzhen,0,3,0.005706787109375,0
CHNCXR_0182_0,Shenzhen,0,3,0.08709716796875,0
CHNCXR_0183_0,Shenzhen,0,4,0.1558837890625,0
CHNCXR_0184_0,Shenzhen,0,0,0.01483917236328125,0
CHNCXR_0185_0,Shenzhen,0,3,0.005706787109375,0
CHNCXR_0186_0,Shenzhen,0,1,0.01009368896484375,0
CHNCXR_0187_0,Shenzhen,0,4,0.5859375,1
CHNCXR_0188_0,Shenzhen,0,2,0.082275390625,0
CHNCXR_0189_0,Shenzhen,0,0,0.62939453125,1
CHNCXR_0190_0,Shenzhen,0,0,0.335205078125,0
CHNCXR_0191_0,Shenzhen,0,0,0.429931640625,0
CHNCXR_0192_0,Shenzhen,0,2,0.035491943359375,0
CHNCXR_0193_0,Shenzhen,0,2,0.9873046875,1
CHNCXR_0194_0,Shenzhen,0,3,0.173095703125,0
CHNCXR_0195_0,Shenzhen,0,2,0.031494140625,0
CHNCXR_0196_0,Shenzhen,0,3,0.006587982177734375,0
CHNCXR_0197_0,Shenzhen,0,0,0.00469970703125,0
CHNCXR_0198_0,Shenzhen,0,1,0.0013513565063476562,0
CHNCXR_0199_0,Shenzhen,0,3,0.09686279296875,0
CHNCXR_0200_0,Shenzhen,0,2,0.3974609375,0
CHNCXR_0201_0,Shenzhen,0,1,0.039337158203125,0
CHNCXR_0202_0,Shenzhen,0,0,0.094482421875,0
CHNCXR_0203_0,Shenzhen,0,1,0.0020904541015625,0
CHNCXR_0204_0,Shenzhen,0,3,0.138916015625,0
CHNCXR_0205_0,Shenzhen,0,2,0.63330078125,1
CHNCXR_0206_0,Shenzhen,0,0,0.047149658203125,0
CHNCXR_0207_0,Shenzhen,0,4,0.0293731689453125,0
CHNCXR_0208_0,Shenzhen,0,2,0.8984375,1
CHNCXR_0209_0,Shenzhen,0,3,0.0115966796875,0
CHNCXR_0210_0,Shenzhen,0,0,0.07611083984375,0
CHNCXR_0211_0,Shenzhen,0,4,0.0213623046875,0
CHNCXR_0212_0,Shenzhen,0,4,0.06475830078125,0
CHNCXR_0213_0,Shenzhen,0,4,0.1015625,0
CHNCXR_0214_0,Shenzhen,0,1,0.10467529296875,0
CHNCXR_0215_0,Shenzhen,0,2,0.00646209716796875,0
CHNCXR_0216_0,Shenzhen,0,4,0.0560302734375,0
CHNCXR_0217_0,Shenzhen,0,3,0.018585205078125,0
CHNCXR_0218_0,Shenzhen,0,1,0.0018529891967773438,0
CHNCXR_0219_0,Shenzhen,0,2,0.5830078125,1
CHNCXR_0220_0,Shenzhen,0,1,0.97216796875,1
CHNCXR_0221_0,Shenzhen,0,0,0.09722900390625,0
CHNCXR_0222_0,Shenzhen,0,3,0.172607421875,0
CHNCXR_0223_0,Shenzhen,0,0,0.00997161865234375,0
CHNCXR_0224_0,Shenzhen,0,2,0.033599853515625,0
CHNCXR_0225_0,Shenzhen,0,0,0.0171051025390625,0
CHNCXR_0226_0,Shenzhen,0,3,0.1455078125,0
CHNCXR_0227_0,Shenzhen,0,4,0.18359375,0
CHNCXR_0228_0,Shenzhen,0,0,0.34619140625,0
CHNCXR_0229_0,Shenzhen,0,4,0.0310821533203125,0
CHNCXR_0230_0,Shenzhen,0,3,0.01495361328125,0
CHNCXR_0231_0,Shenzhen,0,4,0.0546875,0
CHNCXR_0232_0,Shenzhen,0,0,0.0035381317138671875,0
CHNCXR_0233_0,Shenzhen,0,4,0.0309600830078125,0
CHNCXR_0234_0,Shenzhen,0,3,0.0171051025390625,0
CHNCXR_0235_0,Shenzhen,0,3,0.33154296875,0
CHNCXR_0236_0,Shenzhen,0,0,0.060302734375,0
CHNCXR_0237_0,Shenzhen,0,1,0.00428009033203125,0
CHNCXR_0238_0,Shenzhen,0,0,0.0256195068359375,0
CHNCXR_0239_0,Shenzhen,0,3,0.7255859375,1
CHNCXR_0240_0,Shenzhen,0,2,0.0274810791015625,0
CHNCXR_0241_0,Shenzhen,0,3,0.64111328125,1
CHNCXR_0242_0,Shenzhen,0,4,0.30224609375,0
CHNCXR_0243_0,Shenzhen,0,3,0.0341796875,0
CHNCXR_0244_0,Shenzhen,0,2,0.49658203125,0
CHNCXR_0245_0,Shenzhen,0,0,0.06915283203125,0
CHNCXR_0246_0,Shenzhen,0,3,0.0323486328125,0
CHNCXR_0247_0,Shenzhen,0,2,0.403564453125,0
CHNCXR_0248_0,Shenzhen,0,4,0.1048583984375,0
CHNCXR_0249_0,Shenzhen,0,1,0.0229339599609375,0
CHNCXR_0250_0,Shenzhen,0,4,0.2166748046875,0
CHNCXR_0251_0,Shenzhen,0,0,0.012054443359375,0
CHNCXR_0252_0,Shenzhen,0,1,0.0031108856201171875,0
CHNCXR_0253_0,Shenzhen,0,4,0.337646484375,0
CHNCXR_0254_0,Shenzhen,0,0,0.22216796875,0
CHNCXR_0255_0,Shenzhen,0,0,0.40625,0
CHNCXR_0256_0,Shenzhen,0,0,0.06427001953125,0
CHNCXR_0257_0,Shenzhen,0,2,0.044342041015625,0
CHNCXR_0258_0,Shenzhen,0,0,0.04400634765625,0
CHNCXR_0259_0,Shenzhen,0,4,0.06109619140625,0
CHNCXR_0260_0,Shenzhen,0,4,0.056549072265625,0
CHNCXR_0261_0,Shenzhen,0,3,0.75048828125,1
CHNCXR_0262_0,Shenzhen,0,4,0.2005615234375,0
CHNCXR_0263_0,Shenzhen,0,3,0.0271759033203125,0
CHNCXR_0264_0,Shenzhen,0,3,0.1087646484375,0
CHNCXR_0265_0,Shenzhen,0,3,0.06573486328125,0
CHNCXR_0266_0,Shenzhen,0,4,0.020172119140625,0
CHNCXR_0267_0,Shenzhen,0,3,0.0290374755859375,0
CHNCXR_0268_0,Shenzhen,0,4,0.1055908203125,0
CHNCXR_0269_0,Shenzhen,0,3,0.026763916015625,0
CHNCXR_0270_0,Shenzhen,0,2,0.01142120361328125,0
CHNCXR_0271_0,Shenzhen,0,0,0.07421875,0
CHNCXR_0272_0,Shenzhen,0,3,0.1807861328125,0
CHNCXR_0273_0,Shenzhen,0,2,0.86083984375,1
CHNCXR_0274_0,Shenzhen,0,3,0.6220703125,1
CHNCXR_0275_0,Shenzhen,0,1,0.0022792816162109375,0
CHNCXR_0276_0,Shenzhen,0,0,0.861328125,1
CHNCXR_0277_0,Shenzhen,0,0,0.0059356689453125,0
CHNCXR_0278_0,Shenzhen,0,0,0.97265625,1
CHNCXR_0279_0,Shenzhen,0,1,0.253173828125,0
CHNCXR_0280_0,Shenzhen,0,3,0.00905609130859375,0
CHNCXR_0281_0,Shenzhen,0,0,0.010009765625,0
CHNCXR_0282_0,Shenzhen,0,4,0.063720703125,0
CHNCXR_0283_0,Shenzhen,0,1,0.0006461143493652344,0
CHNCXR_0284_0,Shenzhen,0,0,0.022979736328125,0
CHNCXR_0285_0,Shenzhen,0,4,0.1705322265625,0
CHNCXR_0286_0,Shenzhen,0,3,0.324462890625,0
CHNCXR_0287_0,Shenzhen,0,0,0.26806640625,0
CHNCXR_0288_0,Shenzhen,0,1,0.04010009765625,0
CHNCXR_0289_0,Shenzhen,0,4,0.05450439453125,0
CHNCXR_0290_0,Shenzhen,0,2,0.314208984375,0
CHNCXR_0291_0,Shenzhen,0,4,0.66943359375,1
CHNCXR_0292_0,Shenzhen,0,2,0.2276611328125,0
CHNCXR_0293_0,Shenzhen,0,4,0.046112060546875,0
CHNCXR_0294_0,Shenzhen,0,3,0.05511474609375,0
CHNCXR_0295_0,Shenzhen,0,0,0.03875732421875,0
CHNCXR_0296_0,Shenzhen,0,0,0.99365234375,1
CHNCXR_0297_0,Shenzhen,0,2,0.1807861328125,0
CHNCXR_0298_0,Shenzhen,0,2,0.063720703125,0
CHNCXR_0299_0,Shenzhen,0,4,0.04083251953125,0
CHNCXR_0300_0,Shenzhen,0,2,0.163818359375,0
CHNCXR_0301_0,Shenzhen,0,2,0.078369140625,0
CHNCXR_0302_0,Shenzhen,0,0,0.283447265625,0
CHNCXR_0303_0,Shenzhen,0,0,0.038238525390625,0
CHNCXR_0304_0,Shenzhen,0,3,0.044769287109375,0
CHNCXR_0305_0,Shenzhen,0,3,0.281494140625,0
CHNCXR_0306_0,Shenzhen,0,0,0.0029926300048828125,0
CHNCXR_0307_0,Shenzhen,0,2,0.343017578125,0
CHNCXR_0308_0,Shenzhen,0,4,0.10760498046875,0
CHNCXR_0309_0,Shenzhen,0,2,0.363525390625,0
CHNCXR_0310_0,Shenzhen,0,4,0.36083984375,0
CHNCXR_0311_0,Shenzhen,0,3,0.09637451171875,0
CHNCXR_0312_0,Shenzhen,0,4,0.053802490234375,0
CHNCXR_0313_0,Shenzhen,0,2,0.06573486328125,0
CHNCXR_0314_0,Shenzhen,0,1,0.0263519287109375,0
CHNCXR_0315_0,Shenzhen,0,2,0.478759765625,0
CHNCXR_0316_0,Shenzhen,0,1,0.044586181640625,0
CHNCXR_0317_0,Shenzhen,0,1,0.076416015625,0
CHNCXR_0318_0,Shenzhen,0,3,0.0401611328125,0
CHNCXR_0319_0,Shenzhen,0,1,0.0095977783203125,0
CHNCXR_0320_0,Shenzhen,0,4,0.09686279296875,0
CHNCXR_0321_0,Shenzhen,0,0,0.03125,0
CHNCXR_0322_0,Shenzhen,0,2,0.080810546875,0
CHNCXR_0323_0,Shenzhen,0,1,0.0009584426879882812,0
CHNCXR_0324_0,Shenzhen,0,1,0.007518768310546875,0
CHNCXR_0325_0,Shenzhen,0,4,0.093505859375,0
CHNCXR_0326_0,Shenzhen,0,1,0.007205963134765625,0
CHNCXR_0327_1,Shenzhen,1,0,0.99951171875,1
CHNCXR_0328_1,Shenzhen,1,4,0.1947021484375,0
CHNCXR_0329_1,Shenzhen,1,0,0.99755859375,1
CHNCXR_0330_1,Shenzhen,1,4,0.9990234375,1
CHNCXR_0331_1,Shenzhen,1,1,0.99755859375,1
CHNCXR_0332_1,Shenzhen,1,1,0.99755859375,1
CHNCXR_0333_1,Shenzhen,1,3,0.9755859375,1
CHNCXR_0334_1,Shenzhen,1,2,0.363525390625,0
CHNCXR_0335_1,Shenzhen,1,2,0.97802734375,1
CHNCXR_0336_1,Shenzhen,1,3,0.99951171875,1
CHNCXR_0337_1,Shenzhen,1,4,0.5556640625,1
CHNCXR_0338_1,Shenzhen,1,3,0.99951171875,1
CHNCXR_0339_1,Shenzhen,1,3,0.998046875,1
CHNCXR_0340_1,Shenzhen,1,3,0.8828125,1
CHNCXR_0341_1,Shenzhen,1,1,0.0352783203125,0
CHNCXR_0342_1,Shenzhen,1,4,0.998046875,1
CHNCXR_0343_1,Shenzhen,1,3,0.984375,1
CHNCXR_0344_1,Shenzhen,1,0,0.97314453125,1
CHNCXR_0345_1,Shenzhen,1,3,0.95458984375,1
CHNCXR_0346_1,Shenzhen,1,3,0.9970703125,1
CHNCXR_0347_1,Shenzhen,1,2,0.9501953125,1
CHNCXR_0348_1,Shenzhen,1,1,0.99462890625,1
CHNCXR_0349_1,Shenzhen,1,4,0.98779296875,1
CHNCXR_0350_1,Shenzhen,1,2,0.99951171875,1
CHNCXR_0351_1,Shenzhen,1,2,0.634765625,1
CHNCXR_0352_1,Shenzhen,1,0,0.998046875,1
CHNCXR_0353_1,Shenzhen,1,1,0.99609375,1
CHNCXR_0354_1,Shenzhen,1,3,0.99658203125,1
CHNCXR_0355_1,Shenzhen,1,4,0.99951171875,1
CHNCXR_0356_1,Shenzhen,1,3,0.99951171875,1
CHNCXR_0357_1,Shenzhen,1,3,0.97900390625,1
CHNCXR_0358_1,Shenzhen,1,4,0.93701171875,1
CHNCXR_0359_1,Shenzhen,1,4,0.99951171875,1
CHNCXR_0360_1,Shenzhen,1,1,0.998046875,1
CHNCXR_0361_1,Shenzhen,1,0,0.99951171875,1
CHNCXR_0362_1,Shenzhen,1,4,0.375244140625,0
CHNCXR_0363_1,Shenzhen,1,2,0.99169921875,1
CHNCXR_0364_1,Shenzhen,1,1,0.2744140625,0
CHNCXR_0365_1,Shenzhen,1,1,0.82177734375,1
CHNCXR_0366_1,Shenzhen,1,1,0.9462890625,1
CHNCXR_0367_1,Shenzhen,1,1,0.86572265625,1
CHNCXR_0368_1,Shenzhen,1,1,0.1802978515625,0
CHNCXR_0369_1,Shenzhen,1,0,0.99951171875,1
CHNCXR_0370_1,Shenzhen,1,1,0.9892578125,1
CHNCXR_0371_1,Shenzhen,1,2,0.048126220703125,0
CHNCXR_0372_1,Shenzhen,1,2,0.42529296875,0
CHNCXR_0373_1,Shenzhen,1,3,0.84423828125,1
CHNCXR_0374_1,Shenzhen,1,1,0.947265625,1
CHNCXR_0375_1,Shenzhen,1,0,0.78125,1
CHNCXR_0376_1,Shenzhen,1,3,0.99853515625,1
CHNCXR_0377_1,Shenzhen,1,3,0.998046875,1
CHNCXR_0378_1,Shenzhen,1,0,0.99951171875,1
CHNCXR_0379_1,Shenzhen,1,4,0.99609375,1
CHNCXR_0380_1,Shenzhen,1,2,0.970703125,1
CHNCXR_0381_1,Shenzhen,1,4,0.388427734375,0
CHNCXR_0382_1,Shenzhen,1,0,0.99951171875,1
CHNCXR_0383_1,Shenzhen,1,1,0.9990234375,1
CHNCXR_0384_1,Shenzhen,1,2,0.58935546875,1
CHNCXR_0385_1,Shenzhen,1,1,0.99560546875,1
CHNCXR_0386_1,Shenzhen,1,0,0.1588134765625,0
CHNCXR_0387_1,Shenzhen,1,3,0.99755859375,1
CHNCXR_0388_1,Shenzhen,1,1,1.0,1
CHNCXR_0389_1,Shenzhen,1,0,0.998046875,1
CHNCXR_0390_1,Shenzhen,1,4,0.89599609375,1
CHNCXR_0391_1,Shenzhen,1,4,0.116943359375,0
CHNCXR_0392_1,Shenzhen,1,4,0.994140625,1
CHNCXR_0393_1,Shenzhen,1,3,0.9970703125,1
CHNCXR_0394_1,Shenzhen,1,1,0.9990234375,1
CHNCXR_0395_1,Shenzhen,1,2,0.50439453125,1
CHNCXR_0396_1,Shenzhen,1,3,0.99853515625,1
CHNCXR_0397_1,Shenzhen,1,1,0.908203125,1
CHNCXR_0398_1,Shenzhen,1,4,0.98291015625,1
CHNCXR_0399_1,Shenzhen,1,4,0.99853515625,1
CHNCXR_0400_1,Shenzhen,1,4,0.1883544921875,0
CHNCXR_0401_1,Shenzhen,1,0,1.0,1
CHNCXR_0402_1,Shenzhen,1,3,0.982421875,1
CHNCXR_0403_1,Shenzhen,1,0,1.0,1
CHNCXR_0404_1,Shenzhen,1,1,0.9990234375,1
CHNCXR_0405_1,Shenzhen,1,4,0.75244140625,1
CHNCXR_0406_1,Shenzhen,1,3,1.0,1
CHNCXR_0407_1,Shenzhen,1,0,0.99560546875,1
CHNCXR_0408_1,Shenzhen,1,1,1.0,1
CHNCXR_0409_1,Shenzhen,1,4,0.97314453125,1
CHNCXR_0410_1,Shenzhen,1,3,0.247314453125,0
CHNCXR_0411_1,Shenzhen,1,3,0.99853515625,1
CHNCXR_0412_1,Shenzhen,1,1,0.98681640625,1
CHNCXR_0413_1,Shenzhen,1,0,0.80712890625,1
CHNCXR_0414_1,Shenzhen,1,4,0.9775390625,1
CHNCXR_0415_1,Shenzhen,1,3,0.79736328125,1
CHNCXR_0416_1,Shenzhen,1,1,0.935546875,1
CHNCXR_0417_1,Shenzhen,1,0,0.99072265625,1
CHNCXR_0418_1,Shenzhen,1,0,0.018402099609375,0
CHNCXR_0419_1,Shenzhen,1,0,0.82763671875,1
CHNCXR_0420_1,Shenzhen,1,4,0.89306640625,1
CHNCXR_0421_1,Shenzhen,1,3,0.88623046875,1
CHNCXR_0422_1,Shenzhen,1,0,0.9990234375,1
CHNCXR_0423_1,Shenzhen,1,4,0.99609375,1
CHNCXR_0424_1,Shenzhen,1,2,0.89404296875,1
CHNCXR_0425_1,Shenzhen,1,0,1.0,1
CHNCXR_0426_1,Shenzhen,1,2,0.98828125,1
CHNCXR_0427_1,Shenzhen,1,2,0.853515625,1
CHNCXR_0428_1,Shenzhen,1,2,0.9384765625,1
CHNCXR_0429_1,Shenzhen,1,2,0.9248046875,1
CHNCXR_0430_1,Shenzhen,1,2,0.9423828125,1
CHNCXR_0431_1,Shenzhen,1,0,1.0,1
CHNCXR_0432_1,Shenzhen,1,2,0.99755859375,1
CHNCXR_0433_1,Shenzhen,1,2,0.99169921875,1
CHNCXR_0434_1,Shenzhen,1,1,0.99072265625,1
CHNCXR_0435_1,Shenzhen,1,4,0.499755859375,0
CHNCXR_0436_1,Shenzhen,1,4,0.4609375,0
CHNCXR_0437_1,Shenzhen,1,2,1.0,1
CHNCXR_0438_1,Shenzhen,1,0,0.7509765625,1
CHNCXR_0439_1,Shenzhen,1,4,0.98583984375,1
CHNCXR_0440_1,Shenzhen,1,3,0.06854248046875,0
CHNCXR_0441_1,Shenzhen,1,0,0.9951171875,1
CHNCXR_0442_1,Shenzhen,1,3,0.97802734375,1
CHNCXR_0443_1,Shenzhen,1,1,0.9970703125,1
CHNCXR_0444_1,Shenzhen,1,4,0.88525390625,1
CHNCXR_0445_1,Shenzhen,1,0,0.9892578125,1
CHNCXR_0446_1,Shenzhen,1,3,0.053497314453125,0
CHNCXR_0447_1,Shenzhen,1,4,0.998046875,1
CHNCXR_0448_1,Shenzhen,1,4,0.98388671875,1
CHNCXR_0449_1,Shenzhen,1,2,0.99853515625,1
CHNCXR_0450_1,Shenzhen,1,3,0.57763671875,1
CHNCXR_0451_1,Shenzhen,1,1,0.998046875,1
CHNCXR_0452_1,Shenzhen,1,1,0.99951171875,1
CHNCXR_0453_1,Shenzhen,1,0,0.1610107421875,0
CHNCXR_0454_1,Shenzhen,1,4,0.99609375,1
CHNCXR_0455_1,Shenzhen,1,2,0.98876953125,1
CHNCXR_0456_1,Shenzhen,1,3,0.68212890625,1
CHNCXR_0457_1,Shenzhen,1,4,0.986328125,1
CHNCXR_0458_1,Shenzhen,1,1,0.978515625,1
CHNCXR_0459_1,Shenzhen,1,1,0.98681640625,1
CHNCXR_0460_1,Shenzhen,1,0,0.99755859375,1
CHNCXR_0461_1,Shenzhen,1,3,0.458984375,0
CHNCXR_0462_1,Shenzhen,1,0,0.9990234375,1
CHNCXR_0463_1,Shenzhen,1,0,0.83642578125,1
CHNCXR_0464_1,Shenzhen,1,3,0.9921875,1
CHNCXR_0465_1,Shenzhen,1,3,0.99609375,1
CHNCXR_0466_1,Shenzhen,1,0,0.99951171875,1
CHNCXR_0467_1,Shenzhen,1,3,0.97900390625,1
CHNCXR_0468_1,Shenzhen,1,1,1.0,1
CHNCXR_0469_1,Shenzhen,1,3,0.99951171875,1
CHNCXR_0470_1,Shenzhen,1,0,0.9375,1
CHNCXR_0471_1,Shenzhen,1,2,1.0,1
CHNCXR_0472_1,Shenzhen,1,0,0.8173828125,1
CHNCXR_0473_1,Shenzhen,1,0,0.9970703125,1
CHNCXR_0474_1,Shenzhen,1,4,0.92919921875,1
CHNCXR_0475_1,Shenzhen,1,2,1.0,1
CHNCXR_0476_1,Shenzhen,1,3,0.9990234375,1
CHNCXR_0477_1,Shenzhen,1,4,0.9814453125,1
CHNCXR_0478_1,Shenzhen,1,1,0.98828125,1
CHNCXR_0479_1,Shenzhen,1,2,0.99951171875,1
CHNCXR_0480_1,Shenzhen,1,0,0.9912109375,1
CHNCXR_0481_1,Shenzhen,1,4,0.990234375,1
CHNCXR_0482_1,Shenzhen,1,3,0.99658203125,1
CHNCXR_0483_1,Shenzhen,1,4,0.70751953125,1
CHNCXR_0484_1,Shenzhen,1,4,0.369140625,0
CHNCXR_0485_1,Shenzhen,1,1,0.2421875,0
CHNCXR_0486_1,Shenzhen,1,3,0.982421875,1
CHNCXR_0487_1,Shenzhen,1,2,0.99609375,1
CHNCXR_0488_1,Shenzhen,1,3,0.80712890625,1
CHNCXR_0489_1,Shenzhen,1,0,0.99609375,1
CHNCXR_0490_1,Shenzhen,1,4,0.8837890625,1
CHNCXR_0491_1,Shenzhen,1,2,0.99951171875,1
CHNCXR_0492_1,Shenzhen,1,1,0.998046875,1
CHNCXR_0493_1,Shenzhen,1,4,0.9853515625,1
CHNCXR_0494_1,Shenzhen,1,3,0.970703125,1
CHNCXR_0495_1,Shenzhen,1,1,0.5830078125,1
CHNCXR_0496_1,Shenzhen,1,1,0.9990234375,1
CHNCXR_0497_1,Shenzhen,1,1,0.87939453125,1
CHNCXR_0498_1,Shenzhen,1,2,0.99951171875,1
CHNCXR_0499_1,Shenzhen,1,2,0.9931640625,1
CHNCXR_0500_1,Shenzhen,1,3,0.99853515625,1
CHNCXR_0501_1,Shenzhen,1,3,0.99755859375,1
CHNCXR_0502_1,Shenzhen,1,0,0.9990234375,1
CHNCXR_0503_1,Shenzhen,1,1,0.97119140625,1
CHNCXR_0504_1,Shenzhen,1,1,0.01024627685546875,0
CHNCXR_0505_1,Shenzhen,1,0,0.99755859375,1
CHNCXR_0506_1,Shenzhen,1,1,0.99951171875,1
CHNCXR_0507_1,Shenzhen,1,0,1.0,1
CHNCXR_0508_1,Shenzhen,1,1,0.83544921875,1
CHNCXR_0509_1,Shenzhen,1,2,0.99853515625,1
CHNCXR_0510_1,Shenzhen,1,2,0.99951171875,1
CHNCXR_0511_1,Shenzhen,1,3,0.91015625,1
CHNCXR_0512_1,Shenzhen,1,0,1.0,1
CHNCXR_0513_1,Shenzhen,1,0,1.0,1
CHNCXR_0514_1,Shenzhen,1,1,0.92822265625,1
CHNCXR_0515_1,Shenzhen,1,2,1.0,1
CHNCXR_0516_1,Shenzhen,1,2,1.0,1
CHNCXR_0517_1,Shenzhen,1,0,0.445556640625,0
CHNCXR_0518_1,Shenzhen,1,0,0.99560546875,1
CHNCXR_0519_1,Shenzhen,1,0,0.99609375,1
CHNCXR_0520_1,Shenzhen,1,3,0.82958984375,1
CHNCXR_0521_1,Shenzhen,1,2,1.0,1
CHNCXR_0522_1,Shenzhen,1,3,0.99267578125,1
CHNCXR_0523_1,Shenzhen,1,3,0.99853515625,1
CHNCXR_0524_1,Shenzhen,1,2,1.0,1
CHNCXR_0525_1,Shenzhen,1,3,0.99951171875,1
CHNCXR_0526_1,Shenzhen,1,4,0.9951171875,1
CHNCXR_0527_1,Shenzhen,1,2,1.0,1
CHNCXR_0528_1,Shenzhen,1,2,0.99169921875,1
CHNCXR_0529_1,Shenzhen,1,2,0.99951171875,1
CHNCXR_0530_1,Shenzhen,1,2,1.0,1
CHNCXR_0531_1,Shenzhen,1,1,1.0,1
CHNCXR_0532_1,Shenzhen,1,2,0.99462890625,1
CHNCXR_0533_1,Shenzhen,1,1,0.9755859375,1
CHNCXR_0534_1,Shenzhen,1,0,0.7783203125,1
CHNCXR_0535_1,Shenzhen,1,1,0.98291015625,1
CHNCXR_0536_1,Shenzhen,1,0,0.98046875,1
CHNCXR_0537_1,Shenzhen,1,0,1.0,1
CHNCXR_0538_1,Shenzhen,1,0,1.0,1
CHNCXR_0539_1,Shenzhen,1,3,0.99853515625,1
CHNCXR_0540_1,Shenzhen,1,3,0.99853515625,1
CHNCXR_0541_1,Shenzhen,1,4,0.99853515625,1
CHNCXR_0542_1,Shenzhen,1,4,0.31884765625,0
CHNCXR_0543_1,Shenzhen,1,4,0.70361328125,1
CHNCXR_0544_1,Shenzhen,1,2,0.9990234375,1
CHNCXR_0545_1,Shenzhen,1,4,0.7373046875,1
CHNCXR_0546_1,Shenzhen,1,0,0.99365234375,1
CHNCXR_0547_1,Shenzhen,1,3,0.99951171875,1
CHNCXR_0548_1,Shenzhen,1,3,0.1646728515625,0
CHNCXR_0549_1,Shenzhen,1,0,0.9990234375,1
CHNCXR_0550_1,Shenzhen,1,0,1.0,1
CHNCXR_0551_1,Shenzhen,1,4,0.27685546875,0
CHNCXR_0552_1,Shenzhen,1,3,0.98291015625,1
CHNCXR_0553_1,Shenzhen,1,0,0.998046875,1
CHNCXR_0554_1,Shenzhen,1,1,0.97314453125,1
CHNCXR_0555_1,Shenzhen,1,4,0.998046875,1
CHNCXR_0556_1,Shenzhen,1,1,0.99560546875,1
CHNCXR_0557_1,Shenzhen,1,4,0.994140625,1
CHNCXR_0558_1,Shenzhen,1,3,0.9951171875,1
CHNCXR_0559_1,Shenzhen,1,3,0.99853515625,1
CHNCXR_0560_1,Shenzhen,1,3,1.0,1
CHNCXR_0561_1,Shenzhen,1,3,0.93359375,1
CHNCXR_0562_1,Shenzhen,1,2,0.96337890625,1
CHNCXR_0563_1,Shenzhen,1,4,0.84228515625,1
CHNCXR_0564_1,Shenzhen,1,1,0.873046875,1
CHNCXR_0565_1,Shenzhen,1,4,0.978515625,1
CHNCXR_0566_1,Shenzhen,1,3,0.89697265625,1
CHNCXR_0567_1,Shenzhen,1,3,0.96875,1
CHNCXR_0568_1,Shenzhen,1,3,0.99951171875,1
CHNCXR_0569_1,Shenzhen,1,0,0.99853515625,1
CHNCXR_0570_1,Shenzhen,1,2,0.99951171875,1
CHNCXR_0571_1,Shenzhen,1,1,0.99462890625,1
CHNCXR_0572_1,Shenzhen,1,4,0.98779296875,1
CHNCXR_0573_1,Shenzhen,1,2,1.0,1
CHNCXR_0574_1,Shenzhen,1,4,0.89794921875,1
CHNCXR_0575_1,Shenzhen,1,2,1.0,1
CHNCXR_0576_1,Shenzhen,1,1,0.99169921875,1
CHNCXR_0577_1,Shenzhen,1,2,0.9482421875,1
CHNCXR_0578_1,Shenzhen,1,4,0.98193359375,1
CHNCXR_0579_1,Shenzhen,1,1,0.99951171875,1
CHNCXR_0580_1,Shenzhen,1,0,1.0,1
CHNCXR_0581_1,Shenzhen,1,1,0.9970703125,1
CHNCXR_0582_1,Shenzhen,1,2,0.99853515625,1
CHNCXR_0583_1,Shenzhen,1,2,0.9794921875,1
CHNCXR_0584_1,Shenzhen,1,2,0.96337890625,1
CHNCXR_0585_1,Shenzhen,1,3,0.576171875,1
CHNCXR_0586_1,Shenzhen,1,1,0.9990234375,1
CHNCXR_0587_1,Shenzhen,1,0,0.96484375,1
CHNCXR_0588_1,Shenzhen,1,1,0.96142578125,1
CHNCXR_0589_1,Shenzhen,1,1,1.0,1
CHNCXR_0590_1,Shenzhen,1,1,1.0,1
CHNCXR_0591_1,Shenzhen,1,3,0.2108154296875,0
CHNCXR_0592_1,Shenzhen,1,0,0.990234375,1
CHNCXR_0593_1,Shenzhen,1,1,0.90087890625,1
CHNCXR_0594_1,Shenzhen,1,4,0.99267578125,1
CHNCXR_0595_1,Shenzhen,1,1,0.9384765625,1
CHNCXR_0596_1,Shenzhen,1,4,0.99609375,1
CHNCXR_0597_1,Shenzhen,1,1,0.7666015625,1
CHNCXR_0598_1,Shenzhen,1,3,0.59765625,1
CHNCXR_0599_1,Shenzhen,1,4,0.69970703125,1
CHNCXR_0600_1,Shenzhen,1,4,0.982421875,1
CHNCXR_0601_1,Shenzhen,1,1,0.9677734375,1
CHNCXR_0602_1,Shenzhen,1,2,0.99853515625,1
CHNCXR_0603_1,Shenzhen,1,2,0.9970703125,1
CHNCXR_0604_1,Shenzhen,1,2,0.0177764892578125,0
CHNCXR_0605_1,Shenzhen,1,1,0.99365234375,1
CHNCXR_0606_1,Shenzhen,1,1,0.99951171875,1
CHNCXR_0607_1,Shenzhen,1,3,0.98486328125,1
CHNCXR_0608_1,Shenzhen,1,2,0.9970703125,1
CHNCXR_0609_1,Shenzhen,1,0,0.9931640625,1
CHNCXR_0610_1,Shenzhen,1,3,0.998046875,1
CHNCXR_0611_1,Shenzhen,1,2,0.83447265625,1
CHNCXR_0612_1,Shenzhen,1,1,0.99609375,1
CHNCXR_0613_1,Shenzhen,1,0,0.70458984375,1
CHNCXR_0614_1,Shenzhen,1,1,0.994140625,1
CHNCXR_0615_1,Shenzhen,1,0,0.80615234375,1
CHNCXR_0616_1,Shenzhen,1,0,0.9697265625,1
CHNCXR_0617_1,Shenzhen,1,4,0.9365234375,1
CHNCXR_0618_1,Shenzhen,1,1,0.9990234375,1
CHNCXR_0619_1,Shenzhen,1,4,0.86572265625,1
CHNCXR_0620_1,Shenzhen,1,4,0.98876953125,1
CHNCXR_0621_1,Shenzhen,1,4,0.1536865234375,0
CHNCXR_0622_1,Shenzhen,1,2,0.998046875,1
CHNCXR_0623_1,Shenzhen,1,4,0.9970703125,1
CHNCXR_0624_1,Shenzhen,1,2,0.35693359375,0
CHNCXR_0625_1,Shenzhen,1,1,1.0,1
CHNCXR_0626_1,Shenzhen,1,2,0.998046875,1
CHNCXR_0627_1,Shenzhen,1,0,0.50830078125,1
CHNCXR_0628_1,Shenzhen,1,2,0.99951171875,1
CHNCXR_0629_1,Shenzhen,1,2,0.99951171875,1
CHNCXR_0630_1,Shenzhen,1,0,0.99951171875,1
CHNCXR_0631_1,Shenzhen,1,3,0.99365234375,1
CHNCXR_0632_1,Shenzhen,1,4,0.224365234375,0
CHNCXR_0633_1,Shenzhen,1,1,0.955078125,1
CHNCXR_0634_1,Shenzhen,1,2,1.0,1
CHNCXR_0635_1,Shenzhen,1,2,0.75537109375,1
CHNCXR_0636_1,Shenzhen,1,3,0.28564453125,0
CHNCXR_0637_1,Shenzhen,1,0,0.99951171875,1
CHNCXR_0638_1,Shenzhen,1,2,1.0,1
CHNCXR_0639_1,Shenzhen,1,0,0.9990234375,1
CHNCXR_0640_1,Shenzhen,1,4,0.90576171875,1
CHNCXR_0641_1,Shenzhen,1,0,0.99951171875,1
CHNCXR_0642_1,Shenzhen,1,4,0.99853515625,1
CHNCXR_0643_1,Shenzhen,1,0,1.0,1
CHNCXR_0644_1,Shenzhen,1,3,0.2081298828125,0
CHNCXR_0645_1,Shenzhen,1,2,0.99951171875,1
CHNCXR_0646_1,Shenzhen,1,0,0.90966796875,1
CHNCXR_0647_1,Shenzhen,1,2,0.99853515625,1
CHNCXR_0648_1,Shenzhen,1,3,0.9990234375,1
CHNCXR_0649_1,Shenzhen,1,4,0.98583984375,1
CHNCXR_0650_1,Shenzhen,1,1,0.9990234375,1
CHNCXR_0651_1,Shenzhen,1,4,0.99609375,1
CHNCXR_0652_1,Shenzhen,1,2,0.998046875,1
CHNCXR_0653_1,Shenzhen,1,1,0.99951171875,1
CHNCXR_0654_1,Shenzhen,1,2,0.99951171875,1
CHNCXR_0655_1,Shenzhen,1,4,0.327392578125,0
CHNCXR_0656_1,Shenzhen,1,1,0.99609375,1
CHNCXR_0657_1,Shenzhen,1,4,0.95166015625,1
CHNCXR_0658_1,Shenzhen,1,2,1.0,1
CHNCXR_0659_1,Shenzhen,1,4,0.572265625,1
CHNCXR_0660_1,Shenzhen,1,0,0.99951171875,1
CHNCXR_0661_1,Shenzhen,1,0,1.0,1
CHNCXR_0662_1,Shenzhen,1,3,0.99951171875,1
MCUCXR_0001_0,Montgomery,0,0,0.024932861328125,0
MCUCXR_0002_0,Montgomery,0,1,0.009674072265625,0
MCUCXR_0003_0,Montgomery,0,3,0.092041015625,0
MCUCXR_0004_0,Montgomery,0,4,0.400146484375,0
MCUCXR_0005_0,Montgomery,0,3,0.927734375,1
MCUCXR_0006_0,Montgomery,0,4,0.198974609375,0
MCUCXR_0008_0,Montgomery,0,3,0.9970703125,1
MCUCXR_0011_0,Montgomery,0,3,0.46728515625,0
MCUCXR_0013_0,Montgomery,0,3,0.03033447265625,0
MCUCXR_0015_0,Montgomery,0,0,0.01177978515625,0
MCUCXR_0016_0,Montgomery,0,2,0.0272674560546875,0
MCUCXR_0017_0,Montgomery,0,4,0.11029052734375,0
MCUCXR_0019_0,Montgomery,0,3,0.94189453125,1
MCUCXR_0020_0,Montgomery,0,2,0.1527099609375,0
MCUCXR_0021_0,Montgomery,0,0,0.0174407958984375,0
MCUCXR_0022_0,Montgomery,0,4,0.354248046875,0
MCUCXR_0023_0,Montgomery,0,1,0.54150390625,1
MCUCXR_0024_0,Montgomery,0,0,0.0112457275390625,0
MCUCXR_0026_0,Montgomery,0,3,0.77783203125,1
MCUCXR_0027_0,Montgomery,0,0,0.03155517578125,0
MCUCXR_0028_0,Montgomery,0,0,0.00763702392578125,0
MCUCXR_0029_0,Montgomery,0,3,0.17236328125,0
MCUCXR_0030_0,Montgomery,0,2,0.261962890625,0
MCUCXR_0031_0,Montgomery,0,0,0.343994140625,0
MCUCXR_0035_0,Montgomery,0,3,0.2724609375,0
MCUCXR_0038_0,Montgomery,0,3,0.69580078125,1
MCUCXR_0040_0,Montgomery,0,3,0.76123046875,1
MCUCXR_0041_0,Montgomery,0,2,0.78173828125,1
MCUCXR_0042_0,Montgomery,0,2,0.205078125,0
MCUCXR_0043_0,Montgomery,0,0,0.06756591796875,0
MCUCXR_0044_0,Montgomery,0,0,0.0243377685546875,0
MCUCXR_0045_0,Montgomery,0,3,0.351806640625,0
MCUCXR_0046_0,Montgomery,0,2,0.439453125,0
MCUCXR_0047_0,Montgomery,0,1,0.01111602783203125,0
MCUCXR_0048_0,Montgomery,0,2,0.14501953125,0
MCUCXR_0049_0,Montgomery,0,4,0.30078125,0
MCUCXR_0051_0,Montgomery,0,2,0.14697265625,0
MCUCXR_0052_0,Montgomery,0,1,0.20849609375,0
MCUCXR_0053_0,Montgomery,0,0,0.1488037109375,0
MCUCXR_0054_0,Montgomery,0,2,0.173828125,0
MCUCXR_0055_0,Montgomery,0,2,0.1539306640625,0
MCUCXR_0056_0,Montgomery,0,1,0.07275390625,0
MCUCXR_0057_0,Montgomery,0,4,0.1754150390625,0
MCUCXR_0058_0,Montgomery,0,1,0.010009765625,0
MCUCXR_0059_0,Montgomery,0,1,0.9404296875,1
MCUCXR_0060_0,Montgomery,0,4,0.2420654296875,0
MCUCXR_0061_0,Montgomery,0,3,0.0190887451171875,0
MCUCXR_0062_0,Montgomery,0,0,0.014007568359375,0
MCUCXR_0063_0,Montgomery,0,4,0.0794677734375,0
MCUCXR_0064_0,Montgomery,0,2,0.171142578125,0
MCUCXR_0068_0,Montgomery,0,2,0.302734375,0
MCUCXR_0069_0,Montgomery,0,4,0.495361328125,0
MCUCXR_0070_0,Montgomery,0,4,0.1978759765625,0
MCUCXR_0071_0,Montgomery,0,3,0.7236328125,1
MCUCXR_0072_0,Montgomery,0,1,0.0292510986328125,0
MCUCXR_0074_0,Montgomery,0,1,0.02069091796875,0
MCUCXR_0075_0,Montgomery,0,4,0.11297607421875,0
MCUCXR_0077_0,Montgomery,0,1,0.029083251953125,0
MCUCXR_0079_0,Montgomery,0,1,0.034942626953125,0
MCUCXR_0080_0,Montgomery,0,0,0.027069091796875,0
MCUCXR_0081_0,Montgomery,0,3,0.5224609375,1
MCUCXR_0082_0,Montgomery,0,4,0.27001953125,0
MCUCXR_0083_0,Montgomery,0,1,0.2100830078125,0
MCUCXR_0084_0,Montgomery,0,1,0.0008459091186523438,0
MCUCXR_0085_0,Montgomery,0,4,0.250732421875,0
MCUCXR_0086_0,Montgomery,0,2,0.27001953125,0
MCUCXR_0087_0,Montgomery,0,0,0.1513671875,0
MCUCXR_0089_0,Montgomery,0,1,0.62353515625,1
MCUCXR_0090_0,Montgomery,0,3,0.0616455078125,0
MCUCXR_0091_0,Montgomery,0,0,0.044586181640625,0
MCUCXR_0092_0,Montgomery,0,4,0.263427734375,0
MCUCXR_0094_0,Montgomery,0,1,0.01519012451171875,0
MCUCXR_0095_0,Montgomery,0,2,0.37255859375,0
MCUCXR_0096_0,Montgomery,0,4,0.1390380859375,0
MCUCXR_0097_0,Montgomery,0,0,0.0245208740234375,0
MCUCXR_0099_0,Montgomery,0,2,0.5615234375,1
MCUCXR_0100_0,Montgomery,0,2,0.7373046875,1
MCUCXR_0101_0,Montgomery,0,0,0.0258026123046875,0
MCUCXR_0102_0,Montgomery,0,1,0.01374053955078125,0
MCUCXR_0103_0,Montgomery,0,4,0.1412353515625,0
MCUCXR_0104_1,Montgomery,1,2,0.97021484375,1
MCUCXR_0108_1,Montgomery,1,2,0.99951171875,1
MCUCXR_0113_1,Montgomery,1,2,0.99658203125,1
MCUCXR_0117_1,Montgomery,1,4,0.8994140625,1
MCUCXR_0126_1,Montgomery,1,4,0.82666015625,1
MCUCXR_0140_1,Montgomery,1,0,0.058441162109375,0
MCUCXR_0141_1,Montgomery,1,1,0.99609375,1
MCUCXR_0142_1,Montgomery,1,2,0.431884765625,0
MCUCXR_0144_1,Montgomery,1,0,0.99853515625,1
MCUCXR_0150_1,Montgomery,1,1,0.99951171875,1
MCUCXR_0162_1,Montgomery,1,1,0.99951171875,1
MCUCXR_0166_1,Montgomery,1,0,1.0,1
MCUCXR_0170_1,Montgomery,1,0,1.0,1
MCUCXR_0173_1,Montgomery,1,0,0.77734375,1
MCUCXR_0182_1,Montgomery,1,3,0.830078125,1
MCUCXR_0188_1,Montgomery,1,1,0.99755859375,1
MCUCXR_0194_1,Montgomery,1,3,0.98974609375,1
MCUCXR_0195_1,Montgomery,1,4,0.57373046875,1
MCUCXR_0196_1,Montgomery,1,1,0.99462890625,1
MCUCXR_0203_1,Montgomery,1,4,0.998046875,1
MCUCXR_0213_1,Montgomery,1,4,0.89453125,1
MCUCXR_0218_1,Montgomery,1,0,0.99951171875,1
MCUCXR_0223_1,Montgomery,1,4,0.8115234375,1
MCUCXR_0228_1,Montgomery,1,3,0.99951171875,1
MCUCXR_0243_1,Montgomery,1,3,0.9931640625,1
MCUCXR_0251_1,Montgomery,1,1,0.986328125,1
MCUCXR_0253_1,Montgomery,1,4,0.693359375,1
MCUCXR_0254_1,Montgomery,1,2,0.9892578125,1
MCUCXR_0255_1,Montgomery,1,3,0.96875,1
MCUCXR_0258_1,Montgomery,1,3,0.9990234375,1
MCUCXR_0264_1,Montgomery,1,0,0.99951171875,1
MCUCXR_0266_1,Montgomery,1,0,0.9482421875,1
MCUCXR_0275_1,Montgomery,1,2,0.994140625,1
MCUCXR_0282_1,Montgomery,1,0,0.9990234375,1
MCUCXR_0289_1,Montgomery,1,1,0.9931640625,1
MCUCXR_0294_1,Montgomery,1,3,0.99853515625,1
MCUCXR_0301_1,Montgomery,1,3,0.8583984375,1
MCUCXR_0309_1,Montgomery,1,2,0.99609375,1
MCUCXR_0311_1,Montgomery,1,2,0.98779296875,1
MCUCXR_0313_1,Montgomery,1,4,0.9921875,1
MCUCXR_0316_1,Montgomery,1,3,0.99658203125,1
MCUCXR_0331_1,Montgomery,1,2,0.6337890625,1
MCUCXR_0334_1,Montgomery,1,4,0.9609375,1
MCUCXR_0338_1,Montgomery,1,2,0.9619140625,1
MCUCXR_0348_1,Montgomery,1,1,0.9921875,1
MCUCXR_0350_1,Montgomery,1,4,0.9912109375,1
MCUCXR_0352_1,Montgomery,1,4,0.33740234375,0
MCUCXR_0354_1,Montgomery,1,2,0.677734375,1
MCUCXR_0362_1,Montgomery,1,3,0.9970703125,1
MCUCXR_0367_1,Montgomery,1,3,0.99658203125,1
MCUCXR_0369_1,Montgomery,1,4,0.9912109375,1
MCUCXR_0372_1,Montgomery,1,0,0.94873046875,1
MCUCXR_0375_1,Montgomery,1,0,0.137451171875,0
MCUCXR_0383_1,Montgomery,1,1,0.11163330078125,0
MCUCXR_0387_1,Montgomery,1,1,0.9931640625,1
MCUCXR_0390_1,Montgomery,1,3,0.99951171875,1
MCUCXR_0393_1,Montgomery,1,1,0.0582275390625,0
MCUCXR_0399_1,Montgomery,1,2,0.9951171875,1
