stem,source,label,fold,roi_pixels,roi_fraction,roi_bytes,roi_bits_per_roi_pixel,roi_entropy_of_residuals,roi_avg_code_length,mask_bytes,mask_rle_bytes,mask_bbox_bytes,full_image_lossless_bytes,full_image_bpp,png_bpp,context_roi_bytes,encode_time_s,decode_time_s,roi_exact
CHNCXR_0001_0,Shenzhen,0,3,62596,0.245498,31572,4.035,2.1644,2.2623,1619,1962,1619,103826,3.2576,3.3193,31224,0.428718,0.379803,True
CHNCXR_0002_0,Shenzhen,0,1,55927,0.216731,27821,3.9796,2.129,2.2382,1418,1833,1418,103720,3.2155,3.2744,27592,0.407217,0.381003,True
CHNCXR_0003_0,Shenzhen,0,3,61883,0.239337,30032,3.8824,2.0804,2.2215,1520,1933,1520,103614,3.2059,3.3223,29815,0.421754,0.352248,True
CHNCXR_0004_0,Shenzhen,0,0,57172,0.222882,28293,3.959,2.0993,2.2202,1487,1903,1487,104543,3.2604,3.355,28196,0.400975,0.327538,True
CHNCXR_0005_0,Shenzhen,0,1,61076,0.238102,30193,3.9548,2.0972,2.2194,1506,1948,1506,105750,3.2981,3.3838,30056,0.793502,0.838485,True
CHNCXR_0006_0,Shenzhen,0,3,56889,0.230521,28798,4.0497,2.1359,2.2371,1598,1891,1598,100366,3.2536,3.3451,28721,0.764303,0.785545,True
CHNCXR_0007_0,Shenzhen,0,4,91983,0.352955,43834,3.8124,2.0822,2.2296,1879,2160,1879,108592,3.3335,3.405,43076,1.205916,1.140736,True
CHNCXR_0008_0,Shenzhen,0,3,42741,0.166624,21483,4.0211,2.1243,2.2313,1191,1665,1191,98370,3.0679,3.1947,21432,0.587329,0.603786,True
CHNCXR_0009_0,Shenzhen,0,3,47249,0.210692,23037,3.9005,2.0738,2.2101,1440,1769,1440,88867,3.1702,3.2765,22967,0.612359,0.600742,True
CHNCXR_0010_0,Shenzhen,0,1,39976,0.155225,20188,4.04,2.1132,2.2245,1214,1702,1214,104256,3.2386,3.3271,20151,0.533403,0.532086,True
CHNCXR_0011_0,Shenzhen,0,2,53917,0.211035,27691,4.1087,2.1797,2.2673,1382,1788,1382,100746,3.1546,3.2675,27484,0.696742,0.710232,True
CHNCXR_0012_0,Shenzhen,0,3,68069,0.263262,33689,3.9594,2.1012,2.2231,1659,2040,1659,108755,3.3649,3.4322,33557,1.009071,0.841975,True
CHNCXR_0013_0,Shenzhen,0,4,54743,0.213413,27987,4.0899,2.1556,2.2486,1357,1765,1357,103711,3.2345,3.2763,27864,0.759294,0.719664,True
CHNCXR_0014_0,Shenzhen,0,2,50675,0.198744,26374,4.1636,2.1884,2.2721,1282,1701,1282,103311,3.2414,3.2586,26203,0.668583,0.679032,True
CHNCXR_0015_0,Shenzhen,0,4,58009,0.225695,28614,3.9461,2.0924,2.2164,1501,1901,1501,106655,3.3197,3.3998,28456,0.734736,0.763427,True
CHNCXR_0016_0,Shenzhen,0,2,52234,0.203226,26063,3.9917,2.1284,2.2391,1349,1819,1349,101027,3.1445,3.1947,25882,0.705754,0.690271,True
CHNCXR_0017_0,Shenzhen,0,2,59024,0.234789,29454,3.9921,2.1033,2.2187,1582,1865,1582,101801,3.2396,3.2875,29357,0.780547,0.757128,True
CHNCXR_0018_0,Shenzhen,0,2,73875,0.289733,37332,4.0427,2.126,2.2316,1944,2184,1944,106778,3.3502,3.4202,37197,0.966709,0.933057,True
CHNCXR_0019_0,Shenzhen,0,0,64980,0.252817,32734,4.03,2.1223,2.2305,1750,2053,1750,106626,3.3188,3.3519,32611,0.833819,0.830274,True
CHNCXR_0020_0,Shenzhen,0,0,76337,0.314548,41960,4.3973,2.2155,2.3081,1713,2011,1713,117454,3.8718,3.8479,41649,0.977914,0.975379,True
CHNCXR_0021_0,Shenzhen,0,1,64376,0.252987,31325,3.8928,2.0722,2.2131,1739,1985,1739,103459,3.2526,3.3264,31130,0.826588,0.865409,True
CHNCXR_0022_0,Shenzhen,0,2,69598,0.26971,34476,3.9629,2.1032,2.223,1778,2057,1778,108065,3.3502,3.4177,34311,0.932563,0.899332,True
CHNCXR_0023_0,Shenzhen,0,0,63129,0.246105,31811,4.0312,2.1327,2.2365,1636,1982,1636,108327,3.3785,3.4485,31658,0.833439,0.821921,True
CHNCXR_0024_0,Shenzhen,0,4,57242,0.221827,28760,4.0194,2.1211,2.2304,1568,1952,1568,106401,3.2986,3.3731,28632,0.739942,0.750293,True
CHNCXR_0026_0,Shenzhen,0,3,54458,0.212302,27166,3.9907,2.1176,2.2301,1441,1844,1441,100605,3.1376,3.2226,27053,0.725751,0.709169,True
CHNCXR_0027_0,Shenzhen,0,1,51220,0.200078,25428,3.9716,2.1009,2.2197,1441,1830,1441,104672,3.271,3.3668,25349,0.684479,0.655546,True
CHNCXR_0028_0,Shenzhen,0,1,82337,0.320348,41148,3.998,2.1162,2.2282,1986,2201,1986,110051,3.4254,3.4868,40983,1.044064,1.045967,True
CHNCXR_0029_0,Shenzhen,0,0,40732,0.158792,20396,4.0059,2.1243,2.2319,1031,1577,1031,95981,2.9934,3.0928,20303,0.538672,0.557159,True
CHNCXR_0030_0,Shenzhen,0,4,84528,0.336926,45358,4.2928,2.1913,2.2797,2023,2245,2023,122439,3.9043,3.8651,45075,1.096676,1.081275,True
CHNCXR_0031_0,Shenzhen,0,4,64382,0.249992,31158,3.8716,2.0897,2.2296,1442,1869,1442,105866,3.2886,3.3771,30847,0.816505,0.829723,True
CHNCXR_0032_0,Shenzhen,0,3,60729,0.237223,29746,3.9185,2.1036,2.2298,1500,1887,1500,103816,3.2443,3.3573,29461,0.750855,0.756202,True
CHNCXR_0033_0,Shenzhen,0,3,67890,0.26257,33974,4.0034,2.1339,2.2393,1644,2023,1644,107562,3.328,3.374,33726,0.858157,0.869416,True
CHNCXR_0034_0,Shenzhen,0,2,39988,0.165469,20104,4.022,2.1468,2.2501,1105,1569,1105,91229,3.02,3.1086,19982,0.54253,0.530493,True
CHNCXR_0035_0,Shenzhen,0,4,45155,0.176035,22118,3.9186,2.0806,2.2113,1347,1825,1347,102453,3.1953,3.2765,22041,0.590201,0.603549,True
CHNCXR_0041_0,Shenzhen,0,3,87049,0.334023,47208,4.3385,2.1721,2.275,2013,2296,2013,127608,3.9172,3.9024,47004,1.178113,0.721418,True
CHNCXR_0042_0,Shenzhen,0,0,53893,0.209681,28302,4.2012,2.1861,2.2691,1540,1945,1540,109162,3.3977,3.4514,28170,0.767565,0.539775,True
CHNCXR_0043_0,Shenzhen,0,1,50394,0.196067,23981,3.807,2.1027,2.236,1185,1661,1185,96904,3.0162,3.0852,23496,0.344136,0.310637,True
CHNCXR_0044_0,Shenzhen,0,2,70586,0.269264,35580,4.0325,2.1128,2.2214,1731,2093,1731,114422,3.4919,3.5109,35477,0.405696,0.334192,True
CHNCXR_0045_0,Shenzhen,0,0,40353,0.157001,20252,4.015,2.1235,2.2295,1322,1768,1322,98898,3.0782,3.0914,20210,0.248974,0.234548,True
CHNCXR_0046_0,Shenzhen,0,4,72775,0.284277,36093,3.9676,2.1137,2.23,1774,2089,1774,103775,3.243,3.3263,35829,0.421185,0.421654,True
CHNCXR_0047_0,Shenzhen,0,1,82128,0.339844,40429,3.9381,2.1064,2.2284,1774,2092,1774,103991,3.4425,3.5056,40111,0.510644,0.377954,True
CHNCXR_0048_0,Shenzhen,0,4,56955,0.221154,28609,4.0185,2.1126,2.2238,1487,1862,1487,105782,3.286,3.3717,28523,0.321164,0.279632,True
CHNCXR_0049_0,Shenzhen,0,0,40884,0.159384,20529,4.017,2.1211,2.2299,1255,1724,1255,101402,3.1625,3.2786,20478,0.24559,0.22294,True
CHNCXR_0050_0,Shenzhen,0,0,53733,0.208643,26660,3.9693,2.1192,2.2325,1468,1820,1468,109009,3.3862,3.4591,26515,0.288277,0.265255,True
CHNCXR_0051_0,Shenzhen,0,1,53394,0.207326,26891,4.0291,2.138,2.2418,1513,1928,1513,111042,3.4494,3.5404,26771,0.279189,0.261629,True
CHNCXR_0052_0,Shenzhen,0,1,63298,0.25438,30935,3.9098,2.0626,2.2039,1745,2011,1745,103994,3.3434,3.3954,30805,0.338874,0.306898,True
CHNCXR_0053_0,Shenzhen,0,0,47448,0.206857,25051,4.2237,2.178,2.2659,1387,1745,1387,96685,3.3721,3.3847,24979,0.274599,0.230768,True
CHNCXR_0054_0,Shenzhen,0,1,54789,0.213592,27416,4.0031,2.1077,2.2223,1489,1934,1489,114859,3.5822,3.6145,27286,0.30367,0.272939,True
CHNCXR_0055_0,Shenzhen,0,1,50160,0.205385,25462,4.0609,2.1183,2.2254,1410,1768,1410,99403,3.2561,3.2927,25429,0.285459,0.245783,True
CHNCXR_0056_0,Shenzhen,0,4,41934,0.162828,21400,4.0826,2.1432,2.2406,1369,1795,1369,101576,3.1553,3.2297,21361,0.23982,0.209328,True
CHNCXR_0057_0,Shenzhen,0,4,48661,0.189325,23867,3.9238,2.0865,2.217,1472,1910,1472,105733,3.291,3.3654,23759,0.258814,0.243025,True
CHNCXR_0058_0,Shenzhen,0,2,37409,0.145837,18581,3.9736,2.1022,2.2215,1169,1684,1169,96013,2.9944,3.0847,18550,0.204724,0.181319,True
CHNCXR_0059_0,Shenzhen,0,0,49322,0.191515,25084,4.0686,2.148,2.2453,1171,1659,1171,101665,3.1581,3.22,24994,0.279088,0.236559,True
CHNCXR_0060_0,Shenzhen,0,1,46382,0.18118,23435,4.0421,2.1304,2.2349,1420,1861,1420,106398,3.3249,3.4307,23369,0.253666,0.224666,True
CHNCXR_0061_0,Shenzhen,0,4,74800,0.289869,37064,3.9641,2.1109,2.2308,2040,2282,2040,111289,3.4502,3.5303,36812,0.402784,0.402286,True
CHNCXR_0062_0,Shenzhen,0,3,55405,0.215564,27827,4.018,2.1225,2.2306,1477,1945,1477,107866,3.3574,3.4271,27699,0.367073,0.427334,True
CHNCXR_0063_0,Shenzhen,0,0,71549,0.278375,35287,3.9455,2.0977,2.2214,1732,2000,1732,107073,3.3327,3.4088,35100,0.568827,0.489303,True
CHNCXR_0064_0,Shenzhen,0,1,52890,0.205778,26253,3.971,2.0974,2.217,1593,2024,1593,102778,3.199,3.2825,26181,0.40118,0.571831,True
CHNCXR_0066_0,Shenzhen,0,2,36640,0.142555,18618,4.0651,2.1421,2.2401,1166,1678,1166,102903,3.2029,3.3059,18566,0.608492,0.527445,True
CHNCXR_0067_0,Shenzhen,0,2,63604,0.246971,32391,4.0741,2.1332,2.2346,1707,2029,1707,108436,3.3684,3.4279,32289,0.856807,0.80852,True
CHNCXR_0068_0,Shenzhen,0,0,48638,0.189235,24227,3.9849,2.0997,2.217,1389,1782,1389,98669,3.0711,3.157,24135,0.728528,0.651012,True
CHNCXR_0069_0,Shenzhen,0,0,56829,0.237167,28425,4.0015,2.1009,2.2166,1582,1855,1582,98505,3.2888,3.3472,28379,0.74852,0.738129,True
CHNCXR_0070_0,Shenzhen,0,2,75498,0.30341,37235,3.9455,2.0817,2.2128,1902,2139,1902,105521,3.3925,3.4494,37036,0.974541,0.984202,True
CHNCXR_0071_0,Shenzhen,0,1,60212,0.236148,30413,4.0408,2.1116,2.2197,1617,1915,1617,109804,3.4452,3.4773,30356,0.788302,0.766107,True
CHNCXR_0072_0,Shenzhen,0,3,71329,0.272099,35931,4.0299,2.1207,2.2285,1800,2113,1800,111281,3.396,3.4337,35800,0.905429,0.899512,True
CHNCXR_0073_0,Shenzhen,0,1,42711,0.165845,21248,3.9799,2.1189,2.2308,1477,1923,1477,99293,3.0844,3.2236,21163,0.559221,0.557292,True
CHNCXR_0074_0,Shenzhen,0,4,26384,0.127869,13021,3.9482,2.0731,2.2032,1228,1548,1228,94083,3.6478,3.5494,12986,0.350744,0.370735,True
CHNCXR_0075_0,Shenzhen,0,2,36151,0.153161,18063,3.9972,2.0873,2.2069,1354,1703,1354,109450,3.7097,3.6507,18017,0.485282,0.475605,True
CHNCXR_0076_0,Shenzhen,0,2,35561,0.149366,18242,4.1038,2.1228,2.2253,1377,1725,1377,113406,3.8107,3.7018,18190,0.484601,0.487033,True
CHNCXR_0077_0,Shenzhen,0,1,48788,0.189819,23974,3.9311,2.1122,2.2358,1384,1829,1384,98792,3.075,3.2095,23800,0.623991,0.625811,True
CHNCXR_0078_0,Shenzhen,0,1,64334,0.248325,32060,3.9867,2.1069,2.222,1730,2032,1730,108456,3.3491,3.4335,31917,0.808942,0.810691,True
CHNCXR_0079_0,Shenzhen,0,1,61473,0.239172,30420,3.9588,2.0975,2.2186,1578,1917,1578,105448,3.2821,3.3694,30338,0.77682,0.781724,True
CHNCXR_0080_0,Shenzhen,0,1,47742,0.185012,24137,4.0446,2.1208,2.2291,1337,1798,1337,104186,3.23,3.2382,24083,0.640366,0.617549,True
CHNCXR_0081_0,Shenzhen,0,3,81119,0.314981,40296,3.974,2.1143,2.2282,2028,2259,2028,109156,3.3908,3.4569,40082,1.000538,1.008802,True
CHNCXR_0082_0,Shenzhen,0,0,58760,0.228162,30216,4.1138,2.1556,2.246,1714,2041,1714,106801,3.3176,3.4085,30137,0.749358,0.751336,True
CHNCXR_0083_0,Shenzhen,0,3,49207,0.191068,24424,3.9708,2.1053,2.2228,1416,1806,1416,101769,3.1613,3.2124,24341,0.625103,0.632357,True
CHNCXR_0084_0,Shenzhen,0,2,64454,0.264468,31338,3.8897,2.0766,2.2153,1682,2017,1682,98259,3.2254,3.3195,31140,0.817534,0.814852,True
CHNCXR_0085_0,Shenzhen,0,2,54984,0.2135,28348,4.1245,2.1545,2.2486,1517,1890,1517,106099,3.2958,3.352,28216,0.713994,0.729226,True
CHNCXR_0086_0,Shenzhen,0,3,42674,0.165372,21704,4.0688,2.1637,2.2554,1305,1776,1305,101638,3.151,3.2744,21603,0.563208,0.567176,True
CHNCXR_0087_0,Shenzhen,0,4,68418,0.292405,34195,3.9984,2.1179,2.2292,1725,2028,1725,98077,3.3533,3.4182,34038,0.859526,0.849079,True
CHNCXR_0088_0,Shenzhen,0,4,64713,0.261682,36480,4.5098,2.2474,2.3416,1761,2043,1761,116699,3.7752,3.7731,36086,0.856116,0.85346,True
CHNCXR_0089_0,Shenzhen,0,0,62340,0.238741,31323,4.0196,2.1197,2.2269,1764,2053,1764,109475,3.354,3.4209,31227,0.795926,0.792524,True
CHNCXR_0090_0,Shenzhen,0,3,56114,0.225047,28780,4.1031,2.1581,2.2491,1492,1835,1492,104208,3.3434,3.3629,28652,0.716624,0.731349,True
CHNCXR_0091_0,Shenzhen,0,0,74597,0.326675,40961,4.3928,2.1889,2.2924,1851,2066,1851,109609,3.84,3.8458,40766,0.962066,0.959232,True
CHNCXR_0092_0,Shenzhen,0,4,60845,0.244522,30298,3.9836,2.1053,2.221,1669,1934,1669,99185,3.1888,3.264,30231,0.768944,0.772904,True
CHNCXR_0093_0,Shenzhen,0,0,74917,0.304838,41484,4.4299,2.215,2.3122,1886,2165,1886,117692,3.8311,3.8248,41168,0.990537,0.994172,True
CHNCXR_0094_0,Shenzhen,0,0,62346,0.242087,30352,3.8947,2.0827,2.219,1659,2000,1659,105652,3.2819,3.3622,30145,0.784019,0.789292,True
CHNCXR_0095_0,Shenzhen,0,4,69754,0.270851,34513,3.9583,2.1065,2.2239,1698,2051,1698,107497,3.3392,3.4114,34304,0.86865,0.856748,True
CHNCXR_0096_0,Shenzhen,0,4,79364,0.308167,38548,3.8857,2.0587,2.206,1836,2211,1836,107310,3.3334,3.3812,38312,0.988252,1.009137,True
CHNCXR_0097_0,Shenzhen,0,0,101991,0.399201,47546,3.7294,2.0122,2.1816,2134,2341,2134,106103,3.3224,3.38,46986,1.251703,1.259567,True
CHNCXR_0098_0,Shenzhen,0,4,48389,0.187519,24923,4.1204,2.1547,2.2484,1389,1780,1389,100358,3.1113,3.1989,24834,0.641052,0.643797,True
CHNCXR_0099_0,Shenzhen,0,2,60289,0.267011,33510,4.4466,2.2379,2.3275,1481,1868,1481,105511,3.7383,3.7625,33157,0.775672,0.785107,True
CHNCXR_0100_0,Shenzhen,0,3,71255,0.288136,35039,3.9339,2.0756,2.2085,1977,2162,1977,103330,3.3427,3.4081,34867,0.929313,0.913405,True
CHNCXR_0101_0,Shenzhen,0,1,62499,0.238415,31333,4.0107,2.1442,2.2484,1668,2045,1668,107373,3.2768,3.3923,31087,0.809082,0.808988,True
CHNCXR_0102_0,Shenzhen,0,2,63172,0.272368,30304,3.8376,2.0572,2.2145,1764,2033,1764,95085,3.2797,3.3392,30034,0.807229,0.794625,True
CHNCXR_0103_0,Shenzhen,0,0,58251,0.292472,29514,4.0534,2.1417,2.2433,1589,1881,1589,85385,3.4297,3.4839,29325,0.746031,0.720871,True
CHNCXR_0104_0,Shenzhen,0,3,68147,0.25996,37941,4.454,2.228,2.3249,1726,2016,1726,119856,3.6577,3.6548,37641,0.90482,0.895325,True
CHNCXR_0105_0,Shenzhen,0,1,52838,0.231388,26420,4.0002,2.122,2.2303,1517,1836,1517,94442,3.3086,3.3567,26333,0.681554,0.679552,True
CHNCXR_0106_0,Shenzhen,0,2,65188,0.253626,32582,3.9985,2.1015,2.2172,1631,2020,1631,111094,3.4579,3.5387,32478,0.839057,0.826237,True
CHNCXR_0107_0,Shenzhen,0,2,69932,0.283962,33872,3.8748,2.0517,2.1992,1827,2076,1827,103152,3.3508,3.4011,33721,0.871113,0.862899,True
CHNCXR_0108_0,Shenzhen,0,2,76938,0.299342,38003,3.9515,2.1023,2.2219,1948,2177,1948,106246,3.307,3.3843,37813,0.973998,0.967176,True
CHNCXR_0109_0,Shenzhen,0,3,39347,0.186528,19458,3.9562,2.1015,2.2241,1290,1669,1290,81939,3.1075,3.2098,19375,0.512371,0.516726,True
CHNCXR_0110_0,Shenzhen,0,2,50113,0.207366,25347,4.0464,2.134,2.233,1337,1733,1337,97563,3.2297,3.2976,25284,0.643602,0.639369,True
CHNCXR_0111_0,Shenzhen,0,1,68006,0.272181,33948,3.9935,2.1092,2.2246,1751,2031,1751,104523,3.3467,3.3926,33762,0.846554,0.840147,True
CHNCXR_0112_0,Shenzhen,0,3,72643,0.285475,36404,4.0091,2.1166,2.2277,1716,2048,1716,107415,3.377,3.4334,36230,0.928277,0.944679,True
CHNCXR_0113_0,Shenzhen,0,0,71739,0.288897,39741,4.4317,2.2226,2.3193,1763,2059,1763,116511,3.7536,3.7658,39340,0.937735,0.936603,True
CHNCXR_0114_0,Shenzhen,0,4,53999,0.210513,27108,4.0161,2.1357,2.2391,1414,1875,1414,105451,3.2888,3.3877,26979,0.686938,0.703086,True
CHNCXR_0115_0,Shenzhen,0,4,43715,0.177877,22228,4.0678,2.123,2.2257,1609,1888,1609,113211,3.6853,3.5357,22169,0.576661,0.57057,True
CHNCXR_0116_0,Shenzhen,0,0,66637,0.260301,33302,3.998,2.1004,2.2134,1755,2057,1755,107551,3.361,3.4173,33236,0.854616,0.852998,True
CHNCXR_0117_0,Shenzhen,0,2,46945,0.210297,23778,4.0521,2.1329,2.2327,1512,1835,1512,89348,3.202,3.2709,23743,0.609252,0.619404,True
CHNCXR_0118_0,Shenzhen,0,1,38267,0.146263,21380,4.4696,2.2824,2.3573,1192,1675,1192,113331,3.4654,3.4783,21104,0.530508,0.538821,True
CHNCXR_0119_0,Shenzhen,0,1,50257,0.204923,28230,4.4937,2.2524,2.3453,1439,1776,1439,110813,3.6147,3.6492,27908,0.677034,0.659393,True
CHNCXR_0120_0,Shenzhen,0,3,60225,0.233851,29821,3.9613,2.1035,2.2243,1627,1983,1627,105998,3.2927,3.3769,29662,0.777555,0.783043,True
CHNCXR_0121_0,Shenzhen,0,2,63942,0.265152,35222,4.4067,2.2208,2.3118,1681,1990,1681,108996,3.6158,3.6507,34972,0.8461,0.845613,True
CHNCXR_0122_0,Shenzhen,0,1,54593,0.233319,30513,4.4713,2.237,2.3302,1584,1898,1584,106827,3.6525,3.6745,30191,0.722756,0.739057,True
CHNCXR_0123_0,Shenzhen,0,1,38453,0.149311,19208,3.9962,2.1122,2.222,1162,1673,1162,99189,3.0812,3.2098,19154,0.513109,0.518657,True
CHNCXR_0124_0,Shenzhen,0,0,54271,0.252979,26540,3.9122,2.0902,2.2215,1496,1820,1496,82589,3.0798,3.1752,26365,0.697776,0.676178,True
CHNCXR_0125_0,Shenzhen,0,1,60834,0.232063,33133,4.3572,2.2146,2.301,1624,1996,1624,117200,3.5767,3.5762,32900,0.806017,0.78312,True
CHNCXR_0126_0,Shenzhen,0,0,32418,0.12638,15956,3.9376,2.0896,2.2154,1104,1665,1104,96905,3.0222,3.1718,15908,0.438541,0.441887,True
CHNCXR_0127_0,Shenzhen,0,2,71610,0.284275,35219,3.9345,2.0791,2.2085,1738,2066,1738,104339,3.3136,3.3669,35023,0.907674,0.900333,True
CHNCXR_0128_0,Shenzhen,0,1,58925,0.224781,32463,4.4074,2.2167,2.3082,1544,1930,1544,115908,3.5372,3.527,32216,0.789855,0.798614,True
CHNCXR_0129_0,Shenzhen,0,1,39170,0.179587,19433,3.969,2.0996,2.222,1276,1665,1276,86323,3.1662,3.2847,19349,0.515846,0.513374,True
CHNCXR_0130_0,Shenzhen,0,2,59672,0.228076,33397,4.4774,2.25,2.3405,1606,1935,1606,116513,3.5627,3.5514,33076,0.785487,0.777989,True
CHNCXR_0131_0,Shenzhen,0,1,58788,0.258023,33087,4.5026,2.2477,2.3426,1601,1908,1601,104255,3.6606,3.6827,32667,0.766322,0.768599,True
CHNCXR_0132_0,Shenzhen,0,0,48747,0.189282,24620,4.0405,2.1425,2.2449,1412,1829,1412,103308,3.2091,3.3214,24474,0.644578,0.643601,True
CHNCXR_0133_0,Shenzhen,0,0,53157,0.205997,26866,4.0433,2.1337,2.2363,1457,1903,1457,103657,3.2136,3.3027,26758,0.687226,0.68845,True
CHNCXR_0134_0,Shenzhen,0,4,68046,0.307644,33857,3.9805,2.1011,2.2189,1894,2140,1894,94120,3.4042,3.476,33728,0.854673,0.850848,True
CHNCXR_0135_0,Shenzhen,0,1,54711,0.21244,26842,3.9249,2.0867,2.2166,1490,1899,1490,103066,3.2016,3.3144,26722,0.702171,0.691978,True
CHNCXR_0136_0,Shenzhen,0,4,37115,0.144403,18756,4.0428,2.1372,2.2422,1290,1793,1290,102881,3.2022,3.3402,18685,0.500589,0.497048,True
CHNCXR_0137_0,Shenzhen,0,4,52794,0.205405,26494,4.0147,2.1018,2.2164,1445,1839,1445,105132,3.2723,3.273,26468,0.690993,0.687177,True
CHNCXR_0138_0,Shenzhen,0,1,48636,0.189227,24011,3.9495,2.1162,2.2352,1407,1813,1407,97632,3.0388,3.1518,23852,0.640844,0.648803,True
CHNCXR_0139_0,Shenzhen,0,2,42524,0.166109,21509,4.0465,2.1265,2.2306,1392,1797,1392,97524,3.0476,3.1035,21440,0.572017,0.588578,True
CHNCXR_0140_0,Shenzhen,0,1,79392,0.326447,40233,4.0541,2.1136,2.2219,1917,2126,1917,106264,3.4955,3.5191,40142,1.014878,0.997497,True
CHNCXR_0141_0,Shenzhen,0,4,54770,0.213945,26819,3.9173,2.0941,2.2242,1494,1926,1494,102025,3.1883,3.2884,26653,0.70007,0.703752,True
CHNCXR_0142_0,Shenzhen,0,4,70080,0.269439,34664,3.9571,2.0973,2.2182,1772,2091,1772,107402,3.3035,3.3427,34496,0.885293,0.884641,True
CHNCXR_0143_0,Shenzhen,0,4,45715,0.178218,25736,4.5037,2.2408,2.336,1393,1775,1393,119052,3.7129,3.6843,25528,0.613103,0.619131,True
CHNCXR_0144_0,Shenzhen,0,2,60557,0.281608,29792,3.9357,2.0946,2.2228,1526,1897,1526,90825,3.3789,3.432,29582,0.786917,0.764861,True
CHNCXR_0145_0,Shenzhen,0,4,65059,0.24818,35680,4.3874,2.2186,2.3079,1818,2105,1818,119181,3.6371,3.6382,35356,0.841615,0.862196,True
CHNCXR_0146_0,Shenzhen,0,2,46239,0.17708,23829,4.1228,2.1559,2.2486,1353,1862,1353,107978,3.3081,3.413,23732,0.593539,0.604025,True
CHNCXR_0147_0,Shenzhen,0,3,65975,0.255669,33198,4.0255,2.1233,2.2298,1805,2082,1805,111563,3.4587,3.5459,33062,0.842417,0.849386,True
CHNCXR_0148_0,Shenzhen,0,3,53271,0.221372,26478,3.9763,2.1092,2.2248,1380,1765,1380,97653,3.2464,3.3235,26340,0.683975,0.684613,True
CHNCXR_0149_0,Shenzhen,0,3,52339,0.199657,28386,4.3388,2.2118,2.2992,1363,1779,1363,112231,3.425,3.4432,28173,0.695047,0.683877,True
CHNCXR_0150_0,Shenzhen,0,1,57565,0.236698,28192,3.9179,2.0734,2.2083,1580,1910,1580,98164,3.2291,3.2939,28100,0.738082,0.733778,True
CHNCXR_0151_0,Shenzhen,0,0,43938,0.170609,21355,3.8882,2.0784,2.2147,1409,1828,1409,102530,3.185,3.304,21189,0.579658,0.573742,True
CHNCXR_0152_0,Shenzhen,0,3,65774,0.263248,31720,3.8581,2.0581,2.2092,1712,2001,1712,105133,3.3662,3.4369,31471,0.837107,0.831054,True
CHNCXR_0153_0,Shenzhen,0,3,52731,0.20516,25940,3.9354,2.0908,2.2163,1537,1900,1537,104100,3.2402,3.3379,25830,0.667051,0.762453,True
CHNCXR_0154_0,Shenzhen,0,4,56729,0.220715,28373,4.0012,2.1085,2.2243,1542,1924,1542,105022,3.2689,3.3475,28234,0.726914,0.828453,True
CHNCXR_0155_0,Shenzhen,0,1,27528,0.136116,13669,3.9724,2.1058,2.2254,1054,1479,1054,83411,3.2995,3.41,13593,0.450962,0.375825,True
CHNCXR_0156_0,Shenzhen,0,2,40050,0.154896,20877,4.1702,2.1864,2.2728,1243,1777,1243,110414,3.4163,3.5033,20742,0.542064,0.552322,True
CHNCXR_0157_0,Shenzhen,0,1,49983,0.19255,25210,4.035,2.1307,2.2351,1466,1852,1466,107387,3.3095,3.4079,25088,0.667008,0.64779,True
CHNCXR_0158_0,Shenzhen,0,4,45305,0.189073,22717,4.0114,2.1094,2.2204,1372,1726,1372,99491,3.3217,3.3906,22692,0.599233,0.59526,True
CHNCXR_0159_0,Shenzhen,0,4,47724,0.182053,25988,4.3564,2.1922,2.2893,1387,1817,1387,114784,3.5029,3.5038,25859,0.63789,0.655033,True
CHNCXR_0160_0,Shenzhen,0,4,65500,0.275118,35101,4.2871,2.1946,2.2801,1759,2059,1759,108887,3.6588,3.682,34887,0.851836,0.86008,True
CHNCXR_0161_0,Shenzhen,0,2,48316,0.197009,26461,4.3813,2.1875,2.2915,1464,1817,1464,115046,3.7528,3.6968,26331,0.641676,0.625076,True
CHNCXR_0162_0,Shenzhen,0,3,62533,0.242813,31132,3.9828,2.1083,2.2214,1639,1983,1639,107874,3.351,3.4179,30992,0.78976,0.786315,True
CHNCXR_0163_0,Shenzhen,0,2,49089,0.189855,24493,3.9916,2.1132,2.2261,1352,1794,1352,102164,3.161,3.2729,24380,0.629838,0.643983,True
CHNCXR_0164_0,Shenzhen,0,3,42937,0.167054,21618,4.0279,2.1145,2.223,1183,1663,1183,102613,3.1939,3.3148,21544,0.566753,0.562363,True
CHNCXR_0165_0,Shenzhen,0,0,63861,0.245529,31014,3.8852,2.0724,2.2137,1661,2017,1661,99869,3.0718,3.1386,30806,0.799862,0.797199,True
CHNCXR_0166_0,Shenzhen,0,1,75242,0.296883,38029,4.0434,2.1336,2.2377,1837,2156,1837,110899,3.5006,3.5398,37788,0.957141,0.942664,True
CHNCXR_0167_0,Shenzhen,0,2,62192,0.254651,35150,4.5215,2.2308,2.3282,1734,1988,1734,116648,3.821,3.7982,34889,0.820273,0.822341,True
CHNCXR_0168_0,Shenzhen,0,3,90416,0.353187,44647,3.9504,2.1049,2.2233,2015,2274,2015,110736,3.4605,3.5377,44359,1.149464,1.131692,True
CHNCXR_0169_0,Shenzhen,0,1,50726,0.203856,25365,4.0003,2.0732,2.1981,1524,1859,1524,114634,3.6855,3.6381,25357,0.647846,0.651097,True
CHNCXR_0170_0,Shenzhen,0,3,40859,0.158339,20725,4.0579,2.1444,2.2428,1200,1684,1200,100250,3.1079,3.1496,20636,0.536667,0.554689,True
CHNCXR_0171_0,Shenzhen,0,4,61413,0.234272,34699,4.5201,2.2466,2.3384,1563,2023,1563,119053,3.6332,3.657,34318,0.82435,0.829868,True
CHNCXR_0172_0,Shenzhen,0,1,80507,0.322214,38939,3.8694,2.0577,2.2061,1901,2228,1901,106923,3.4235,3.4797,38688,0.997857,0.984565,True
CHNCXR_0173_0,Shenzhen,0,1,60257,0.2598,30159,4.004,2.1141,2.2261,1703,1948,1703,95990,3.3109,3.3889,30034,0.774803,0.773697,True
CHNCXR_0174_0,Shenzhen,0,0,55577,0.243383,27748,3.9942,2.1017,2.2162,1579,1911,1579,96094,3.3665,3.4133,27692,0.714616,0.707339,True
CHNCXR_0175_0,Shenzhen,0,1,52105,0.218385,26571,4.0796,2.1382,2.2374,1399,1691,1399,93378,3.131,3.1619,26475,0.668352,0.675542,True
CHNCXR_0176_0,Shenzhen,0,4,41023,0.159608,20754,4.0473,2.1291,2.2307,1345,1842,1345,102440,3.1885,3.3307,20723,0.557048,0.542676,True
CHNCXR_0177_0,Shenzhen,0,1,88154,0.339597,45055,4.0888,2.1635,2.2548,2076,2267,2076,115124,3.548,3.5997,44610,1.119652,1.101179,True
CHNCXR_0178_0,Shenzhen,0,3,49957,0.216346,23897,3.8268,2.0334,2.1819,1357,1754,1357,103617,3.5898,3.5076,23670,0.631662,0.625377,True
CHNCXR_0179_0,Shenzhen,0,2,44667,0.173785,22238,3.9829,2.0981,2.2164,1185,1661,1185,99046,3.0829,3.1483,22172,0.579231,0.575267,True
CHNCXR_0180_0,Shenzhen,0,2,38702,0.179976,19456,4.0217,2.1177,2.2303,1205,1578,1205,87839,3.2678,3.3779,19373,0.502203,0.498547,True
CHNCXR_0221_0,Shenzhen,0,0,59735,0.270696,30366,4.0668,2.1594,2.2521,1623,1926,1623,93588,3.3928,3.4688,30192,0.736371,0.73164,True
CHNCXR_0222_0,Shenzhen,0,3,55735,0.213446,31730,4.5544,2.2757,2.3578,1494,1880,1494,116556,3.571,3.5726,31369,0.733394,0.730998,True
CHNCXR_0223_0,Shenzhen,0,0,33628,0.130836,17241,4.1016,2.1618,2.2537,1066,1569,1066,100697,3.1342,3.1616,17199,0.445341,0.447774,True
CHNCXR_0224_0,Shenzhen,0,2,53068,0.203232,29718,4.48,2.2493,2.3413,1536,1901,1536,115271,3.5316,3.5402,29379,0.717798,0.709171,True
CHNCXR_0225_0,Shenzhen,0,0,64761,0.247044,31770,3.9246,2.0845,2.2153,1720,2052,1720,107415,3.278,3.3277,31602,0.809506,0.803982,True
CHNCXR_0226_0,Shenzhen,0,3,47433,0.180943,26727,4.5077,2.2625,2.3507,1373,1824,1373,116225,3.5469,3.531,26404,0.635589,0.637396,True
CHNCXR_0227_0,Shenzhen,0,4,63364,0.241714,35780,4.5174,2.253,2.3442,1665,2024,1665,118216,3.6077,3.6088,35461,0.823133,0.831912,True
CHNCXR_0228_0,Shenzhen,0,0,58157,0.228088,28408,3.9078,2.042,2.1877,1949,2169,1949,114409,3.5896,3.469,28304,0.731876,0.741474,True
CHNCXR_0229_0,Shenzhen,0,4,40400,0.154718,22371,4.4299,2.2498,2.3372,1408,1830,1408,111224,3.4076,3.3805,22172,0.543713,0.544154,True
CHNCXR_0230_0,Shenzhen,0,3,46047,0.175999,25970,4.5119,2.2697,2.3531,1316,1755,1316,114937,3.5145,3.5127,25653,0.622677,0.632995,True
CHNCXR_0231_0,Shenzhen,0,4,54989,0.210177,30895,4.4947,2.2455,2.3389,1544,1886,1544,117296,3.5866,3.581,30569,0.733098,0.729093,True
CHNCXR_0232_0,Shenzhen,0,0,41913,0.160198,22958,4.382,2.2124,2.3036,1176,1602,1176,112994,3.4551,3.4257,22785,0.56227,0.566837,True
CHNCXR_0233_0,Shenzhen,0,4,48101,0.187146,24197,4.0244,2.134,2.2387,1409,1834,1409,102073,3.1771,3.2435,24100,0.623001,0.612196,True
CHNCXR_0234_0,Shenzhen,0,3,41695,0.159054,23395,4.4888,2.2408,2.3348,1156,1697,1156,113777,3.4722,3.4616,23150,0.558196,0.573727,True
CHNCXR_0235_0,Shenzhen,0,3,83218,0.331704,41379,3.9779,2.0951,2.214,2066,2273,2066,108462,3.4586,3.513,41241,1.030914,1.030052,True
CHNCXR_0236_0,Shenzhen,0,0,49750,0.205429,26815,4.312,2.197,2.2847,1428,1776,1428,106984,3.5341,3.5321,26704,0.654803,0.666182,True
CHNCXR_0237_0,Shenzhen,0,1,47715,0.186015,23440,3.93,2.0942,2.2204,1299,1724,1299,99424,3.1008,3.1471,23345,0.61976,0.608782,True
CHNCXR_0238_0,Shenzhen,0,0,53243,0.20633,26531,3.9864,2.1001,2.2161,1595,1965,1595,102589,3.1805,3.3042,26448,0.677167,0.67793,True
CHNCXR_0239_0,Shenzhen,0,3,62532,0.239007,34886,4.4631,2.2433,2.3335,1647,1985,1647,119176,3.6441,3.6654,34489,0.827789,0.829063,True
CHNCXR_0240_0,Shenzhen,0,2,54426,0.208025,30243,4.4454,2.2389,2.3291,1587,1953,1587,115128,3.5203,3.5049,29984,0.729149,0.742729,True
CHNCXR_0241_0,Shenzhen,0,3,100718,0.387234,48699,3.8681,2.073,2.2197,2261,2405,2261,112039,3.4461,3.491,48170,1.218507,1.205124,True
CHNCXR_0242_0,Shenzhen,0,4,99916,0.396643,47246,3.7829,2.0419,2.2105,2066,2279,2066,106693,3.3884,3.4672,46691,1.202908,1.21803,True
CHNCXR_0243_0,Shenzhen,0,3,71806,0.279375,35174,3.9188,2.1177,2.2417,1726,2057,1726,104845,3.2634,3.3735,34817,0.896498,0.895816,True
CHNCXR_0244_0,Shenzhen,0,2,84311,0.336061,41355,3.924,2.0791,2.2129,1972,2191,1972,108930,3.4735,3.5118,41144,1.035857,1.018824,True
CHNCXR_0245_0,Shenzhen,0,0,59920,0.228577,34156,4.5602,2.297,2.3736,1563,2007,1563,118086,3.6037,3.6492,33645,0.798666,0.793938,True
CHNCXR_0246_0,Shenzhen,0,3,58111,0.225642,29191,4.0187,2.1169,2.2252,1551,1881,1551,104643,3.2506,3.2933,29113,0.741792,0.740343,True
CHNCXR_0247_0,Shenzhen,0,2,48306,0.187944,23473,3.8874,2.0577,2.2032,1443,1845,1443,104203,3.2434,3.3424,23380,0.614181,0.615164,True
CHNCXR_0248_0,Shenzhen,0,4,65721,0.286521,32921,4.0074,2.099,2.2133,1748,2071,1748,105934,3.6947,3.6445,32790,0.832303,0.835109,True
CHNCXR_0249_0,Shenzhen,0,1,47566,0.181805,26866,4.5185,2.2566,2.345,1400,1809,1400,114869,3.5124,3.5332,26571,0.632437,0.62463,True
CHNCXR_0250_0,Shenzhen,0,4,78409,0.303854,38775,3.9562,2.1108,2.2273,1837,2104,1837,109307,3.3887,3.4626,38510,0.977013,0.977727,True
CHNCXR_0251_0,Shenzhen,0,0,68525,0.265026,33232,3.8797,2.0762,2.2148,1545,1934,1545,100683,3.1152,3.1522,33048,0.852589,0.867209,True
CHNCXR_0252_0,Shenzhen,0,1,65808,0.252022,36713,4.463,2.2616,2.3467,1682,2040,1682,116287,3.5627,3.5866,36212,0.875687,0.852581,True
CHNCXR_0253_0,Shenzhen,0,4,59916,0.233114,28894,3.8579,2.0811,2.2246,1568,1891,1568,101927,3.1725,3.2872,28585,0.736749,0.721185,True
CHNCXR_0254_0,Shenzhen,0,0,77380,0.298681,38299,3.9596,2.1027,2.2227,1883,2136,1883,107997,3.3349,3.3794,38141,0.989969,0.964743,True
CHNCXR_0255_0,Shenzhen,0,0,64643,0.278097,33159,4.1036,2.1761,2.2662,1709,1994,1709,98250,3.3814,3.4446,32874,0.826289,0.874221,True
CHNCXR_0256_0,Shenzhen,0,0,53101,0.222083,26392,3.9761,2.0561,2.1888,1475,1849,1475,111729,3.7383,3.6577,26373,0.736907,0.754986,True
CHNCXR_0257_0,Shenzhen,0,2,66593,0.254529,36386,4.3712,2.2214,2.3088,1641,2020,1641,116010,3.5473,3.5533,36153,0.942398,0.936052,True
CHNCXR_0258_0,Shenzhen,0,0,57879,0.224741,29009,4.0096,2.1176,2.2275,1697,2049,1697,105029,3.2626,3.3713,28904,0.813584,0.741908,True
CHNCXR_0259_0,Shenzhen,0,4,40629,0.17364,19508,3.8412,2.0571,2.213,1266,1703,1266,88598,3.0292,3.1551,19324,0.581566,0.52449,True
CHNCXR_0260_0,Shenzhen,0,4,53162,0.20725,25952,3.9053,2.1,2.2294,1551,1921,1551,99199,3.0938,3.2243,25698,0.672308,0.680036,True
CHNCXR_0261_0,Shenzhen,0,3,56573,0.219234,31384,4.438,2.2189,2.3139,1500,1926,1500,120577,3.7381,3.73,31159,0.743156,0.735964,True
CHNCXR_0262_0,Shenzhen,0,4,63607,0.247969,32083,4.0352,2.12,2.2265,1732,2036,1732,106467,3.3205,3.3987,32002,0.807875,0.804291,True
CHNCXR_0263_0,Shenzhen,0,3,57502,0.223722,28286,3.9353,2.0842,2.2139,1515,1886,1515,102708,3.1968,3.2772,28137,0.721446,0.759759,True
CHNCXR_0264_0,Shenzhen,0,3,49871,0.190243,28101,4.5078,2.2553,2.343,1423,1829,1423,117509,3.5861,3.5905,27829,0.688846,0.681132,True
CHNCXR_0265_0,Shenzhen,0,3,38921,0.168928,19892,4.0887,2.1268,2.2287,1190,1611,1190,96842,3.3626,3.4162,19842,0.505138,0.503564,True
CHNCXR_0266_0,Shenzhen,0,4,43650,0.166837,23573,4.3204,2.2062,2.2908,1291,1735,1291,112604,3.4431,3.4291,23453,0.594649,0.60257,True
CHNCXR_0267_0,Shenzhen,0,3,37290,0.145956,18865,4.0472,2.118,2.2214,1115,1652,1115,100620,3.1507,3.2243,18860,0.496451,0.492466,True
CHNCXR_0268_0,Shenzhen,0,4,47356,0.208786,26564,4.4875,2.2606,2.3492,1400,1745,1400,102238,3.606,3.6326,26246,0.65009,0.626233,True
CHNCXR_0269_0,Shenzhen,0,3,47767,0.184377,24116,4.0389,2.1196,2.2279,1341,1719,1341,98806,3.0511,3.0946,24032,0.612895,0.602102,True
CHNCXR_0270_0,Shenzhen,0,2,47567,0.181454,26458,4.4498,2.2531,2.3413,1344,1775,1344,113738,3.471,3.4536,26112,0.639734,0.654326,True
CHNCXR_0271_0,Shenzhen,0,0,66263,0.253268,36156,4.3652,2.2178,2.307,1782,2073,1782,117199,3.5836,3.5803,35900,0.885294,0.876556,True
CHNCXR_0272_0,Shenzhen,0,3,91073,0.348778,46188,4.0572,2.1162,2.222,2021,2317,2021,116160,3.5588,3.5918,46118,1.139558,1.149655,True
CHNCXR_0273_0,Shenzhen,0,2,62804,0.277521,31117,3.9637,2.0863,2.2096,1683,1980,1683,95225,3.3663,3.4346,30986,0.788971,0.781334,True
CHNCXR_0274_0,Shenzhen,0,3,75089,0.323036,37662,4.0125,2.096,2.2125,1929,2162,1929,104407,3.5933,3.6352,37606,0.930285,0.945784,True
CHNCXR_0275_0,Shenzhen,0,1,42279,0.161282,23876,4.5178,2.2512,2.3417,1272,1752,1272,112838,3.4435,3.4223,23680,0.58263,0.574923,True
CHNCXR_0276_0,Shenzhen,0,0,51528,0.198111,29105,4.5187,2.2286,2.3254,1511,1892,1511,123270,3.7915,3.7473,28948,0.689954,0.674929,True
CHNCXR_0277_0,Shenzhen,0,0,50628,0.220721,25660,4.0547,2.1227,2.2277,1566,1864,1566,94740,3.3043,3.3009,25599,0.646096,0.652124,True
CHNCXR_0278_0,Shenzhen,0,0,81489,0.34675,44887,4.4067,2.1995,2.2993,1910,2191,1910,114535,3.8989,3.8828,44562,1.069415,1.112055,True
CHNCXR_0279_0,Shenzhen,0,1,79126,0.320629,39403,3.9838,2.111,2.2243,2021,2260,2021,105030,3.4048,3.4628,39197,0.989691,1.056181,True
CHNCXR_0280_0,Shenzhen,0,3,40983,0.164701,20945,4.0885,2.1499,2.2473,1253,1668,1253,98083,3.1534,3.2132,20836,0.616357,0.544976,True
CHNCXR_0281_0,Shenzhen,0,0,67803,0.263276,33549,3.9584,2.118,2.2352,1767,2099,1767,106739,3.3157,3.3536,33284,0.939366,0.857895,True
CHNCXR_0282_0,Shenzhen,0,4,67839,0.261854,33600,3.9623,2.0906,2.2145,1785,2086,1785,104651,3.2316,3.335,33478,0.844863,0.880014,True
CHNCXR_0283_0,Shenzhen,0,1,61401,0.234685,30750,4.0064,2.115,2.2262,1600,1977,1600,106889,3.2684,3.3511,30638,0.78234,0.78774,True
CHNCXR_0284_0,Shenzhen,0,0,43289,0.167423,22222,4.1067,2.16,2.2533,1280,1766,1280,98116,3.0358,3.1303,22157,0.568136,0.590057,True
CHNCXR_0285_0,Shenzhen,0,4,69712,0.26593,34106,3.9139,2.1001,2.2293,1651,2070,1651,107072,3.2676,3.3056,33756,0.872245,0.876228,True
CHNCXR_0286_0,Shenzhen,0,3,77551,0.300529,38361,3.9572,2.0991,2.2177,1837,2130,1837,109880,3.4065,3.4806,38189,1.003179,0.974153,True
CHNCXR_0287_0,Shenzhen,0,0,63040,0.260858,30697,3.8956,2.0715,2.2114,1589,1930,1589,100693,3.3333,3.3802,30541,0.790172,0.761639,True
CHNCXR_0288_0,Shenzhen,0,1,57349,0.276567,28342,3.9536,2.0988,2.2207,1540,1855,1540,84654,3.266,3.3453,28204,0.737062,0.718158,True
CHNCXR_0289_0,Shenzhen,0,4,56172,0.218113,27573,3.9269,2.1289,2.249,1446,1857,1446,98939,3.0734,3.188,27210,0.697981,0.714725,True
CHNCXR_0290_0,Shenzhen,0,2,62094,0.241108,31235,4.0242,2.131,2.2355,1625,1960,1625,109780,3.4102,3.4669,31089,0.79302,0.79698,True
CHNCXR_0291_0,Shenzhen,0,4,93465,0.363643,50560,4.3276,2.1937,2.2859,2019,2292,2019,125495,3.9061,3.8697,50173,1.188529,1.16221,True
CHNCXR_0292_0,Shenzhen,0,2,57426,0.222982,27981,3.898,2.0999,2.2323,1374,1796,1374,100340,3.1169,3.2203,27715,0.736859,0.706175,True
CHNCXR_0293_0,Shenzhen,0,4,74516,0.289342,37004,3.9727,2.1108,2.2281,1801,2103,1801,107347,3.3346,3.3908,36817,0.921286,0.925758,True
CHNCXR_0294_0,Shenzhen,0,3,75190,0.291959,34765,3.6989,2.0301,2.1891,1706,1996,1706,101155,3.1422,3.2738,34435,0.923858,0.934971,True
CHNCXR_0295_0,Shenzhen,0,0,81223,0.327766,38786,3.8202,2.0607,2.2186,1811,2125,1811,101353,3.272,3.3419,38354,1.018126,1.019215,True
CHNCXR_0296_0,Shenzhen,0,0,82333,0.332245,46568,4.5248,2.2397,2.3355,1940,2183,1940,123557,3.9888,3.9676,46089,1.072523,1.060208,True
CHNCXR_0297_0,Shenzhen,0,2,56873,0.237351,27859,3.9188,2.044,2.1901,1460,1799,1460,110162,3.678,3.602,27773,0.71752,0.726366,True
CHNCXR_0298_0,Shenzhen,0,2,75176,0.291905,37359,3.9756,2.1256,2.2381,1715,2050,1715,107433,3.3373,3.3617,37066,0.957215,0.947564,True
CHNCXR_0299_0,Shenzhen,0,4,32969,0.152589,16161,3.9215,2.0618,2.2023,1326,1736,1326,93362,3.4568,3.463,16115,0.434306,0.430078,True
CHNCXR_0300_0,Shenzhen,0,2,61413,0.237991,30063,3.9162,2.085,2.2182,1570,1951,1570,105766,3.279,3.3544,29869,0.765153,0.782883,True
CHNCXR_0301_0,Shenzhen,0,2,52855,0.205233,26613,4.0281,2.1219,2.2309,1555,1939,1555,103603,3.2183,3.3159,26511,0.688215,0.665578,True
CHNCXR_0302_0,Shenzhen,0,0,53446,0.232487,26726,4.0004,2.1103,2.2256,1545,1878,1545,97860,3.4055,3.4512,26625,0.694045,0.688071,True
CHNCXR_0303_0,Shenzhen,0,0,25704,0.098825,12079,3.7594,2.0063,2.1655,1106,1615,1106,111284,3.4229,3.4101,12000,0.34737,0.349102,True
CHNCXR_0304_0,Shenzhen,0,3,54032,0.209804,26911,3.9845,2.1242,2.236,1510,1881,1510,103185,3.2053,3.3271,26787,0.696798,0.697094,True
CHNCXR_0305_0,Shenzhen,0,3,55652,0.236809,28822,4.1432,2.1709,2.2593,1547,1872,1547,101366,3.4506,3.5283,28669,0.708831,0.717532,True
CHNCXR_0306_0,Shenzhen,0,0,40442,0.157977,20490,4.0532,2.1219,2.2281,1232,1713,1232,98814,3.0879,3.1274,20440,0.543833,0.537078,True
CHNCXR_0307_0,Shenzhen,0,2,46307,0.179808,22778,3.9351,2.0949,2.2186,1366,1820,1366,102489,3.1837,3.2926,22663,0.590834,0.600172,True
CHNCXR_0308_0,Shenzhen,0,4,57439,0.223033,29000,4.0391,2.1497,2.2474,1532,1902,1532,103471,3.2142,3.3232,28823,0.736608,0.729199,True
CHNCXR_0309_0,Shenzhen,0,2,72004,0.282963,35413,3.9346,2.1055,2.2304,1795,2074,1795,108483,3.4106,3.4935,35139,0.891972,0.891511,True
CHNCXR_0310_0,Shenzhen,0,4,65736,0.253236,35369,4.3044,2.166,2.2646,1699,2058,1699,125757,3.8756,3.8202,35237,0.860737,0.850545,True
CHNCXR_0311_0,Shenzhen,0,3,76385,0.296011,38601,4.0428,2.1407,2.2402,1943,2174,1943,110078,3.4126,3.4856,38373,0.963603,0.962078,True
CHNCXR_0312_0,Shenzhen,0,4,48308,0.188326,24772,4.1023,2.1471,2.2454,1310,1729,1310,102076,3.1835,3.2413,24679,0.632014,0.624271,True
CHNCXR_0313_0,Shenzhen,0,2,44803,0.191479,22204,3.9647,2.0658,2.196,1438,1800,1438,104523,3.5737,3.5626,22176,0.567225,0.561495,True
CHNCXR_0314_0,Shenzhen,0,1,58371,0.244648,29588,4.0552,2.131,2.2326,1672,1955,1672,97797,3.2791,3.3353,29480,0.748314,0.750603,True
CHNCXR_0315_0,Shenzhen,0,2,69901,0.268223,34790,3.9816,2.0956,2.2166,1735,2074,1735,108464,3.3296,3.3848,34680,0.8907,0.879253,True
CHNCXR_0316_0,Shenzhen,0,1,61931,0.264103,30828,3.9822,2.0957,2.2162,1723,1995,1723,98278,3.3528,3.3775,30722,0.781294,0.774131,True
CHNCXR_0317_0,Shenzhen,0,1,62968,0.245478,32001,4.0657,2.1358,2.2371,1734,2083,1734,107476,3.3519,3.3744,31873,0.798523,0.796407,True
CHNCXR_0318_0,Shenzhen,0,3,71185,0.277511,35295,3.9666,2.1074,2.2282,1595,2054,1595,109426,3.4127,3.4854,35080,0.919844,0.917296,True
CHNCXR_0319_0,Shenzhen,0,1,51555,0.200186,25513,3.959,2.0904,2.2136,1551,1958,1551,104999,3.2616,3.3656,25436,0.66387,0.671035,True
CHNCXR_0320_0,Shenzhen,0,4,59234,0.230921,30325,4.0956,2.1304,2.2327,1729,2068,1729,105475,3.2895,3.3309,30263,0.773348,0.775815,True
CHNCXR_0321_0,Shenzhen,0,0,61815,0.239548,31267,4.0465,2.1352,2.2396,1686,1966,1686,103919,3.2217,3.302,31093,0.782401,0.81208,True
CHNCXR_0322_0,Shenzhen,0,2,75694,0.293916,37710,3.9855,2.1207,2.2337,1960,2184,1960,109081,3.3885,3.4639,37486,0.959889,0.96214,True
CHNCXR_0323_0,Shenzhen,0,1,51578,0.199878,26153,4.0565,2.1315,2.2348,1354,1784,1354,102408,3.1749,3.2603,26051,0.6653,0.667809,True
CHNCXR_0324_0,Shenzhen,0,1,60323,0.234231,30386,4.0298,2.1194,2.2273,1522,1895,1522,108295,3.364,3.4193,30288,0.777068,0.785258,True
CHNCXR_0325_0,Shenzhen,0,4,55318,0.215225,28305,4.0934,2.1328,2.2364,1418,1778,1418,105749,3.2915,3.3611,28233,0.71916,0.708153,True
CHNCXR_0326_0,Shenzhen,0,1,57850,0.225076,28845,3.9889,2.0999,2.2166,1416,1806,1416,105549,3.2853,3.3131,28739,0.73641,0.774586,True
CHNCXR_0327_1,Shenzhen,1,0,105605,0.402851,57464,4.3531,2.208,2.2994,2103,2387,2103,129198,3.9428,3.931,56988,1.376236,1.353659,True
CHNCXR_0328_1,Shenzhen,1,4,56267,0.218049,27570,3.9199,2.0795,2.213,1388,1836,1388,105913,3.2835,3.3691,27452,0.715676,0.720798,True
CHNCXR_0329_1,Shenzhen,1,0,81440,0.321338,44419,4.3634,2.2055,2.2956,1922,2154,1922,123036,3.8837,3.8708,44115,1.041612,1.040114,True
CHNCXR_0330_1,Shenzhen,1,4,93812,0.378567,52614,4.4868,2.2151,2.3188,2078,2300,2078,123103,3.9741,3.96,52205,1.21276,1.210314,True
CHNCXR_0331_1,Shenzhen,1,1,101640,0.39155,55208,4.3454,2.1734,2.2762,2183,2437,2183,127608,3.9327,3.9212,54922,1.29629,1.298381,True
CHNCXR_0332_1,Shenzhen,1,1,88169,0.35001,49591,4.4996,2.2292,2.3261,2026,2247,2026,124681,3.9596,3.9698,49135,1.155145,1.149923,True
CHNCXR_0333_1,Shenzhen,1,3,99779,0.383624,55160,4.4226,2.1947,2.3,2297,2462,2297,129975,3.9978,3.9971,54799,1.294264,1.251775,True
CHNCXR_0334_1,Shenzhen,1,2,77204,0.302182,38198,3.9581,2.0965,2.2187,1931,2173,1931,108523,3.3981,3.4718,38004,0.974517,0.979419,True
CHNCXR_0335_1,Shenzhen,1,2,67669,0.273636,37373,4.4183,2.196,2.3011,1782,2044,1782,118927,3.8473,3.8313,37129,0.879445,0.876986,True
CHNCXR_0337_1,Shenzhen,1,4,101210,0.40178,54706,4.3242,2.2009,2.2905,1999,2304,1999,123322,3.9165,3.8977,54356,1.288785,1.287563,True
CHNCXR_0338_1,Shenzhen,1,3,68653,0.319257,37990,4.4269,2.2348,2.3246,1674,1966,1674,104475,3.8867,3.8713,37649,0.873399,0.859895,True
CHNCXR_0339_1,Shenzhen,1,3,109952,0.432964,57980,4.2186,2.1774,2.2662,2044,2319,2044,123582,3.8931,3.8882,57703,1.380081,1.388831,True
CHNCXR_0340_1,Shenzhen,1,3,86669,0.330616,47019,4.3401,2.195,2.2893,1827,2153,1827,127791,3.8999,3.8618,46769,1.108235,1.139438,True
CHNCXR_0361_1,Shenzhen,1,0,51352,0.199002,28688,4.4692,2.2048,2.3117,1581,1931,1581,120592,3.7386,3.7207,28527,0.683733,0.695569,True
CHNCXR_0362_1,Shenzhen,1,4,76629,0.295783,42856,4.4741,2.2368,2.3342,1864,2139,1864,123832,3.8239,3.8421,42321,1.018852,0.995024,True
CHNCXR_0363_1,Shenzhen,1,2,63988,0.276497,35460,4.4333,2.2347,2.3239,1702,2015,1702,112149,3.8768,3.8508,35061,0.848062,0.831779,True
CHNCXR_0364_1,Shenzhen,1,1,52538,0.202393,26317,4.0073,2.1102,2.2217,1369,1939,1369,109826,3.3847,3.4486,26221,0.690199,0.671448,True
CHNCXR_0365_1,Shenzhen,1,1,64291,0.280287,34617,4.3075,2.1844,2.2778,1604,1909,1604,107631,3.7539,3.7517,34464,0.823516,0.830454,True
CHNCXR_0366_1,Shenzhen,1,1,45826,0.184544,26312,4.5934,2.254,2.3422,1382,1702,1382,115688,3.7271,3.7125,26123,0.626839,0.623327,True
CHNCXR_0367_1,Shenzhen,1,1,79641,0.360067,43913,4.4111,2.2289,2.3191,2077,2234,2077,109150,3.9478,3.9446,43415,1.034256,1.036598,True
CHNCXR_0368_1,Shenzhen,1,1,52060,0.233746,27910,4.2889,2.1747,2.2679,1563,1851,1563,103639,3.7227,3.6963,27804,0.67405,0.67327,True
CHNCXR_0369_1,Shenzhen,1,0,56317,0.224937,32059,4.5541,2.2535,2.343,1525,1826,1525,119082,3.805,3.8016,31789,0.738747,0.741895,True
CHNCXR_0370_1,Shenzhen,1,1,35516,0.137907,18041,4.0637,2.1148,2.22,1277,1715,1277,98987,3.0749,3.1765,18049,0.472695,0.480011,True
CHNCXR_0371_1,Shenzhen,1,2,59298,0.230251,30304,4.0884,2.1435,2.2416,1654,1973,1654,110721,3.4394,3.531,30180,0.756656,0.763768,True
CHNCXR_0372_1,Shenzhen,1,2,62934,0.24437,31061,3.9484,2.0942,2.2204,1842,2093,1842,107079,3.3263,3.3986,30962,0.828739,0.802408,True
CHNCXR_0373_1,Shenzhen,1,3,68077,0.278748,33793,3.9712,2.0988,2.2186,1859,2090,1859,101172,3.3141,3.3888,33681,0.877516,0.864938,True
CHNCXR_0374_1,Shenzhen,1,1,57127,0.223152,28661,4.0137,2.1351,2.2385,1497,1907,1497,101709,3.1784,3.2856,28484,0.754438,0.736227,True
CHNCXR_0375_1,Shenzhen,1,0,70908,0.271022,39738,4.4833,2.2364,2.331,1742,2040,1742,121073,3.7021,3.7186,39326,0.929973,0.936661,True
CHNCXR_0376_1,Shenzhen,1,3,57942,0.223652,32143,4.438,2.2084,2.3136,1562,1879,1562,123380,3.8099,3.7839,31898,0.789606,0.755485,True
CHNCXR_0377_1,Shenzhen,1,3,50736,0.225213,28918,4.5598,2.2193,2.3209,1321,1683,1321,109049,3.8725,3.8577,28775,0.691184,0.666752,True
CHNCXR_0378_1,Shenzhen,1,0,48630,0.186969,27901,4.5899,2.2357,2.3343,1567,1922,1567,119916,3.6884,3.6748,27789,0.666149,0.652319,True
CHNCXR_0379_1,Shenzhen,1,4,67315,0.272769,37120,4.4115,2.2074,2.3022,1724,2023,1724,120775,3.9152,3.8729,36818,0.872479,0.861389,True
CHNCXR_0380_1,Shenzhen,1,2,36863,0.140621,20916,4.5392,2.2457,2.3401,1234,1769,1234,116117,3.5436,3.5329,20762,0.518549,0.504242,True
CHNCXR_0381_1,Shenzhen,1,4,47308,0.182967,27109,4.5843,2.2533,2.3408,1418,1802,1418,124293,3.8457,3.8351,26922,0.63167,0.639792,True
CHNCXR_0382_1,Shenzhen,1,0,57920,0.255939,32772,4.5265,2.2449,2.3371,1545,1876,1545,107753,3.8091,3.824,32545,0.75752,0.770435,True
CHNCXR_0383_1,Shenzhen,1,1,53466,0.20927,30124,4.5074,2.2117,2.3133,1457,1811,1457,121766,3.8128,3.7589,29933,0.742684,0.765147,True
CHNCXR_0384_1,Shenzhen,1,2,62577,0.243468,30014,3.8371,2.0585,2.2144,1662,1976,1662,101599,3.1623,3.2826,29705,0.869676,0.783481,True
CHNCXR_0385_1,Shenzhen,1,1,65277,0.261795,33042,4.0495,2.1242,2.2288,1791,2011,1791,104894,3.3654,3.4292,32925,0.914732,0.834276,True
CHNCXR_0386_1,Shenzhen,1,0,55942,0.21722,28128,4.0225,2.1137,2.2244,1579,1906,1579,106556,3.31,3.3898,28047,0.72304,0.730759,True
CHNCXR_0387_1,Shenzhen,1,3,75718,0.298761,42328,4.4722,2.2185,2.3211,1930,2136,1930,124697,3.9361,3.9367,41939,1.018634,1.00251,True
CHNCXR_0388_1,Shenzhen,1,1,67239,0.270776,37485,4.4599,2.2087,2.312,1826,2055,1826,118658,3.8227,3.8238,37189,0.88332,0.873416,True
CHNCXR_0389_1,Shenzhen,1,0,46910,0.194525,23596,4.024,2.0837,2.2029,1574,1859,1574,105123,3.4874,3.5365,23564,0.617382,0.620048,True
CHNCXR_0390_1,Shenzhen,1,4,79448,0.316677,45048,4.5361,2.2519,2.3422,1934,2178,1934,122412,3.9034,3.9144,44596,1.056458,1.026381,True
CHNCXR_0391_1,Shenzhen,1,4,47558,0.212555,23600,3.9699,2.095,2.2161,1518,1825,1518,89722,3.208,3.3032,23527,0.616175,0.612247,True
CHNCXR_0392_1,Shenzhen,1,4,83322,0.336236,45921,4.409,2.2131,2.3068,1898,2238,1898,120630,3.8943,3.8852,45548,1.067717,1.048899,True
CHNCXR_0393_1,Shenzhen,1,3,79234,0.310128,43638,4.406,2.1958,2.2969,1954,2205,1954,125147,3.9187,3.8917,43349,1.027594,1.015302,True
CHNCXR_0394_1,Shenzhen,1,1,72985,0.282275,41865,4.5889,2.267,2.3511,1798,2072,1798,124528,3.853,3.8773,41468,0.955168,0.978469,True
CHNCXR_0395_1,Shenzhen,1,2,66179,0.269845,33644,4.067,2.1276,2.2314,1681,1960,1681,104156,3.3976,3.4531,33512,0.847762,0.845579,True
CHNCXR_0396_1,Shenzhen,1,3,73984,0.312095,41118,4.4462,2.2157,2.3162,1830,2082,1830,115119,3.885,3.8891,40760,0.950112,0.935741,True
CHNCXR_0397_1,Shenzhen,1,1,54232,0.2273,29846,4.4027,2.2061,2.3051,1495,1807,1495,111588,3.7416,3.7269,29625,0.720782,0.71111,True
CHNCXR_0398_1,Shenzhen,1,4,47099,0.218504,23223,3.9445,2.1001,2.2244,1368,1787,1368,90359,3.3536,3.438,23088,0.602404,0.603302,True
CHNCXR_0399_1,Shenzhen,1,4,55126,0.229081,31002,4.4991,2.2218,2.3202,1634,1940,1634,115284,3.8326,3.8344,30815,0.735316,0.740649,True
CHNCXR_0400_1,Shenzhen,1,4,74203,0.286986,37394,4.0315,2.1159,2.2257,1795,2053,1795,111310,3.444,3.4988,37234,0.966194,0.932942,True
CHNCXR_0401_1,Shenzhen,1,0,44632,0.20415,25084,4.4961,2.2214,2.319,1559,1865,1559,102000,3.7324,3.7332,24983,0.630717,0.599511,True
CHNCXR_0402_1,Shenzhen,1,3,53512,0.230719,31239,4.6702,2.2911,2.3751,1561,1850,1561,110969,3.8276,3.8291,30906,0.712959,0.714951,True
CHNCXR_0403_1,Shenzhen,1,0,71781,0.290263,40830,4.5505,2.2418,2.3361,1844,2066,1844,120033,3.8831,3.8936,40487,0.940408,0.945894,True
CHNCXR_0404_1,Shenzhen,1,1,63305,0.287541,32591,4.1186,2.1489,2.2439,1642,1951,1642,94330,3.4277,3.4985,32487,0.799668,0.799645,True
CHNCXR_0405_1,Shenzhen,1,4,62791,0.249266,31625,4.0292,2.129,2.2345,1807,2053,1807,101188,3.2135,3.3159,31473,0.780887,0.786735,True
CHNCXR_0406_1,Shenzhen,1,3,61592,0.269121,34692,4.506,2.2197,2.3184,1724,1991,1724,109443,3.8256,3.8202,34518,0.80149,0.82029,True
CHNCXR_0407_1,Shenzhen,1,0,60061,0.230465,33199,4.422,2.2131,2.3121,1620,1972,1620,120072,3.6859,3.6617,32944,0.79041,0.794249,True
CHNCXR_0408_1,Shenzhen,1,1,82603,0.318213,46718,4.5246,2.2432,2.3355,2010,2285,2010,125251,3.8601,3.8602,46353,1.083641,1.068568,True
CHNCXR_0409_1,Shenzhen,1,4,70613,0.286728,34921,3.9563,2.1129,2.2315,1750,2045,1750,102310,3.3235,3.4032,34707,0.869574,0.872193,True
CHNCXR_0410_1,Shenzhen,1,3,68681,0.277154,34590,4.0291,2.1181,2.2264,1879,2123,1879,105898,3.4187,3.4582,34441,0.858656,0.854375,True
CHNCXR_0411_1,Shenzhen,1,3,56042,0.217608,31647,4.5176,2.2448,2.3368,1628,1983,1628,119592,3.715,3.6999,31376,0.762075,0.744686,True
CHNCXR_0412_1,Shenzhen,1,1,46903,0.182122,26427,4.5075,2.2252,2.3233,1399,1832,1399,117784,3.6588,3.635,26258,0.641655,0.645522,True
CHNCXR_0413_1,Shenzhen,1,0,52982,0.242343,25482,3.8476,2.0556,2.2076,1539,1850,1539,84753,3.1013,3.1977,25332,0.672912,0.644186,True
CHNCXR_0414_1,Shenzhen,1,4,58431,0.235791,30330,4.1526,2.1441,2.2424,1563,1875,1563,103491,3.341,3.3925,30267,0.766466,0.744361,True
CHNCXR_0415_1,Shenzhen,1,3,67679,0.306695,33511,3.9612,2.0906,2.214,1735,2008,1735,89510,3.245,3.3141,33365,0.860057,0.854695,True
CHNCXR_0416_1,Shenzhen,1,1,53792,0.233992,26044,3.8733,2.0659,2.211,1623,1920,1623,92827,3.2303,3.3204,25934,0.672547,0.663137,True
CHNCXR_0417_1,Shenzhen,1,0,69760,0.286239,35396,4.0592,2.1302,2.2311,1876,2086,1876,103366,3.3931,3.4607,35263,0.878353,0.910208,True
CHNCXR_0418_1,Shenzhen,1,0,66688,0.27537,33603,4.0311,2.1312,2.2375,1700,1997,1700,102340,3.3807,3.4447,33411,0.824356,0.857095,True
CHNCXR_0419_1,Shenzhen,1,0,45308,0.206275,22994,4.06,2.1352,2.2354,1295,1696,1295,89077,3.2444,3.3163,22960,0.588227,0.588634,True
CHNCXR_0420_1,Shenzhen,1,4,70394,0.283481,34778,3.9524,2.0915,2.2151,1836,2095,1836,104045,3.352,3.4269,34676,0.882188,0.874851,True
CHNCXR_0421_1,Shenzhen,1,3,86764,0.331626,43215,3.9846,2.1019,2.2175,2092,2343,2092,111971,3.4238,3.4956,43043,1.098207,1.107313,True
CHNCXR_0422_1,Shenzhen,1,0,57720,0.223679,32760,4.5405,2.2538,2.3422,1588,1940,1588,120517,3.7363,3.7111,32466,0.775351,0.778882,True
CHNCXR_0423_1,Shenzhen,1,4,76769,0.29691,42168,4.3943,2.2242,2.3123,1796,2070,1796,121111,3.7472,3.7544,41844,1.008813,1.004295,True
CHNCXR_0424_1,Shenzhen,1,2,63943,0.246816,35475,4.4383,2.2444,2.3343,1532,1960,1532,120080,3.708,3.7003,35026,0.828233,0.828382,True
CHNCXR_0425_1,Shenzhen,1,0,67630,0.262083,38166,4.5147,2.2355,2.3294,1696,2038,1696,121012,3.7516,3.7553,37925,0.906473,0.878815,True
CHNCXR_0426_1,Shenzhen,1,2,75401,0.318761,38270,4.0604,2.1377,2.2407,1875,2152,1875,103881,3.5133,3.572,38043,0.942572,0.951245,True
CHNCXR_0427_1,Shenzhen,1,2,52275,0.202579,29269,4.4792,2.2519,2.3435,1453,1894,1453,113876,3.5304,3.5639,28969,0.704113,0.704902,True
CHNCXR_0428_1,Shenzhen,1,2,60246,0.230722,33656,4.4691,2.2359,2.3338,1686,2107,1686,119554,3.6628,3.6405,33361,0.818825,0.79135,True
CHNCXR_0429_1,Shenzhen,1,2,58239,0.225244,32624,4.4814,2.2563,2.3442,1484,2003,1484,120960,3.7426,3.768,32262,0.768752,0.770415,True
CHNCXR_0430_1,Shenzhen,1,2,43038,0.167115,23750,4.4147,2.2121,2.3094,1283,1822,1283,117297,3.6437,3.6349,23627,0.573636,0.592,True
CHNCXR_0431_1,Shenzhen,1,0,83314,0.322223,45127,4.3332,2.1906,2.2811,1951,2225,1951,120468,3.7274,3.7472,44917,1.377232,1.076471,True
CHNCXR_0432_1,Shenzhen,1,2,62743,0.242663,35839,4.5696,2.2616,2.3491,1622,1979,1622,120013,3.7133,3.6966,35532,0.85051,1.112893,True
CHNCXR_0433_1,Shenzhen,1,2,71051,0.276437,39667,4.4663,2.2208,2.3228,1856,2117,1856,122027,3.7982,3.7922,39268,1.093435,1.023607,True
CHNCXR_0434_1,Shenzhen,1,1,63771,0.245666,35955,4.5105,2.2517,2.3435,1714,2077,1714,121185,3.7347,3.7168,35583,1.002614,0.940277,True
CHNCXR_0435_1,Shenzhen,1,4,72621,0.290651,39284,4.3276,2.1774,2.2759,1888,2126,1888,122015,3.9067,3.8606,39105,0.942141,0.955359,True
CHNCXR_0436_1,Shenzhen,1,4,61772,0.244228,34584,4.4789,2.2202,2.3207,1720,2020,1720,121188,3.8331,3.793,34308,0.823203,0.787728,True
CHNCXR_0437_1,Shenzhen,1,2,74757,0.301673,40713,4.3568,2.1738,2.2756,1902,2163,1902,121434,3.9203,3.8928,40548,0.961517,0.972493,True
CHNCXR_0438_1,Shenzhen,1,0,62719,0.258981,35026,4.4677,2.2089,2.3154,1634,1925,1634,118412,3.9116,3.8627,34743,0.832484,0.829163,True
CHNCXR_0439_1,Shenzhen,1,4,63874,0.247037,32179,4.0303,2.1214,2.2289,1551,1999,1551,109427,3.3857,3.4529,32078,0.832827,0.813728,True
CHNCXR_0440_1,Shenzhen,1,3,59655,0.244777,28569,3.8312,2.0643,2.2217,1584,1906,1584,97271,3.193,3.2826,28290,0.753758,0.720084,True
CHNCXR_0441_1,Shenzhen,1,0,49590,0.213809,25323,4.0852,2.124,2.2282,1523,1867,1523,99634,3.4366,3.4673,25312,0.647436,0.642448,True
CHNCXR_0442_1,Shenzhen,1,3,48900,0.191016,27280,4.463,2.2052,2.3124,1282,1684,1282,119821,3.7444,3.7128,27106,0.658589,0.662738,True
CHNCXR_0443_1,Shenzhen,1,1,56004,0.214056,31498,4.4994,2.2376,2.3345,1506,1906,1506,116737,3.5695,3.5874,31260,0.740712,0.73321,True
CHNCXR_0444_1,Shenzhen,1,4,65471,0.250241,36286,4.4338,2.218,2.3157,1777,2075,1777,118866,3.6346,3.6562,36035,0.85668,0.846859,True
CHNCXR_0445_1,Shenzhen,1,0,71229,0.272249,39584,4.4458,2.2133,2.317,1862,2146,1862,121193,3.7058,3.7374,39275,0.947181,0.934318,True
CHNCXR_0446_1,Shenzhen,1,3,60036,0.234986,29539,3.9362,2.0854,2.2134,1639,1949,1639,104910,3.285,3.3758,29404,0.767431,0.759576,True
CHNCXR_0447_1,Shenzhen,1,4,46016,0.197527,26560,4.6175,2.2693,2.3562,1587,1890,1587,108199,3.7156,3.7409,26375,0.6161,0.614444,True
CHNCXR_0448_1,Shenzhen,1,4,65613,0.299417,37819,4.6112,2.2469,2.343,1730,2013,1730,108497,3.9609,3.9594,37597,0.853871,0.854174,True
CHNCXR_0449_1,Shenzhen,1,2,64529,0.24664,32971,4.0876,2.1377,2.236,1743,1989,1743,110578,3.3812,3.458,32870,0.841759,0.814297,True
CHNCXR_0450_1,Shenzhen,1,3,58497,0.22669,33180,4.5377,2.2484,2.3404,1551,1972,1551,115558,3.5825,3.5727,32807,0.786863,0.770473,True
CHNCXR_0451_1,Shenzhen,1,1,58291,0.231873,33364,4.579,2.2544,2.3434,1580,1891,1580,120587,3.8374,3.8161,33071,0.764972,0.766988,True
CHNCXR_0452_1,Shenzhen,1,1,75172,0.332173,42234,4.4947,2.2133,2.3155,1920,2120,1920,110343,3.9007,3.8822,41961,0.977779,0.973705,True
CHNCXR_0453_1,Shenzhen,1,0,43290,0.167096,24476,4.5232,2.253,2.3456,1289,1776,1289,116772,3.6059,3.59,24259,0.585624,0.580796,True
CHNCXR_0454_1,Shenzhen,1,4,70237,0.298871,39506,4.4997,2.2155,2.318,1810,2106,1810,114397,3.8942,3.8648,39297,0.90621,0.92618,True
CHNCXR_0455_1,Shenzhen,1,2,21717,0.083496,11554,4.2562,2.1665,2.26,823,1446,823,110772,3.4071,3.4102,11555,0.312319,0.313321,True
CHNCXR_0456_1,Shenzhen,1,3,79320,0.32753,39613,3.9953,2.1023,2.2171,1921,2172,1921,106868,3.5303,3.5754,39468,0.989223,1.016811,True
CHNCXR_0457_1,Shenzhen,1,4,72377,0.296978,39920,4.4125,2.2025,2.3029,1777,2059,1777,117579,3.8596,3.8416,39665,0.94274,1.024211,True
CHNCXR_0458_1,Shenzhen,1,1,73392,0.301776,40305,4.3934,2.1892,2.2939,1816,2082,1816,116609,3.8358,3.8063,40117,1.033885,0.924133,True
CHNCXR_0459_1,Shenzhen,1,1,53612,0.243514,30173,4.5024,2.2362,2.3311,1605,1927,1605,105334,3.8275,3.839,29963,0.796037,0.697641,True
CHNCXR_0460_1,Shenzhen,1,0,67520,0.271907,38845,4.6025,2.2611,2.3494,1794,2077,1794,119839,3.8608,3.8556,38537,0.894466,0.905354,True
CHNCXR_0461_1,Shenzhen,1,3,60408,0.235029,30022,3.9759,2.1109,2.2262,1773,2052,1773,103785,3.2304,3.3518,29902,0.768697,0.767751,True
CHNCXR_0462_1,Shenzhen,1,0,72011,0.321846,40613,4.5119,2.2378,2.3334,1888,2123,1888,109666,3.9211,3.9113,40233,0.934983,0.923532,True
CHNCXR_0463_1,Shenzhen,1,0,61768,0.266904,34937,4.5249,2.2518,2.3418,1652,1979,1652,110673,3.8258,3.8229,34579,0.789579,0.787487,True
CHNCXR_0464_1,Shenzhen,1,3,59852,0.244047,32589,4.3559,2.2116,2.2998,1418,1844,1418,117518,3.8334,3.7335,32337,0.77586,0.786314,True
CHNCXR_0465_1,Shenzhen,1,3,60166,0.235967,34046,4.5269,2.2338,2.3303,1669,1979,1669,119101,3.7369,3.7154,33790,0.7936,0.792173,True
CHNCXR_0466_1,Shenzhen,1,0,79840,0.3276,44883,4.4973,2.2093,2.3171,2016,2227,2016,120257,3.9475,3.9362,44598,1.041778,1.075658,True
CHNCXR_0467_1,Shenzhen,1,3,65803,0.28434,37048,4.5041,2.2427,2.3352,1712,2018,1712,112414,3.886,3.8604,36661,0.853229,0.877053,True
CHNCXR_0468_1,Shenzhen,1,1,77214,0.32432,41826,4.3335,2.1919,2.2861,1882,2098,1882,114111,3.8344,3.8177,41611,0.994389,1.00487,True
CHNCXR_0469_1,Shenzhen,1,3,69224,0.321148,38337,4.4305,2.199,2.3048,1792,2072,1792,105080,3.8999,3.8868,38116,0.897468,0.888987,True
CHNCXR_0470_1,Shenzhen,1,0,71104,0.329869,39709,4.4677,2.2299,2.3287,1734,2050,1734,105219,3.9051,3.8846,39301,0.901697,0.89373,True
CHNCXR_0471_1,Shenzhen,1,2,48721,0.21432,27575,4.5278,2.2253,2.3267,1347,1744,1347,108212,3.8081,3.7712,27363,0.647833,0.64807,True
CHNCXR_0472_1,Shenzhen,1,0,67564,0.291949,37544,4.4454,2.2197,2.3177,1811,2045,1811,110218,3.8101,3.8263,37221,0.899608,0.89751,True
CHNCXR_0473_1,Shenzhen,1,0,61727,0.256512,34272,4.4418,2.2037,2.3084,1700,1963,1700,114591,3.8095,3.7928,34046,0.818847,0.816101,True
CHNCXR_0474_1,Shenzhen,1,4,61928,0.239986,34580,4.4671,2.2375,2.3309,1586,1922,1586,125942,3.9045,3.8631,34236,0.826165,0.823085,True
CHNCXR_0475_1,Shenzhen,1,2,75734,0.330174,41557,4.3898,2.2378,2.326,1656,1968,1656,109156,3.8071,3.8253,41094,0.979312,0.958849,True
CHNCXR_0476_1,Shenzhen,1,3,76724,0.324354,42018,4.3812,2.1898,2.2921,1854,2166,1854,115024,3.8902,3.8696,41827,0.976801,0.99658,True
CHNCXR_0477_1,Shenzhen,1,4,67489,0.295548,37649,4.4628,2.2292,2.3289,1802,2081,1802,108807,3.8119,3.826,37267,0.872963,0.863227,True
CHNCXR_0478_1,Shenzhen,1,1,72980,0.300715,36757,4.0293,2.1145,2.2238,1789,2032,1789,105483,3.4772,3.5317,36640,0.918174,0.916182,True
CHNCXR_0479_1,Shenzhen,1,2,65986,0.27421,37700,4.5707,2.2524,2.3423,1795,2056,1795,116085,3.8592,3.8525,37454,0.85291,0.84669,True
CHNCXR_0480_1,Shenzhen,1,0,62580,0.248428,34271,4.3811,2.2051,2.297,1622,1945,1622,117982,3.7469,3.7374,34039,0.817513,0.820746,True
CHNCXR_0501_1,Shenzhen,1,3,70591,0.325172,39259,4.4492,2.2175,2.3175,1628,1956,1628,105599,3.8915,3.8607,38978,0.922945,0.915144,True
CHNCXR_0503_1,Shenzhen,1,1,74476,0.30559,42887,4.6068,2.2744,2.3579,2027,2173,2027,118537,3.8911,3.8963,42434,0.967197,0.952712,True
CHNCXR_0504_1,Shenzhen,1,1,70141,0.270739,34349,3.9177,2.0886,2.2192,1690,2064,1690,106920,3.3016,3.3749,34119,0.88013,0.860301,True
CHNCXR_0506_1,Shenzhen,1,1,59868,0.256425,33444,4.469,2.2089,2.3144,1541,1844,1541,111810,3.8312,3.8329,33248,0.785582,0.785099,True
CHNCXR_0507_1,Shenzhen,1,0,74885,0.344141,41957,4.4823,2.2286,2.3274,1866,2108,1866,107882,3.9663,3.9646,41580,0.971532,0.960956,True
CHNCXR_0508_1,Shenzhen,1,1,64813,0.249189,32608,4.0249,2.1354,2.2373,1754,2061,1754,110682,3.4043,3.4804,32464,0.827653,0.83084,True
CHNCXR_0509_1,Shenzhen,1,2,83193,0.357113,47105,4.5297,2.2536,2.342,2027,2221,2027,115238,3.9573,3.945,46601,1.058015,1.04991,True
CHNCXR_0510_1,Shenzhen,1,2,76405,0.326539,43079,4.5106,2.2425,2.3363,1909,2171,1909,115577,3.9516,3.962,42624,0.997989,0.994496,True
CHNCXR_0511_1,Shenzhen,1,3,70136,0.269654,34668,3.9544,2.1118,2.2281,1561,2038,1561,113715,3.4976,3.5804,34453,0.887364,0.890667,True
CHNCXR_0512_1,Shenzhen,1,0,75230,0.287541,42191,4.4866,2.2323,2.3319,1859,2104,1859,123552,3.7779,3.8234,41817,0.986657,0.996043,True
CHNCXR_0513_1,Shenzhen,1,0,87974,0.392293,47982,4.3633,2.2129,2.3057,1894,2206,1894,109003,3.8885,3.9066,47669,1.098525,1.116554,True
CHNCXR_0514_1,Shenzhen,1,1,75841,0.3023,40865,4.3106,2.1871,2.2785,1792,2050,1792,121799,3.8839,3.8538,40650,0.990488,0.983202,True
CHNCXR_0515_1,Shenzhen,1,2,66082,0.302973,36962,4.4747,2.215,2.3168,1726,1964,1726,105328,3.8633,3.8526,36654,0.862151,0.873501,True
CHNCXR_0516_1,Shenzhen,1,2,49566,0.21513,28326,4.5718,2.2653,2.3508,1503,1816,1503,106993,3.715,3.7086,28126,0.663846,0.650212,True
CHNCXR_0517_1,Shenzhen,1,0,63835,0.267549,31279,3.92,2.0891,2.2195,1616,1880,1616,99774,3.3454,3.4199,31070,0.783463,0.798709,True
CHNCXR_0518_1,Shenzhen,1,0,82739,0.356732,45166,4.3671,2.214,2.3007,1989,2216,1989,111726,3.8537,3.8428,44918,1.056358,1.057725,True
CHNCXR_0519_1,Shenzhen,1,0,74033,0.319902,40633,4.3908,2.1886,2.2931,1906,2115,1906,111244,3.8455,3.8425,40412,0.947747,0.941063,True
CHNCXR_0520_1,Shenzhen,1,3,69497,0.266673,33864,3.8982,2.0735,2.2101,1714,1998,1714,108739,3.338,3.4086,33673,0.863946,0.878444,True
CHNCXR_0521_1,Shenzhen,1,2,80090,0.337125,44705,4.4655,2.2206,2.3211,1998,2211,1998,112419,3.7857,3.7231,44341,1.035893,1.011231,True
CHNCXR_0522_1,Shenzhen,1,3,56209,0.240753,31734,4.5166,2.2311,2.3229,1438,1792,1438,112470,3.8538,3.812,31546,0.756195,0.748231,True
CHNCXR_0523_1,Shenzhen,1,3,67059,0.273433,37927,4.5246,2.2124,2.3181,1839,2051,1839,121489,3.963,3.9496,37722,0.888696,0.88317,True
CHNCXR_0524_1,Shenzhen,1,2,66240,0.271226,37262,4.5002,2.2343,2.33,1759,2012,1759,117782,3.8582,3.8454,36933,0.87047,0.881165,True
CHNCXR_0525_1,Shenzhen,1,3,76679,0.334294,42619,4.4465,2.211,2.3136,1988,2187,1988,112364,3.9189,3.9397,42313,0.979657,0.967417,True
CHNCXR_0526_1,Shenzhen,1,4,50306,0.232829,24858,3.9531,2.0783,2.2055,1478,1805,1478,90731,3.3594,3.4139,24803,0.626772,0.632578,True
CHNCXR_0527_1,Shenzhen,1,2,77847,0.315446,43209,4.4404,2.2228,2.3212,1902,2179,1902,119350,3.869,3.859,42852,0.998626,1.008003,True
CHNCXR_0528_1,Shenzhen,1,2,86237,0.337538,46444,4.3085,2.1742,2.2716,2115,2327,2115,124772,3.9069,3.8832,46208,1.100722,1.082762,True
CHNCXR_0529_1,Shenzhen,1,2,82173,0.324887,45486,4.4283,2.2211,2.3141,2120,2268,2120,123464,3.9051,3.8909,45081,1.040651,1.041314,True
CHNCXR_0530_1,Shenzhen,1,2,58610,0.228488,32878,4.4877,2.2121,2.3188,1649,1937,1649,124615,3.8864,3.8453,32665,0.785299,0.765993,True
CHNCXR_0531_1,Shenzhen,1,1,88414,0.33926,48140,4.3559,2.1908,2.2859,2174,2368,2174,126856,3.8942,3.8808,47849,1.144703,1.145358,True
CHNCXR_0532_1,Shenzhen,1,2,70693,0.288251,38667,4.3758,2.1952,2.2909,1789,2031,1789,119401,3.8949,3.8563,38478,0.934361,0.911276,True
CHNCXR_0533_1,Shenzhen,1,1,57314,0.28268,32234,4.4993,2.2257,2.3262,1597,1750,1597,95733,3.7773,3.7972,31990,0.739012,0.732998,True
CHNCXR_0534_1,Shenzhen,1,0,75308,0.304526,41597,4.4189,2.2121,2.3072,1923,2151,1923,119966,3.8809,3.8794,41293,0.978804,0.973315,True
CHNCXR_0535_1,Shenzhen,1,1,64377,0.266391,35131,4.3657,2.2153,2.3001,1718,2000,1718,110484,3.6574,3.7149,34881,0.843916,0.840332,True
CHNCXR_0536_1,Shenzhen,1,0,80291,0.324005,45112,4.4948,2.2257,2.321,1912,2197,1912,123016,3.9713,3.9581,44681,1.045818,1.029857,True
CHNCXR_0537_1,Shenzhen,1,0,78520,0.326297,43635,4.4457,2.2064,2.3108,1947,2140,1947,116903,3.8864,3.8898,43288,1.031831,1.021159,True
CHNCXR_0538_1,Shenzhen,1,0,80883,0.361498,45423,4.4927,2.2171,2.3188,1952,2105,1952,110895,3.9651,3.9853,45069,1.045058,1.05558,True
CHNCXR_0539_1,Shenzhen,1,3,76006,0.334345,42993,4.5252,2.2468,2.3362,1975,2178,1975,112497,3.9589,3.9624,42601,1.011125,0.977744,True
CHNCXR_0540_1,Shenzhen,1,3,61441,0.271498,33717,4.3902,2.2031,2.2974,1701,1960,1701,108507,3.8358,3.8021,33500,0.805906,0.788308,True
CHNCXR_0541_1,Shenzhen,1,4,78431,0.335198,43163,4.4026,2.2021,2.2996,1904,2141,1904,114515,3.9153,3.9106,42918,1.018834,1.007518,True
CHNCXR_0542_1,Shenzhen,1,4,88084,0.340671,43642,3.9637,2.09,2.2123,2071,2282,2071,114809,3.5523,3.5945,43429,1.097141,1.098391,True
CHNCXR_0543_1,Shenzhen,1,4,76008,0.293967,38001,3.9997,2.11,2.223,2006,2244,2006,110927,3.4321,3.4955,37865,0.963283,0.941177,True
CHNCXR_0544_1,Shenzhen,1,2,43514,0.181988,22728,4.1785,2.1482,2.2457,1398,1744,1398,97495,3.262,3.258,22716,0.564986,0.562623,True
CHNCXR_0545_1,Shenzhen,1,4,55194,0.236405,27863,4.0386,2.1187,2.2255,1549,1824,1549,94377,3.2339,3.2719,27806,0.704785,0.709824,True
CHNCXR_0546_1,Shenzhen,1,0,59545,0.246919,33846,4.5473,2.2607,2.3502,1663,1966,1663,114411,3.7955,3.7892,33464,0.793555,0.805954,True
CHNCXR_0547_1,Shenzhen,1,3,70776,0.29225,39335,4.4461,2.2156,2.3171,1884,2125,1884,115563,3.8175,3.8135,39004,0.92771,0.902751,True
CHNCXR_0548_1,Shenzhen,1,3,50882,0.197572,25958,4.0813,2.1409,2.2396,1698,1994,1698,102888,3.1961,3.2949,25886,0.662558,0.66865,True
CHNCXR_0549_1,Shenzhen,1,0,62291,0.245287,34925,4.4854,2.1999,2.3074,1630,1939,1630,121528,3.8284,3.7907,34751,0.823803,0.826726,True
CHNCXR_0550_1,Shenzhen,1,0,61980,0.258112,34264,4.4226,2.1898,2.2994,1556,1856,1556,117284,3.9074,3.8997,34090,0.808544,0.811684,True
CHNCXR_0551_1,Shenzhen,1,4,72955,0.29319,38713,4.2451,2.1799,2.2685,1858,2123,1858,114710,3.688,3.7069,38563,0.920299,0.940755,True
CHNCXR_0552_1,Shenzhen,1,3,48053,0.183666,26941,4.4852,2.2272,2.328,1497,1907,1497,116432,3.5602,3.5427,26762,0.656942,0.663419,True
CHNCXR_0553_1,Shenzhen,1,0,81821,0.359116,44437,4.3448,2.2001,2.2911,2068,2256,2068,109459,3.8434,3.8729,44188,1.058704,1.062035,True
CHNCXR_0554_1,Shenzhen,1,1,79527,0.321586,43942,4.4203,2.2355,2.3221,2001,2226,2001,118688,3.8395,3.861,43478,1.0459,1.02437,True
CHNCXR_0555_1,Shenzhen,1,4,65191,0.25932,37262,4.5727,2.2263,2.3286,1685,1990,1685,121010,3.8509,3.8064,37129,0.863407,0.873939,True
CHNCXR_0556_1,Shenzhen,1,1,78846,0.30434,44017,4.4661,2.2136,2.3183,1929,2221,1929,124072,3.8313,3.8255,43619,1.028309,1.00886,True
CHNCXR_0557_1,Shenzhen,1,4,81678,0.329602,45303,4.4372,2.2132,2.3115,2008,2257,2008,120474,3.8893,3.848,44968,1.060822,1.071175,True
CHNCXR_0558_1,Shenzhen,1,3,47677,0.214067,27127,4.5518,2.2534,2.3414,1413,1748,1413,108145,3.8845,3.8346,26866,0.63449,0.641526,True
CHNCXR_0559_1,Shenzhen,1,3,81654,0.328149,45824,4.4896,2.2184,2.3203,1963,2251,1963,121818,3.9165,3.904,45504,1.151503,1.072072,True
CHNCXR_0566_1,Shenzhen,1,3,71490,0.318061,35504,3.973,2.0976,2.2167,1805,2060,1805,96767,3.4442,3.4852,35337,0.880389,0.905619,True
CHNCXR_0567_1,Shenzhen,1,3,47172,0.180653,26842,4.5522,2.2281,2.3264,1308,1740,1308,122368,3.749,3.664,26729,0.651048,0.635238,True
CHNCXR_0568_1,Shenzhen,1,3,53385,0.230171,31134,4.6656,2.2812,2.3655,1768,2024,1768,110686,3.8178,3.8396,30896,0.724777,0.717291,True
CHNCXR_0569_1,Shenzhen,1,0,56795,0.258573,33928,4.779,2.3002,2.3887,1773,1989,1773,110721,4.0327,4.0609,33559,0.770346,0.75727,True
CHNCXR_0570_1,Shenzhen,1,2,62352,0.278676,34526,4.4298,2.2151,2.3145,1706,1966,1706,106041,3.7915,3.8117,34244,0.834446,0.815061,True
CHNCXR_0571_1,Shenzhen,1,1,60698,0.253856,34122,4.4973,2.2166,2.3197,1681,1984,1681,113652,3.8026,3.7692,33891,0.806934,0.817493,True
CHNCXR_0572_1,Shenzhen,1,4,48234,0.193047,26882,4.4586,2.2077,2.3131,1353,1692,1353,118854,3.8055,3.7338,26721,0.65466,0.653082,True
CHNCXR_0573_1,Shenzhen,1,2,62037,0.280477,35506,4.5787,2.2581,2.3471,1783,2031,1783,107364,3.8832,3.9028,35154,0.805785,0.811252,True
CHNCXR_0574_1,Shenzhen,1,4,67651,0.295595,37736,4.4624,2.2265,2.3252,1709,1975,1709,109829,3.8391,3.836,37321,0.889015,0.880582,True
CHNCXR_0575_1,Shenzhen,1,2,71095,0.272269,38380,4.3187,2.1806,2.2741,1824,2047,1824,126824,3.8855,3.8085,38174,0.946974,0.927998,True
CHNCXR_0576_1,Shenzhen,1,1,67806,0.297604,38257,4.5137,2.2344,2.3297,1874,2085,1874,110716,3.8875,3.8962,37994,0.891831,0.893835,True
CHNCXR_0577_1,Shenzhen,1,2,69517,0.272641,38039,4.3775,2.1731,2.2804,1668,1964,1668,122026,3.8286,3.7866,37884,0.891907,0.891401,True
CHNCXR_0578_1,Shenzhen,1,4,74301,0.29199,42891,4.6181,2.272,2.3582,1930,2143,1930,124128,3.9024,3.8851,42484,0.976607,0.992314,True
CHNCXR_0579_1,Shenzhen,1,1,68917,0.311582,38068,4.419,2.2022,2.3043,1740,1975,1740,108729,3.9326,3.9101,37787,0.898432,0.881861,True
CHNCXR_0580_1,Shenzhen,1,0,65170,0.281604,37083,4.5522,2.2423,2.3354,1762,2036,1762,111830,3.8658,3.8424,36815,0.864305,0.853611,True
CHNCXR_0581_1,Shenzhen,1,1,67247,0.28429,37376,4.4464,2.2183,2.3185,1734,2064,1734,113358,3.8338,3.831,37037,0.861317,0.859967,True
CHNCXR_0582_1,Shenzhen,1,2,61764,0.247198,35269,4.5682,2.2487,2.3408,1791,2095,1791,122520,3.9229,3.8964,35036,0.839874,0.823114,True
CHNCXR_0583_1,Shenzhen,1,2,67682,0.259708,38821,4.5886,2.2605,2.3492,1781,2074,1781,123605,3.7944,3.7858,38488,0.897466,0.90248,True
CHNCXR_0584_1,Shenzhen,1,2,58859,0.23224,32412,4.4054,2.2217,2.3144,1527,1887,1527,117993,3.7245,3.7115,32125,0.776498,0.773794,True
CHNCXR_0585_1,Shenzhen,1,3,63467,0.243057,36086,4.5486,2.2437,2.3359,1617,1998,1617,122382,3.7494,3.7271,35741,0.833326,0.829725,True
CHNCXR_0586_1,Shenzhen,1,1,40849,0.167965,23237,4.5508,2.2741,2.3581,1319,1719,1319,112717,3.7078,3.7263,22952,0.556897,0.560299,True
CHNCXR_0587_1,Shenzhen,1,0,62202,0.237746,36074,4.6396,2.2885,2.3713,1820,2142,1820,123519,3.7769,3.7862,35684,0.828281,0.84181,True
CHNCXR_0588_1,Shenzhen,1,1,78759,0.327988,43404,4.4088,2.2213,2.3108,1923,2156,1923,116973,3.897,3.9248,43028,1.003609,1.028617,True
CHNCXR_0589_1,Shenzhen,1,1,65393,0.272326,37722,4.6148,2.2319,2.3333,1816,2048,1816,118024,3.932,3.9184,37557,0.864787,0.862499,True
CHNCXR_0590_1,Shenzhen,1,1,78709,0.333467,43679,4.4395,2.2203,2.3186,1988,2286,1988,114108,3.8675,3.8751,43255,1.010273,1.023006,True
CHNCXR_0591_1,Shenzhen,1,3,69936,0.268885,39316,4.4974,2.2352,2.3329,1810,2109,1810,123822,3.8085,3.789,38943,0.927646,0.928579,True
CHNCXR_0592_1,Shenzhen,1,0,61601,0.241595,33992,4.4145,2.2034,2.3035,1706,1997,1706,118001,3.7023,3.7221,33781,0.804091,0.815955,True
CHNCXR_0593_1,Shenzhen,1,1,76447,0.302861,41319,4.3239,2.1717,2.2723,1949,2220,1949,122771,3.8911,3.8584,41087,1.252893,0.969707,True
CHNCXR_0594_1,Shenzhen,1,4,80048,0.325039,42958,4.2932,2.1667,2.2656,2042,2286,2042,119071,3.868,3.8466,42800,1.024876,1.005502,True
CHNCXR_0595_1,Shenzhen,1,1,76820,0.331212,41789,4.3519,2.1919,2.2867,1930,2176,1930,113789,3.9248,3.9217,41516,1.167307,1.075943,True
CHNCXR_0596_1,Shenzhen,1,4,56033,0.26371,28541,4.0749,2.1303,2.2327,1697,1947,1697,90271,3.3988,3.4567,28497,0.888926,0.801061,True
CHNCXR_0597_1,Shenzhen,1,1,57986,0.221632,33002,4.5531,2.2676,2.3564,1685,2047,1685,121564,3.7171,3.7089,32589,0.760267,0.767515,True
CHNCXR_0598_1,Shenzhen,1,3,76511,0.29768,36906,3.8589,2.0403,2.1985,1896,2099,1896,107061,3.3323,3.4189,36610,0.965738,0.950319,True
CHNCXR_0599_1,Shenzhen,1,4,54805,0.210711,25975,3.7916,2.0387,2.2101,1543,1913,1543,101792,3.1309,3.2717,25653,0.693007,0.696574,True
CHNCXR_0600_1,Shenzhen,1,4,72780,0.291288,43173,4.7456,2.2706,2.367,1911,2170,1911,123748,3.9622,3.9638,42862,0.988539,0.975122,True
CHNCXR_0601_1,Shenzhen,1,1,48488,0.204985,27346,4.5118,2.2394,2.3364,1478,1841,1478,108904,3.6832,3.6864,27160,0.650721,0.650483,True
CHNCXR_0602_1,Shenzhen,1,2,87646,0.36893,43540,3.9742,2.0876,2.2107,2028,2261,2028,103353,3.4804,3.5542,43384,1.103333,1.091015,True
CHNCXR_0603_1,Shenzhen,1,2,40486,0.196214,20958,4.1413,2.1437,2.2401,1258,1607,1258,85345,3.309,3.4079,20947,0.532118,0.533669,True
CHNCXR_0604_1,Shenzhen,1,2,42947,0.165772,21335,3.9742,2.1155,2.2307,1269,1772,1269,98674,3.047,3.184,21260,0.554316,0.565471,True
CHNCXR_0605_1,Shenzhen,1,1,67289,0.315165,33707,4.0074,2.1171,2.2285,1800,2024,1800,90786,3.4018,3.4691,33571,0.835568,0.818713,True
CHNCXR_0606_1,Shenzhen,1,1,51066,0.196335,27807,4.3562,2.1749,2.2787,1760,2072,1760,119311,3.6698,3.6711,27726,0.67681,0.678476,True
CHNCXR_0607_1,Shenzhen,1,3,80843,0.309601,45588,4.5113,2.2444,2.3374,1978,2261,1978,125424,3.8426,3.8569,45135,1.052126,1.045441,True
CHNCXR_0608_1,Shenzhen,1,2,65367,0.250333,37424,4.5802,2.2624,2.348,1785,2101,1785,121364,3.7183,3.7142,37096,0.883805,0.860062,True
CHNCXR_0609_1,Shenzhen,1,0,77165,0.299628,43580,4.5181,2.2352,2.3323,1885,2100,1885,124702,3.8737,3.8718,43186,0.995528,0.983524,True
CHNCXR_0610_1,Shenzhen,1,3,66050,0.254948,36088,4.371,2.1781,2.28,1615,1976,1615,123662,3.8186,3.7414,35973,0.853742,0.874241,True
CHNCXR_0611_1,Shenzhen,1,2,67424,0.277822,32275,3.8295,2.0548,2.2137,1654,1969,1654,95686,3.1542,3.2563,31989,0.847412,0.827127,True
CHNCXR_0612_1,Shenzhen,1,1,64444,0.26332,36068,4.4774,2.2189,2.3221,1791,2082,1791,116685,3.8142,3.7947,35824,0.865961,0.847434,True
CHNCXR_0613_1,Shenzhen,1,0,71585,0.286505,35406,3.9568,2.0933,2.2145,1756,2072,1756,107344,3.437,3.4871,35264,0.895685,0.880556,True
CHNCXR_0614_1,Shenzhen,1,1,83664,0.328125,46493,4.4457,2.2192,2.318,2005,2258,2005,125098,3.925,3.9158,46095,1.083519,1.066489,True
CHNCXR_0615_1,Shenzhen,1,0,60686,0.26457,30500,4.0207,2.1163,2.2267,1688,1975,1688,99403,3.4669,3.5309,30423,0.766534,0.781611,True
CHNCXR_0616_1,Shenzhen,1,0,63157,0.265848,31438,3.9822,2.098,2.2141,1702,1960,1702,99626,3.3549,3.3889,31377,0.810032,0.808401,True
CHNCXR_0617_1,Shenzhen,1,4,68454,0.277384,38756,4.5293,2.2293,2.3278,1717,1990,1717,120340,3.9011,3.8692,38519,0.887682,0.886779,True
CHNCXR_0618_1,Shenzhen,1,1,80379,0.328431,45014,4.4802,2.2295,2.3306,1974,2235,1974,120657,3.9441,3.9303,44556,1.042178,1.056296,True
CHNCXR_0619_1,Shenzhen,1,4,86546,0.351424,47166,4.3599,2.189,2.2869,1936,2298,1936,119805,3.8918,3.8664,46914,1.126882,1.108847,True
CHNCXR_0620_1,Shenzhen,1,4,75232,0.308045,43065,4.5794,2.2785,2.3589,1985,2187,1985,119564,3.9165,3.9221,42534,1.007338,0.99754,True
CHNCXR_0621_1,Shenzhen,1,4,53486,0.207684,30281,4.5292,2.2321,2.3273,1512,1858,1512,125500,3.8985,3.8173,30053,0.738657,0.73294,True
CHNCXR_0622_1,Shenzhen,1,2,82593,0.317548,46093,4.4646,2.2295,2.3266,2029,2250,2029,127297,3.9154,3.8668,45663,1.070239,1.086865,True
CHNCXR_0623_1,Shenzhen,1,4,66728,0.290263,37094,4.4472,2.2202,2.3173,1844,2041,1844,111719,3.8878,3.8745,36770,0.867976,0.87506,True
CHNCXR_0624_1,Shenzhen,1,2,34244,0.132968,17172,4.0117,2.1272,2.2334,1205,1642,1205,100491,3.1216,3.2167,17141,0.469031,0.463862,True
CHNCXR_0625_1,Shenzhen,1,1,82328,0.379238,45218,4.3939,2.2069,2.3019,2027,2263,2027,105998,3.9062,3.9278,44882,0.608611,0.404372,True
CHNCXR_0626_1,Shenzhen,1,2,60981,0.233536,34767,4.561,2.248,2.3408,1738,2075,1738,122903,3.7654,3.7428,34495,0.415027,0.343366,True
CHNCXR_0627_1,Shenzhen,1,0,59921,0.251684,33277,4.4428,2.2217,2.317,1577,1918,1577,110943,3.7279,3.7179,32977,0.346648,0.315167,True
CHNCXR_0628_1,Shenzhen,1,2,72062,0.275973,39658,4.4027,2.2016,2.3024,1746,2070,1746,123520,3.7843,3.7807,39414,0.436073,0.347482,True
CHNCXR_0629_1,Shenzhen,1,2,66997,0.260146,37529,4.4813,2.2053,2.314,1750,1978,1750,124288,3.8608,3.8114,37281,0.387031,0.338095,True
CHNCXR_0630_1,Shenzhen,1,0,58922,0.225651,32793,4.4524,2.2181,2.3167,1555,1914,1555,119945,3.6748,3.663,32542,0.330334,0.295495,True
CHNCXR_0631_1,Shenzhen,1,3,54375,0.233409,29941,4.4051,2.2316,2.3194,1570,1890,1570,104325,3.5826,3.5958,29695,0.307526,0.292457,True
CHNCXR_0632_1,Shenzhen,1,4,50560,0.199899,27147,4.2954,2.1795,2.2716,1353,1736,1353,117230,3.7079,3.656,27061,0.294552,0.269945,True
CHNCXR_0633_1,Shenzhen,1,1,55370,0.217595,30324,4.3813,2.191,2.2902,1591,1975,1591,122871,3.8629,3.8228,30153,0.321865,0.288815,True
CHNCXR_0634_1,Shenzhen,1,2,74572,0.322231,40266,4.3197,2.1745,2.2729,1766,2094,1766,109303,3.7784,3.7526,40125,0.423861,0.364498,True
CHNCXR_0635_1,Shenzhen,1,2,71851,0.337341,34555,3.8474,2.0761,2.2234,1646,2035,1646,87230,3.2764,3.3534,34209,0.383047,0.331316,True
CHNCXR_0636_1,Shenzhen,1,3,64837,0.250266,32237,3.9776,2.1024,2.2196,1700,2003,1700,102869,3.1765,3.2831,32089,0.33187,0.318978,True
CHNCXR_0637_1,Shenzhen,1,0,50547,0.224885,25701,4.0677,2.1168,2.2223,1388,1726,1388,93667,3.3338,3.3912,25692,0.279549,0.254239,True
CHNCXR_0638_1,Shenzhen,1,2,68109,0.270927,38373,4.5072,2.2018,2.3136,1622,1893,1622,122798,3.9078,3.8864,38222,0.39009,0.343157,True
CHNCXR_0639_1,Shenzhen,1,0,70036,0.298666,35371,4.0403,2.1007,2.2115,1776,2080,1776,99983,3.411,3.463,35312,0.381756,0.346673,True
CHNCXR_0640_1,Shenzhen,1,4,66890,0.260768,33375,3.9916,2.1037,2.2209,1734,2044,1734,103188,3.2182,3.2939,33304,0.373369,0.312589,True
CHNCXR_0641_1,Shenzhen,1,0,71427,0.331368,39905,4.4695,2.2246,2.3251,1807,2070,1807,106154,3.9398,3.9463,39519,0.38323,0.346244,True
CHNCXR_0642_1,Shenzhen,1,4,74506,0.345652,41131,4.4164,2.2165,2.309,1893,2098,1893,105985,3.9335,3.9188,40849,0.406991,0.382478,True
CHNCXR_0643_1,Shenzhen,1,0,78438,0.354628,44573,4.5461,2.2422,2.3344,1958,2199,1958,109836,3.9727,3.9698,44203,0.47896,0.390369,True
CHNCXR_0644_1,Shenzhen,1,3,74519,0.29109,36092,3.8747,2.0606,2.2068,1857,2071,1857,107273,3.3523,3.3923,35885,0.421182,0.352769,True
CHNCXR_0645_1,Shenzhen,1,2,66836,0.288166,36783,4.4028,2.2017,2.3011,1867,2090,1867,111001,3.8287,3.8339,36571,0.353717,0.325986,True
CHNCXR_0646_1,Shenzhen,1,0,47305,0.184785,26920,4.5526,2.2466,2.3371,1500,1865,1500,120410,3.7628,3.7291,26725,0.400547,0.391865,True
CHNCXR_0647_1,Shenzhen,1,2,54834,0.213768,30701,4.4791,2.2151,2.3166,1677,1964,1677,120761,3.7662,3.7465,30518,0.526448,0.420985,True
CHNCXR_0648_1,Shenzhen,1,3,62970,0.271497,36395,4.6238,2.2681,2.3586,1746,2067,1746,111354,3.8409,3.8724,36103,0.563825,0.951963,True
CHNCXR_0649_1,Shenzhen,1,4,61170,0.236112,29984,3.9214,2.0825,2.2152,1537,1911,1537,102550,3.1667,3.2215,29844,0.665487,0.925557,True
CHNCXR_0650_1,Shenzhen,1,1,63547,0.270404,35345,4.4496,2.2094,2.3147,1732,1989,1732,112516,3.8302,3.8258,35088,0.837942,0.823371,True
CHNCXR_0651_1,Shenzhen,1,4,77340,0.316014,43004,4.4483,2.2199,2.3177,2068,2266,2068,119443,3.9044,3.9071,42603,0.979878,0.983498,True
CHNCXR_0652_1,Shenzhen,1,2,52517,0.203516,30166,4.5952,2.2361,2.3319,1585,1902,1585,126055,3.908,3.8611,29973,0.693592,0.686613,True
CHNCXR_0653_1,Shenzhen,1,1,70477,0.293498,39227,4.4527,2.2061,2.3117,1917,2063,1917,117012,3.8983,3.9072,38949,0.888475,0.907191,True
CHNCXR_0654_1,Shenzhen,1,2,95920,0.406386,51997,4.3367,2.1897,2.2816,2237,2425,2237,116651,3.9537,3.9594,51753,1.195398,1.18613,True
CHNCXR_0655_1,Shenzhen,1,4,77585,0.31768,38214,3.9403,2.0924,2.2193,1894,2132,1894,101811,3.335,3.4144,37964,0.944638,0.930999,True
CHNCXR_0656_1,Shenzhen,1,1,45138,0.172863,25661,4.548,2.2358,2.3327,1437,1844,1437,120488,3.6914,3.6722,25496,0.603955,0.594837,True
CHNCXR_0657_1,Shenzhen,1,4,76524,0.317327,43396,4.5367,2.2512,2.3423,2013,2174,2013,117885,3.9107,3.9197,42961,0.965204,0.973378,True
CHNCXR_0658_1,Shenzhen,1,2,65401,0.282602,39071,4.7793,2.2958,2.387,1811,2070,1811,116124,4.0142,4.0127,38630,0.861924,0.883181,True
CHNCXR_0659_1,Shenzhen,1,4,61991,0.237404,34785,4.489,2.2257,2.3254,1593,1933,1593,125229,3.8367,3.7919,34477,0.817934,0.829125,True
CHNCXR_0660_1,Shenzhen,1,0,54181,0.211222,29653,4.3784,2.1917,2.291,1604,1848,1604,115836,3.6126,3.6461,29504,0.729329,0.715775,True
CHNCXR_0661_1,Shenzhen,1,0,87235,0.347716,48720,4.4679,2.2228,2.3204,2146,2302,2146,123085,3.9249,3.9267,48235,1.101354,1.118198,True
CHNCXR_0662_1,Shenzhen,1,3,86835,0.377727,48717,4.4882,2.2298,2.3298,2073,2263,2073,113972,3.9662,3.9704,48238,1.10418,1.090409,True
MCUCXR_0001_0,Montgomery,0,0,52116,0.241779,25272,3.8793,2.0953,2.2338,1316,1634,1316,79974,2.9682,2.7692,25040,0.642864,0.637177,True
MCUCXR_0002_0,Montgomery,0,1,43901,0.203668,21742,3.962,2.1095,2.2275,1358,1655,1358,91244,3.3864,3.3055,21648,0.561647,0.544351,True
MCUCXR_0003_0,Montgomery,0,3,54779,0.254134,26547,3.877,2.1056,2.245,1512,1858,1512,82609,3.066,2.9808,26159,0.682062,0.653774,True
MCUCXR_0004_0,Montgomery,0,4,38135,0.176918,18963,3.9781,2.1299,2.2406,1205,1634,1205,68638,2.5474,2.1505,18843,0.48816,0.485235,True
MCUCXR_0005_0,Montgomery,0,3,66474,0.30839,32073,3.8599,2.1053,2.2422,1796,2066,1796,83793,3.1099,2.9371,31617,0.814292,0.809007,True
MCUCXR_0006_0,Montgomery,0,4,45940,0.213127,21967,3.8253,2.0843,2.2288,1314,1604,1314,81348,3.0192,3.0053,21688,0.568159,0.569953,True
MCUCXR_0008_0,Montgomery,0,3,59410,0.275618,29314,3.9473,2.1308,2.2468,1556,1851,1556,81918,3.0403,2.8393,29055,0.719584,0.716327,True
MCUCXR_0011_0,Montgomery,0,3,56439,0.261835,28234,4.0021,2.1621,2.2644,1521,1844,1521,79567,2.9531,2.7141,27895,0.70064,0.700898,True
MCUCXR_0013_0,Montgomery,0,3,47390,0.219854,23013,3.8849,2.0937,2.2311,1263,1592,1263,83471,3.0979,2.9879,22808,0.594155,0.58232,True
MCUCXR_0015_0,Montgomery,0,0,64257,0.298104,31952,3.978,2.14,2.2502,1721,1877,1721,91592,3.3993,3.3942,31606,0.788198,0.785654,True
MCUCXR_0016_0,Montgomery,0,2,50366,0.233661,23010,3.6548,2.0235,2.176,1311,1651,1311,74138,2.7516,2.6782,22694,0.606456,0.595643,True
MCUCXR_0017_0,Montgomery,0,4,33549,0.155642,17088,4.0748,2.2052,2.2919,1178,1649,1178,68757,2.5518,2.1895,16898,0.427098,0.432231,True
MCUCXR_0019_0,Montgomery,0,3,62075,0.287982,29024,3.7405,2.0567,2.2024,1632,1914,1632,76259,2.8303,2.6467,28587,0.762503,0.756092,True
MCUCXR_0020_0,Montgomery,0,2,58931,0.273396,27870,3.7834,2.0571,2.2106,1562,1815,1562,82222,3.0516,3.0635,27502,0.727035,0.718969,True
MCUCXR_0021_0,Montgomery,0,0,51509,0.238963,24634,3.826,2.0761,2.227,1353,1732,1353,69511,2.5798,2.2416,24358,0.626528,0.615376,True
MCUCXR_0022_0,Montgomery,0,4,85723,0.397691,41301,3.8544,2.0734,2.2255,1856,1977,1856,91453,3.3942,3.4302,40755,1.02472,1.018343,True
MCUCXR_0023_0,Montgomery,0,1,83396,0.386895,40362,3.8718,2.0792,2.2245,1943,2066,1943,87527,3.2485,3.1776,39835,1.002423,0.992055,True
MCUCXR_0024_0,Montgomery,0,0,38758,0.179808,18619,3.8431,2.093,2.236,1149,1620,1149,69566,2.5819,2.4019,18453,0.491796,0.487479,True
MCUCXR_0026_0,Montgomery,0,3,38018,0.176375,18583,3.9104,2.0898,2.2258,1238,1696,1238,62807,2.331,1.9333,18448,0.472406,0.469429,True
MCUCXR_0027_0,Montgomery,0,0,47534,0.220522,23225,3.9088,2.1064,2.2372,1451,1796,1451,74374,2.7603,2.5076,23040,0.589315,0.592983,True
MCUCXR_0028_0,Montgomery,0,0,39665,0.184016,19074,3.847,2.1026,2.2396,1250,1648,1250,67729,2.5137,2.1837,18879,0.495883,0.49814,True
MCUCXR_0029_0,Montgomery,0,3,53125,0.24646,24246,3.6512,2.0171,2.1742,1390,1762,1390,70853,2.6296,2.4507,23919,0.63603,0.624451,True
MCUCXR_0030_0,Montgomery,0,2,76594,0.355339,37252,3.8909,2.0981,2.2332,1805,1948,1805,88003,3.2661,3.1948,36865,0.922974,0.920108,True
MCUCXR_0031_0,Montgomery,0,0,76633,0.35552,37535,3.9184,2.1128,2.2395,1818,1925,1818,93027,3.4526,3.491,37151,0.949336,0.927092,True
MCUCXR_0035_0,Montgomery,0,3,57986,0.269012,29417,4.0585,2.1781,2.2694,1580,1910,1580,80925,3.0035,2.6961,29156,0.732362,0.713246,True
MCUCXR_0038_0,Montgomery,0,3,59160,0.274458,29846,4.036,2.1721,2.2681,1508,1881,1508,82034,3.0446,2.743,29559,0.72425,0.71709,True
MCUCXR_0040_0,Montgomery,0,3,59760,0.277242,29153,3.9027,2.1161,2.2469,1616,1917,1616,83704,3.1066,2.8323,28760,0.734292,0.727454,True
MCUCXR_0041_0,Montgomery,0,2,37399,0.173503,17016,3.6399,2.023,2.1717,1214,1655,1214,65467,2.4297,2.1409,16692,0.469884,0.463324,True
MCUCXR_0042_0,Montgomery,0,2,31540,0.146322,16004,4.0594,2.1863,2.2761,1018,1504,1018,62857,2.3329,1.8476,15804,0.414567,0.41114,True
MCUCXR_0043_0,Montgomery,0,0,43086,0.199887,21666,4.0228,2.1444,2.2453,1246,1570,1246,83281,3.0909,3.0422,21564,0.540149,0.535583,True
MCUCXR_0044_0,Montgomery,0,0,58130,0.26968,28240,3.8865,2.1011,2.2389,1577,1867,1577,81008,3.0065,2.895,27993,0.729648,0.712209,True
MCUCXR_0045_0,Montgomery,0,3,58565,0.271698,28226,3.8557,2.0858,2.2335,1574,1786,1574,84507,3.1364,3.0507,27875,0.720477,0.753459,True
MCUCXR_0046_0,Montgomery,0,2,59743,0.277163,29476,3.947,2.1386,2.2546,1609,1944,1609,84438,3.1338,2.987,29166,0.743895,0.759163,True
MCUCXR_0047_0,Montgomery,0,1,54637,0.253475,26044,3.8134,2.0844,2.2277,1497,1849,1497,74558,2.7671,2.56,25778,0.662457,0.657825,True
MCUCXR_0048_0,Montgomery,0,2,42064,0.195145,20386,3.8771,2.1072,2.2427,1187,1599,1187,64368,2.389,2.0179,20201,0.530297,0.534071,True
MCUCXR_0049_0,Montgomery,0,4,50208,0.232928,24237,3.8619,2.0853,2.2324,1405,1738,1405,70373,2.6118,2.2977,23960,0.619071,0.628381,True
MCUCXR_0051_0,Montgomery,0,2,74117,0.343847,35713,3.8548,2.0866,2.235,1797,2113,1797,85737,3.182,3.0976,35248,0.908757,0.877136,True
MCUCXR_0052_0,Montgomery,0,1,31411,0.145724,15358,3.9115,2.107,2.2374,1032,1525,1032,67617,2.5095,2.2209,15254,0.405929,0.399161,True
MCUCXR_0053_0,Montgomery,0,0,35573,0.165032,17319,3.8949,2.1027,2.2363,1166,1600,1166,69839,2.592,2.3303,17207,0.447016,0.457801,True
MCUCXR_0054_0,Montgomery,0,2,51325,0.23811,24980,3.8936,2.1188,2.2492,1445,1802,1445,77515,2.8769,2.7693,24731,0.634325,0.639396,True
MCUCXR_0055_0,Montgomery,0,2,54766,0.254073,26686,3.8982,2.0908,2.2293,1512,1850,1512,81704,3.0324,2.9541,26423,0.670943,0.65635,True
MCUCXR_0056_0,Montgomery,0,1,47489,0.220313,23410,3.9437,2.1367,2.2538,1319,1717,1319,67591,2.5086,2.1289,23170,0.586472,0.584559,True
MCUCXR_0057_0,Montgomery,0,4,52188,0.242113,25437,3.8993,2.1233,2.2502,1522,1823,1522,74976,2.7827,2.5004,25161,0.642353,0.640286,True
MCUCXR_0058_0,Montgomery,0,1,43874,0.203543,21483,3.9172,2.114,2.2404,1285,1681,1285,71738,2.6625,2.4259,21242,0.553181,0.549567,True
MCUCXR_0059_0,Montgomery,0,1,58870,0.273113,28916,3.9295,2.1134,2.2351,1560,1898,1560,83423,3.0962,2.9602,28650,0.725533,0.70086,True
MCUCXR_0060_0,Montgomery,0,4,21293,0.098784,11260,4.2305,2.2326,2.3067,872,1401,872,53630,1.9904,1.3589,11174,0.295265,0.298729,True
MCUCXR_0061_0,Montgomery,0,3,26427,0.122602,13576,4.1097,2.1743,2.265,1015,1492,1015,64692,2.401,2.137,13528,0.354647,0.350486,True
MCUCXR_0062_0,Montgomery,0,0,43476,0.201696,21328,3.9246,2.1069,2.2321,1360,1722,1360,72013,2.6727,2.3986,21222,0.561,0.545555,True
MCUCXR_0063_0,Montgomery,0,4,55741,0.258597,26604,3.8182,2.0728,2.2239,1582,1914,1582,77436,2.874,2.8134,26205,0.695912,0.686949,True
MCUCXR_0064_0,Montgomery,0,2,48993,0.227291,23825,3.8904,2.1178,2.2513,1457,1810,1457,74606,2.7689,2.5806,23541,0.602359,0.604135,True
MCUCXR_0068_0,Montgomery,0,2,48563,0.225296,22685,3.737,2.0423,2.1972,1287,1671,1287,70500,2.6165,2.4167,22410,0.610248,0.594312,True
MCUCXR_0069_0,Montgomery,0,4,62373,0.289364,29764,3.8175,2.0567,2.2188,1647,1936,1647,81877,3.0388,2.9779,29417,0.766711,0.760549,True
MCUCXR_0070_0,Montgomery,0,4,39311,0.182374,18940,3.8544,2.0875,2.2351,1243,1640,1243,69692,2.5865,2.3118,18794,0.505829,0.488708,True
MCUCXR_0071_0,Montgomery,0,3,56188,0.26067,27132,3.863,2.1047,2.2445,1592,1890,1592,78987,2.9315,2.8224,26807,0.680005,0.671993,True
MCUCXR_0072_0,Montgomery,0,1,55275,0.256435,25047,3.6251,2.014,2.1679,1482,1854,1482,72809,2.7022,2.5388,24708,0.670148,0.656488,True
MCUCXR_0074_0,Montgomery,0,1,39140,0.18158,19142,3.9125,2.1019,2.2306,1234,1649,1234,69524,2.5803,2.3139,19030,0.492615,0.495414,True
MCUCXR_0075_0,Montgomery,0,4,50332,0.233503,24592,3.9088,2.1119,2.2398,1392,1736,1392,76011,2.8211,2.6217,24344,0.625096,0.616189,True
MCUCXR_0077_0,Montgomery,0,1,28998,0.134529,14728,4.0632,2.1869,2.2723,1023,1499,1023,62854,2.3328,1.8665,14577,0.377027,0.369114,True
MCUCXR_0079_0,Montgomery,0,1,75145,0.348617,36232,3.8573,2.0725,2.2217,1811,1961,1811,88731,3.2932,3.3247,35898,0.909469,0.917277,True
MCUCXR_0080_0,Montgomery,0,0,24032,0.11149,12720,4.2344,2.2412,2.31,941,1466,941,63527,2.3577,1.933,12627,0.333366,0.333596,True
MCUCXR_0081_0,Montgomery,0,3,56371,0.261519,27314,3.8763,2.1021,2.2432,1502,1832,1502,77384,2.872,2.6328,26967,0.690357,0.661038,True
MCUCXR_0082_0,Montgomery,0,4,54517,0.252918,26019,3.8181,2.0748,2.2249,1447,1796,1447,77119,2.8622,2.7024,25661,0.668636,0.653049,True
MCUCXR_0083_0,Montgomery,0,1,70401,0.326608,33391,3.7944,2.0708,2.2176,1723,1884,1723,82739,3.0708,3.0413,32986,0.852313,0.841317,True
MCUCXR_0084_0,Montgomery,0,1,43087,0.199891,20918,3.8839,2.0951,2.2344,1363,1687,1363,79336,2.9445,2.8849,20785,0.534558,0.5435,True
MCUCXR_0085_0,Montgomery,0,4,51371,0.238323,24735,3.852,2.0954,2.239,1484,1829,1484,77892,2.8909,2.8685,24457,0.641294,0.622824,True
MCUCXR_0086_0,Montgomery,0,2,39503,0.183264,18849,3.8172,2.0611,2.2205,1178,1601,1178,65674,2.4374,2.1063,18661,0.495701,0.478582,True
MCUCXR_0087_0,Montgomery,0,0,56480,0.262025,28743,4.0712,2.1689,2.2625,1534,1858,1534,80595,2.9912,2.7361,28529,0.802332,0.698739,True
MCUCXR_0089_0,Montgomery,0,1,80018,0.371224,37869,3.786,2.0499,2.2068,1850,2004,1850,85824,3.1853,3.1943,37370,1.050043,0.959548,True
MCUCXR_0090_0,Montgomery,0,3,83244,0.38619,40084,3.8522,2.0652,2.218,1765,1912,1765,89671,3.3281,3.2928,39648,1.004271,1.016243,True
MCUCXR_0091_0,Montgomery,0,0,59277,0.275001,29058,3.9217,2.1245,2.2487,1664,1969,1664,85815,3.1849,3.1195,28722,0.73017,0.726428,True
MCUCXR_0092_0,Montgomery,0,4,52714,0.244554,24615,3.7356,2.0314,2.193,1456,1696,1456,80759,2.9973,2.9451,24283,0.661992,0.645318,True
MCUCXR_0094_0,Montgomery,0,1,49368,0.229031,23576,3.8205,2.074,2.2247,1414,1768,1414,72569,2.6933,2.4097,23278,0.607044,0.604806,True
MCUCXR_0095_0,Montgomery,0,2,72211,0.335005,34504,3.8226,2.0557,2.2175,1852,1980,1852,89271,3.3132,3.3439,34013,0.862387,0.85066,True
MCUCXR_0096_0,Montgomery,0,4,58585,0.271791,27882,3.8074,2.0798,2.225,1661,1984,1661,75635,2.8071,2.6561,27573,0.713869,0.704267,True
MCUCXR_0097_0,Montgomery,0,0,53083,0.246265,26394,3.9778,2.1482,2.2539,1424,1815,1424,78835,2.9259,2.7479,26170,0.661371,0.654517,True
MCUCXR_0099_0,Montgomery,0,2,72159,0.334764,35299,3.9135,2.1225,2.2491,1720,2031,1720,85117,3.159,3.1039,34789,0.879067,0.875419,True
MCUCXR_0100_0,Montgomery,0,2,56848,0.263732,27073,3.8099,2.0937,2.229,1543,1893,1543,75432,2.7996,2.6302,26776,0.685719,0.681402,True
MCUCXR_0101_0,Montgomery,0,0,49957,0.231763,24964,3.9977,2.1522,2.2542,1405,1785,1405,77969,2.8937,2.7178,24781,0.62118,0.606434,True
MCUCXR_0102_0,Montgomery,0,1,73987,0.343244,35534,3.8422,2.0699,2.2253,1777,1974,1777,88359,3.2794,3.3069,35026,0.894004,0.889946,True
MCUCXR_0103_0,Montgomery,0,4,62777,0.291238,30327,3.8647,2.0936,2.2381,1641,1833,1641,84948,3.1528,3.1432,29903,0.771869,0.765543,True
MCUCXR_0104_1,Montgomery,1,2,74144,0.343973,34810,3.7559,2.0733,2.2119,1819,2083,1819,82412,3.0586,2.8893,34340,0.874978,0.869969,True
MCUCXR_0108_1,Montgomery,1,2,60459,0.280485,30007,3.9706,2.1292,2.2416,1585,1917,1585,81421,3.0219,2.7386,29748,0.742491,0.74343,True
MCUCXR_0113_1,Montgomery,1,2,39055,0.181186,19694,4.0341,2.1292,2.2297,1343,1689,1343,77095,2.8613,2.6771,19691,0.49856,0.497326,True
MCUCXR_0117_1,Montgomery,1,4,37778,0.175262,18416,3.8998,2.1015,2.234,1311,1683,1311,73720,2.736,2.4607,18257,0.483344,0.486375,True
MCUCXR_0126_1,Montgomery,1,4,54125,0.2511,25565,3.7787,2.1364,2.2422,1441,1754,1441,79583,2.9536,2.8475,24943,0.665457,0.652008,True
MCUCXR_0140_1,Montgomery,1,0,56326,0.26131,28402,4.0339,2.1348,2.2351,1493,1754,1493,93732,3.4788,3.4177,28272,0.697342,0.673581,True
MCUCXR_0141_1,Montgomery,1,1,77057,0.357487,37901,3.9349,2.1201,2.2436,1897,2195,1897,89806,3.3331,3.2551,37430,0.93777,0.929981,True
MCUCXR_0142_1,Montgomery,1,2,52997,0.245866,27420,4.1391,2.2088,2.2875,1547,1849,1547,79169,2.9383,2.7109,27146,0.653914,0.674232,True
MCUCXR_0144_1,Montgomery,1,0,59227,0.274769,28577,3.86,2.0665,2.2141,1558,1853,1558,83782,3.1095,2.9787,28344,0.737397,0.738521,True
MCUCXR_0150_1,Montgomery,1,1,64610,0.299742,33153,4.105,2.1915,2.2757,1621,1918,1621,86272,3.2019,2.9764,32853,0.809393,0.797726,True
MCUCXR_0162_1,Montgomery,1,1,80359,0.372806,40121,3.9942,2.1518,2.254,1923,2145,1923,92482,3.4324,3.3725,39746,0.999514,0.990205,True
MCUCXR_0166_1,Montgomery,1,0,74981,0.347856,36733,3.9192,2.1143,2.238,1849,2039,1849,89380,3.3173,3.1911,36376,0.939003,0.92487,True
MCUCXR_0170_1,Montgomery,1,0,77831,0.361078,37861,3.8916,2.1012,2.234,1872,2084,1872,89270,3.3132,3.251,37514,0.967078,0.958888,True
MCUCXR_0173_1,Montgomery,1,0,71714,0.332699,35708,3.9834,2.1283,2.2377,1823,1979,1823,93405,3.4666,3.4595,35442,0.892726,0.867449,True
MCUCXR_0182_1,Montgomery,1,3,57949,0.26884,28189,3.8916,2.0895,2.2292,1473,1692,1473,87302,3.2401,3.199,27931,0.725201,0.722712,True
MCUCXR_0188_1,Montgomery,1,1,73765,0.342214,36258,3.9323,2.1157,2.234,1734,2026,1734,86678,3.217,3.1053,35925,0.914995,0.912854,True
MCUCXR_0194_1,Montgomery,1,3,51431,0.238601,25320,3.9385,2.1317,2.2468,1506,1791,1506,80782,2.9981,2.8263,25117,0.649011,0.645582,True
MCUCXR_0195_1,Montgomery,1,4,51078,0.236964,25042,3.9222,2.0992,2.225,1428,1776,1428,79549,2.9524,2.6713,24874,0.640004,0.632637,True
MCUCXR_0196_1,Montgomery,1,1,52200,0.242169,27702,4.2455,2.1961,2.2783,1382,1786,1382,78948,2.9301,2.5853,27576,0.673533,0.675232,True
MCUCXR_0203_1,Montgomery,1,4,56420,0.261747,27659,3.9219,2.1121,2.2345,1683,1982,1683,85049,3.1565,2.8936,27435,0.712178,0.704677,True
MCUCXR_0213_1,Montgomery,1,4,54760,0.254045,26274,3.8384,2.0879,2.2313,1669,1949,1669,81622,3.0293,2.9623,25873,0.685694,0.692175,True
MCUCXR_0218_1,Montgomery,1,0,65426,0.303528,33518,4.0984,2.1801,2.2686,1662,1973,1662,87024,3.2298,3.1581,33204,0.818361,0.81049,True
MCUCXR_0223_1,Montgomery,1,4,57304,0.265848,27767,3.8764,2.0728,2.2161,1531,1725,1531,85197,3.162,3.1513,27532,0.721557,0.721224,True
MCUCXR_0228_1,Montgomery,1,3,58908,0.273289,29852,4.0541,2.1575,2.2518,1509,1864,1509,82186,3.0503,2.7635,29654,0.752694,0.755679,True
MCUCXR_0243_1,Montgomery,1,3,69960,0.324562,34194,3.9101,2.0997,2.2292,1790,1967,1790,88999,3.3031,3.309,33971,0.867399,0.871103,True
MCUCXR_0251_1,Montgomery,1,1,49038,0.2275,25239,4.1175,2.1622,2.2499,1449,1748,1449,86122,3.1963,2.9232,25177,0.634089,0.626516,True
MCUCXR_0253_1,Montgomery,1,4,56945,0.264182,30101,4.2288,2.1681,2.2598,1570,1864,1570,85724,3.1816,2.8906,29992,0.736052,0.72866,True
MCUCXR_0254_1,Montgomery,1,2,70554,0.327318,32715,3.7095,2.0406,2.192,1701,1970,1701,80999,3.0062,3.0032,32114,0.871445,0.859218,True
MCUCXR_0255_1,Montgomery,1,3,72196,0.334935,34805,3.8567,2.0683,2.2196,1765,1962,1765,86710,3.2182,3.1904,34390,0.885039,0.872044,True
MCUCXR_0258_1,Montgomery,1,3,36965,0.17149,17540,3.796,2.0755,2.2223,1219,1611,1219,61530,2.2836,1.8952,17392,0.479152,0.474148,True
MCUCXR_0264_1,Montgomery,1,0,55910,0.259381,27616,3.9515,2.1203,2.2376,1514,1848,1514,77327,2.8699,2.6021,27414,0.713952,0.710688,True
MCUCXR_0266_1,Montgomery,1,0,57035,0.2646,27239,3.8207,2.047,2.21,1572,1932,1572,83548,3.1008,3.0834,26958,0.719616,0.708522,True
MCUCXR_0275_1,Montgomery,1,2,59435,0.275734,29729,4.0015,2.1357,2.2413,1611,1914,1611,82568,3.0644,2.8764,29534,0.753272,0.731008,True
MCUCXR_0282_1,Montgomery,1,0,64983,0.301472,34189,4.209,2.1977,2.2782,1645,1997,1645,91277,3.3877,3.2384,33983,0.818219,0.808927,True
MCUCXR_0289_1,Montgomery,1,1,51639,0.239566,24609,3.8125,2.0516,2.2163,1419,1755,1419,78142,2.9002,2.7955,24276,0.644568,0.645377,True
MCUCXR_0294_1,Montgomery,1,3,47875,0.222104,23419,3.9134,2.0876,2.218,1358,1717,1358,75205,2.7912,2.565,23342,0.606702,0.604317,True
MCUCXR_0301_1,Montgomery,1,3,64703,0.300174,29967,3.7052,2.0335,2.1892,1520,1780,1520,83552,3.101,3.1777,29480,0.782645,0.779228,True
MCUCXR_0309_1,Montgomery,1,2,35669,0.165477,17248,3.8685,2.085,2.2262,1091,1543,1091,67117,2.491,2.1622,17137,0.457596,0.449786,True
MCUCXR_0311_1,Montgomery,1,2,33602,0.155888,15609,3.7162,2.0336,2.191,977,1487,977,63023,2.339,2.0671,15453,0.432779,0.439353,True
MCUCXR_0313_1,Montgomery,1,4,56302,0.261199,27561,3.9162,2.1026,2.2304,1523,1843,1523,79785,2.9611,2.6684,27299,0.713263,0.701673,True
MCUCXR_0316_1,Montgomery,1,3,57536,0.266924,28556,3.9705,2.132,2.2436,1579,1889,1579,79334,2.9444,2.6397,28307,0.713964,0.713388,True
MCUCXR_0331_1,Montgomery,1,2,63736,0.295687,31179,3.9135,2.0866,2.2209,1670,1877,1670,89471,3.3206,3.2704,30939,0.801139,0.79666,True
MCUCXR_0334_1,Montgomery,1,4,49947,0.231717,25405,4.0691,2.1785,2.2678,1375,1744,1375,80761,2.9974,2.6978,25212,0.639877,0.633967,True
MCUCXR_0338_1,Montgomery,1,2,82827,0.384255,40658,3.927,2.1316,2.253,2082,2283,2082,91045,3.379,3.4198,40121,1.039307,1.022148,True
MCUCXR_0348_1,Montgomery,1,1,35902,0.166558,17137,3.8186,2.0559,2.2172,1170,1553,1170,74365,2.76,2.6461,16921,0.451628,0.451897,True
MCUCXR_0350_1,Montgomery,1,4,61825,0.286822,30614,3.9614,2.1159,2.2328,1596,1795,1596,90243,3.3493,3.2379,30434,0.773426,0.774247,True
MCUCXR_0352_1,Montgomery,1,4,52988,0.245825,25340,3.8258,2.0775,2.2285,1452,1794,1452,72707,2.6984,2.4487,25079,0.666009,0.65885,True
MCUCXR_0354_1,Montgomery,1,2,77032,0.357371,37193,3.8626,2.0897,2.2359,1777,1904,1777,88265,3.2759,3.1797,36667,0.936837,0.938001,True
MCUCXR_0362_1,Montgomery,1,3,50517,0.234361,23685,3.7508,2.0517,2.202,1403,1726,1403,78674,2.9199,2.7951,23397,0.630996,0.638907,True
MCUCXR_0367_1,Montgomery,1,3,42801,0.198565,21531,4.0244,2.1839,2.282,1355,1712,1355,75492,2.8018,2.6583,21333,0.557768,0.548554,True
MCUCXR_0369_1,Montgomery,1,4,46564,0.216022,24107,4.1417,2.2121,2.2916,1392,1770,1392,77326,2.8699,2.5323,23884,0.595891,0.593697,True
MCUCXR_0372_1,Montgomery,1,0,47140,0.218694,23249,3.9455,2.1308,2.247,1279,1618,1279,74699,2.7724,2.5634,23053,0.601402,0.607559,True
MCUCXR_0375_1,Montgomery,1,0,56474,0.261997,27407,3.8824,2.1087,2.2444,1487,1776,1487,77908,2.8915,2.5668,27113,0.708031,0.707835,True
MCUCXR_0383_1,Montgomery,1,1,49695,0.230548,23914,3.8497,2.0846,2.2337,1335,1739,1335,70858,2.6298,2.3492,23666,0.624232,0.622111,True
MCUCXR_0387_1,Montgomery,1,1,66919,0.310454,33817,4.0427,2.1482,2.2462,1727,2047,1727,90509,3.3592,3.2317,33596,0.837247,0.840195,True
MCUCXR_0390_1,Montgomery,1,3,56892,0.263936,27147,3.8173,2.0814,2.2253,1623,1883,1623,80539,2.9891,2.8975,26766,0.721077,0.708246,True
MCUCXR_0393_1,Montgomery,1,1,55362,0.256838,27701,4.0029,2.1494,2.2537,1415,1792,1415,77101,2.8615,2.604,27432,0.701789,0.683977,True
MCUCXR_0399_1,Montgomery,1,2,44428,0.206113,21104,3.8001,2.0554,2.2155,1271,1647,1271,68937,2.5585,2.3237,20809,0.564675,0.558081,True
