stem,source,processed_h,processed_w,has_mask,roi_fraction_processed,mask_binary_ok,empty_mask
CHNCXR_0001_0,Shenzhen,498,512,True,0.245498,True,False
CHNCXR_0002_0,Shenzhen,504,512,True,0.216731,True,False
CHNCXR_0003_0,Shenzhen,505,512,True,0.239337,True,False
CHNCXR_0004_0,Shenzhen,501,512,True,0.222882,True,False
CHNCXR_0005_0,Shenzhen,501,512,True,0.238102,True,False
CHNCXR_0006_0,Shenzhen,512,482,True,0.230521,True,False
CHNCXR_0007_0,Shenzhen,512,509,True,0.352955,True,False
CHNCXR_0008_0,Shenzhen,501,512,True,0.166624,True,False
CHNCXR_0009_0,Shenzhen,512,438,True,0.210692,True,False
CHNCXR_0010_0,Shenzhen,503,512,True,0.155225,True,False
CHNCXR_0011_0,Shenzhen,499,512,True,0.211035,True,False
CHNCXR_0012_0,Shenzhen,505,512,True,0.263262,True,False
CHNCXR_0013_0,Shenzhen,501,512,True,0.213413,True,False
CHNCXR_0014_0,Shenzhen,498,512,True,0.198744,True,False
CHNCXR_0015_0,Shenzhen,502,512,True,0.225695,True,False
CHNCXR_0016_0,Shenzhen,502,512,True,0.203226,True,False
CHNCXR_0017_0,Shenzhen,512,491,True,0.234789,True,False
CHNCXR_0018_0,Shenzhen,498,512,True,0.289733,True,False
CHNCXR_0019_0,Shenzhen,502,512,True,0.252817,True,False
CHNCXR_0020_0,Shenzhen,474,512,True,0.314548,True,False
CHNCXR_0021_0,Shenzhen,512,497,True,0.252987,True,False
CHNCXR_0022_0,Shenzhen,504,512,True,0.26971,True,False
CHNCXR_0023_0,Shenzhen,501,512,True,0.246105,True,False
CHNCXR_0024_0,Shenzhen,504,512,True,0.221827,True,False
CHNCXR_0025_0,Shenzhen,501,512,False,,,
CHNCXR_0026_0,Shenzhen,501,512,True,0.212302,True,False
CHNCXR_0027_0,Shenzhen,500,512,True,0.200078,True,False
CHNCXR_0028_0,Shenzhen,502,512,True,0.320348,True,False
CHNCXR_0029_0,Shenzhen,501,512,True,0.158792,True,False
CHNCXR_0030_0,Shenzhen,512,490,True,0.336926,True,False
CHNCXR_0031_0,Shenzhen,503,512,True,0.249992,True,False
CHNCXR_0032_0,Shenzhen,500,512,True,0.237223,True,False
CHNCXR_0033_0,Shenzhen,505,512,True,0.26257,True,False
CHNCXR_0034_0,Shenzhen,512,472,True,0.165469,True,False
CHNCXR_0035_0,Shenzhen,501,512,True,0.176035,True,False
CHNCXR_0036_0,Shenzhen,504,512,False,,,
CHNCXR_0037_0,Shenzhen,506,512,False,,,
CHNCXR_0038_0,Shenzhen,512,468,False,,,
CHNCXR_0039_0,Shenzhen,512,485,False,,,
CHNCXR_0040_0,Shenzhen,502,512,False,,,
CHNCXR_0041_0,Shenzhen,509,512,True,0.334023,True,False
CHNCXR_0042_0,Shenzhen,502,512,True,0.209681,True,False
CHNCXR_0043_0,Shenzhen,502,512,True,0.196067,True,False
CHNCXR_0044_0,Shenzhen,512,512,True,0.269264,True,False
CHNCXR_0045_0,Shenzhen,502,512,True,0.157001,True,False
CHNCXR_0046_0,Shenzhen,500,512,True,0.284277,True,False
CHNCXR_0047_0,Shenzhen,512,472,True,0.339844,True,False
CHNCXR_0048_0,Shenzhen,503,512,True,0.221154,True,False
CHNCXR_0049_0,Shenzhen,501,512,True,0.159384,True,False
CHNCXR_0050_0,Shenzhen,503,512,True,0.208643,True,False
CHNCXR_0051_0,Shenzhen,503,512,True,0.207326,True,False
CHNCXR_0052_0,Shenzhen,512,486,True,0.25438,True,False
CHNCXR_0053_0,Shenzhen,512,448,True,0.206857,True,False
CHNCXR_0054_0,Shenzhen,501,512,True,0.213592,True,False
CHNCXR_0055_0,Shenzhen,512,477,True,0.205385,True,False
CHNCXR_0056_0,Shenzhen,503,512,True,0.162828,True,False
CHNCXR_0057_0,Shenzhen,502,512,True,0.189325,True,False
CHNCXR_0058_0,Shenzhen,501,512,True,0.145837,True,False
CHNCXR_0059_0,Shenzhen,503,512,True,0.191515,True,False
CHNCXR_0060_0,Shenzhen,500,512,True,0.18118,True,False
CHNCXR_0061_0,Shenzhen,504,512,True,0.289869,True,False
CHNCXR_0062_0,Shenzhen,502,512,True,0.215564,True,False
CHNCXR_0063_0,Shenzhen,502,512,True,0.278375,True,False
CHNCXR_0064_0,Shenzhen,502,512,True,0.205778,True,False
CHNCXR_0065_0,Shenzhen,503,512,False,,,
CHNCXR_0066_0,Shenzhen,502,512,True,0.142555,True,False
CHNCXR_0067_0,Shenzhen,503,512,True,0.246971,True,False
CHNCXR_0068_0,Shenzhen,502,512,True,0.189235,True,False
CHNCXR_0069_0,Shenzhen,468,512,True,0.237167,True,False
CHNCXR_0070_0,Shenzhen,512,486,True,0.30341,True,False
CHNCXR_0071_0,Shenzhen,512,498,True,0.236148,True,False
CHNCXR_0072_0,Shenzhen,512,512,True,0.272099,True,False
CHNCXR_0073_0,Shenzhen,503,512,True,0.165845,True,False
CHNCXR_0074_0,Shenzhen,403,512,True,0.127869,True,False
CHNCXR_0075_0,Shenzhen,461,512,True,0.153161,True,False
CHNCXR_0076_0,Shenzhen,465,512,True,0.149366,True,False
CHNCXR_0077_0,Shenzhen,502,512,True,0.189819,True,False
CHNCXR_0078_0,Shenzhen,506,512,True,0.248325,True,False
CHNCXR_0079_0,Shenzhen,502,512,True,0.239172,True,False
CHNCXR_0080_0,Shenzhen,504,512,True,0.185012,True,False
CHNCXR_0081_0,Shenzhen,503,512,True,0.314981,True,False
CHNCXR_0082_0,Shenzhen,503,512,True,0.228162,True,False
CHNCXR_0083_0,Shenzhen,503,512,True,0.191068,True,False
CHNCXR_0084_0,Shenzhen,512,476,True,0.264468,True,False
CHNCXR_0085_0,Shenzhen,503,512,True,0.2135,True,False
CHNCXR_0086_0,Shenzhen,504,512,True,0.165372,True,False
CHNCXR_0087_0,Shenzhen,512,457,True,0.292405,True,False
CHNCXR_0088_0,Shenzhen,512,483,True,0.261682,True,False
CHNCXR_0089_0,Shenzhen,512,510,True,0.238741,True,False
CHNCXR_0090_0,Shenzhen,512,487,True,0.225047,True,False
CHNCXR_0091_0,Shenzhen,512,446,True,0.326675,True,False
CHNCXR_0092_0,Shenzhen,486,512,True,0.244522,True,False
CHNCXR_0093_0,Shenzhen,512,480,True,0.304838,True,False
CHNCXR_0094_0,Shenzhen,503,512,True,0.242087,True,False
CHNCXR_0095_0,Shenzhen,503,512,True,0.270851,True,False
CHNCXR_0096_0,Shenzhen,503,512,True,0.308167,True,False
CHNCXR_0097_0,Shenzhen,499,512,True,0.399201,True,False
CHNCXR_0098_0,Shenzhen,504,512,True,0.187519,True,False
CHNCXR_0099_0,Shenzhen,512,441,True,0.267011,True,False
CHNCXR_0100_0,Shenzhen,512,483,True,0.288136,True,False
CHNCXR_0101_0,Shenzhen,512,512,True,0.238415,True,False
CHNCXR_0102_0,Shenzhen,512,453,True,0.272368,True,False
CHNCXR_0103_0,Shenzhen,512,389,True,0.292472,True,False
CHNCXR_0104_0,Shenzhen,512,512,True,0.25996,True,False
CHNCXR_0105_0,Shenzhen,512,446,True,0.231388,True,False
CHNCXR_0106_0,Shenzhen,502,512,True,0.253626,True,False
CHNCXR_0107_0,Shenzhen,481,512,True,0.283962,True,False
CHNCXR_0108_0,Shenzhen,512,502,True,0.299342,True,False
CHNCXR_0109_0,Shenzhen,512,412,True,0.186528,True,False
CHNCXR_0110_0,Shenzhen,512,472,True,0.207366,True,False
CHNCXR_0111_0,Shenzhen,488,512,True,0.272181,True,False
CHNCXR_0112_0,Shenzhen,512,497,True,0.285475,True,False
CHNCXR_0113_0,Shenzhen,512,485,True,0.288897,True,False
CHNCXR_0114_0,Shenzhen,501,512,True,0.210513,True,False
CHNCXR_0115_0,Shenzhen,480,512,True,0.177877,True,False
CHNCXR_0116_0,Shenzhen,500,512,True,0.260301,True,False
CHNCXR_0117_0,Shenzhen,512,436,True,0.210297,True,False
CHNCXR_0118_0,Shenzhen,512,511,True,0.146263,True,False
CHNCXR_0119_0,Shenzhen,512,479,True,0.204923,True,False
CHNCXR_0120_0,Shenzhen,503,512,True,0.233851,True,False
CHNCXR_0121_0,Shenzhen,512,471,True,0.265152,True,False
CHNCXR_0122_0,Shenzhen,512,457,True,0.233319,True,False
CHNCXR_0123_0,Shenzhen,503,512,True,0.149311,True,False
CHNCXR_0124_0,Shenzhen,512,419,True,0.252979,True,False
CHNCXR_0125_0,Shenzhen,512,512,True,0.232063,True,False
CHNCXR_0126_0,Shenzhen,501,512,True,0.12638,True,False
CHNCXR_0127_0,Shenzhen,492,512,True,0.284275,True,False
CHNCXR_0128_0,Shenzhen,512,512,True,0.224781,True,False
CHNCXR_0129_0,Shenzhen,512,426,True,0.179587,True,False
CHNCXR_0130_0,Shenzhen,512,511,True,0.228076,True,False
CHNCXR_0131_0,Shenzhen,512,445,True,0.258023,True,False
CHNCXR_0132_0,Shenzhen,503,512,True,0.189282,True,False
CHNCXR_0133_0,Shenzhen,504,512,True,0.205997,True,False
CHNCXR_0134_0,Shenzhen,512,432,True,0.307644,True,False
CHNCXR_0135_0,Shenzhen,503,512,True,0.21244,True,False
CHNCXR_0136_0,Shenzhen,502,512,True,0.144403,True,False
CHNCXR_0137_0,Shenzhen,502,512,True,0.205405,True,False
CHNCXR_0138_0,Shenzhen,502,512,True,0.189227,True,False
CHNCXR_0139_0,Shenzhen,500,512,True,0.166109,True,False
CHNCXR_0140_0,Shenzhen,475,512,True,0.326447,True,False
CHNCXR_0141_0,Shenzhen,500,512,True,0.213945,True,False
CHNCXR_0142_0,Shenzhen,508,512,True,0.269439,True,False
CHNCXR_0143_0,Shenzhen,512,501,True,0.178218,True,False
CHNCXR_0144_0,Shenzhen,512,420,True,0.281608,True,False
CHNCXR_0145_0,Shenzhen,512,512,True,0.24818,True,False
CHNCXR_0146_0,Shenzhen,510,512,True,0.17708,True,False
CHNCXR_0147_0,Shenzhen,504,512,True,0.255669,True,False
CHNCXR_0148_0,Shenzhen,512,470,True,0.221372,True,False
CHNCXR_0149_0,Shenzhen,512,512,True,0.199657,True,False
CHNCXR_0150_0,Shenzhen,512,475,True,0.236698,True,False
CHNCXR_0151_0,Shenzhen,503,512,True,0.170609,True,False
CHNCXR_0152_0,Shenzhen,512,488,True,0.263248,True,False
CHNCXR_0153_0,Shenzhen,502,512,True,0.20516,True,False
CHNCXR_0154_0,Shenzhen,502,512,True,0.220715,True,False
CHNCXR_0155_0,Shenzhen,395,512,True,0.136116,True,False
CHNCXR_0156_0,Shenzhen,505,512,True,0.154896,True,False
CHNCXR_0157_0,Shenzhen,507,512,True,0.19255,True,False
CHNCXR_0158_0,Shenzhen,512,468,True,0.189073,True,False
CHNCXR_0159_0,Shenzhen,512,512,True,0.182053,True,False
CHNCXR_0160_0,Shenzhen,512,465,True,0.275118,True,False
CHNCXR_0161_0,Shenzhen,512,479,True,0.197009,True,False
CHNCXR_0162_0,Shenzhen,503,512,True,0.242813,True,False
CHNCXR_0163_0,Shenzhen,505,512,True,0.189855,True,False
CHNCXR_0164_0,Shenzhen,502,512,True,0.167054,True,False
CHNCXR_0165_0,Shenzhen,512,508,True,0.245529,True,False
CHNCXR_0166_0,Shenzhen,512,495,True,0.296883,True,False
CHNCXR_0167_0,Shenzhen,512,477,True,0.254651,True,False
CHNCXR_0168_0,Shenzhen,500,512,True,0.353187,True,False
CHNCXR_0169_0,Shenzhen,512,486,True,0.203856,True,False
CHNCXR_0170_0,Shenzhen,504,512,True,0.158339,True,False
CHNCXR_0171_0,Shenzhen,512,512,True,0.234272,True,False
CHNCXR_0172_0,Shenzhen,512,488,True,0.322214,True,False
CHNCXR_0173_0,Shenzhen,512,453,True,0.2598,True,False
CHNCXR_0174_0,Shenzhen,512,446,True,0.243383,True,False
CHNCXR_0175_0,Shenzhen,466,512,True,0.218385,True,False
CHNCXR_0176_0,Shenzhen,502,512,True,0.159608,True,False
CHNCXR_0177_0,Shenzhen,512,507,True,0.339597,True,False
CHNCXR_0178_0,Shenzhen,451,512,True,0.216346,True,False
CHNCXR_0179_0,Shenzhen,502,512,True,0.173785,True,False
CHNCXR_0180_0,Shenzhen,420,512,True,0.179976,True,False
CHNCXR_0181_0,Shenzhen,501,512,False,,,
CHNCXR_0182_0,Shenzhen,499,512,False,,,
CHNCXR_0183_0,Shenzhen,503,512,False,,,
CHNCXR_0184_0,Shenzhen,503,512,False,,,
CHNCXR_0185_0,Shenzhen,512,488,False,,,
CHNCXR_0186_0,Shenzhen,512,441,False,,,
CHNCXR_0187_0,Shenzhen,512,407,False,,,
CHNCXR_0188_0,Shenzhen,511,512,False,,,
CHNCXR_0189_0,Shenzhen,512,460,False,,,
CHNCXR_0190_0,Shenzhen,501,512,False,,,
CHNCXR_0191_0,Shenzhen,503,512,False,,,
CHNCXR_0192_0,Shenzhen,511,512,False,,,
CHNCXR_0193_0,Shenzhen,512,494,False,,,
CHNCXR_0194_0,Shenzhen,512,512,False,,,
CHNCXR_0195_0,Shenzhen,512,511,False,,,
CHNCXR_0196_0,Shenzhen,512,512,False,,,
CHNCXR_0197_0,Shenzhen,502,512,False,,,
CHNCXR_0198_0,Shenzhen,510,512,False,,,
CHNCXR_0199_0,Shenzhen,512,503,False,,,
CHNCXR_0200_0,Shenzhen,511,512,False,,,
CHNCXR_0201_0,Shenzhen,512,508,False,,,
CHNCXR_0202_0,Shenzhen,430,512,False,,,
CHNCXR_0203_0,Shenzhen,512,511,False,,,
CHNCXR_0204_0,Shenzhen,512,511,False,,,
CHNCXR_0205_0,Shenzhen,505,512,False,,,
CHNCXR_0206_0,Shenzhen,454,512,False,,,
CHNCXR_0207_0,Shenzhen,512,512,False,,,
CHNCXR_0208_0,Shenzhen,512,472,False,,,
CHNCXR_0209_0,Shenzhen,510,512,False,,,
CHNCXR_0210_0,Shenzhen,512,512,False,,,
CHNCXR_0211_0,Shenzhen,512,511,False,,,
CHNCXR_0212_0,Shenzhen,474,512,False,,,
CHNCXR_0213_0,Shenzhen,502,512,False,,,
CHNCXR_0214_0,Shenzhen,512,489,False,,,
CHNCXR_0215_0,Shenzhen,512,502,False,,,
CHNCXR_0216_0,Shenzhen,512,512,False,,,
CHNCXR_0217_0,Shenzhen,503,512,False,,,
CHNCXR_0218_0,Shenzhen,510,512,False,,,
CHNCXR_0219_0,Shenzhen,511,512,False,,,
CHNCXR_0220_0,Shenzhen,512,508,False,,,
CHNCXR_0221_0,Shenzhen,512,431,True,0.270696,True,False
CHNCXR_0222_0,Shenzhen,512,510,True,0.213446,True,False
CHNCXR_0223_0,Shenzhen,502,512,True,0.130836,True,False
CHNCXR_0224_0,Shenzhen,510,512,True,0.203232,True,False
CHNCXR_0225_0,Shenzhen,512,512,True,0.247044,True,False
CHNCXR_0226_0,Shenzhen,512,512,True,0.180943,True,False
CHNCXR_0227_0,Shenzhen,512,512,True,0.241714,True,False
CHNCXR_0228_0,Shenzhen,498,512,True,0.228088,True,False
CHNCXR_0229_0,Shenzhen,512,510,True,0.154718,True,False
CHNCXR_0230_0,Shenzhen,511,512,True,0.175999,True,False
CHNCXR_0231_0,Shenzhen,512,511,True,0.210177,True,False
CHNCXR_0232_0,Shenzhen,512,511,True,0.160198,True,False
CHNCXR_0233_0,Shenzhen,502,512,True,0.187146,True,False
CHNCXR_0234_0,Shenzhen,512,512,True,0.159054,True,False
CHNCXR_0235_0,Shenzhen,512,490,True,0.331704,True,False
CHNCXR_0236_0,Shenzhen,512,473,True,0.205429,True,False
CHNCXR_0237_0,Shenzhen,501,512,True,0.186015,True,False
CHNCXR_0238_0,Shenzhen,504,512,True,0.20633,True,False
CHNCXR_0239_0,Shenzhen,512,511,True,0.239007,True,False
CHNCXR_0240_0,Shenzhen,512,511,True,0.208025,True,False
CHNCXR_0241_0,Shenzhen,512,508,True,0.387234,True,False
CHNCXR_0242_0,Shenzhen,492,512,True,0.396643,True,False
CHNCXR_0243_0,Shenzhen,502,512,True,0.279375,True,False
CHNCXR_0244_0,Shenzhen,512,490,True,0.336061,True,False
CHNCXR_0245_0,Shenzhen,512,512,True,0.228577,True,False
CHNCXR_0246_0,Shenzhen,503,512,True,0.225642,True,False
CHNCXR_0247_0,Shenzhen,502,512,True,0.187944,True,False
CHNCXR_0248_0,Shenzhen,512,448,True,0.286521,True,False
CHNCXR_0249_0,Shenzhen,511,512,True,0.181805,True,False
CHNCXR_0250_0,Shenzhen,504,512,True,0.303854,True,False
CHNCXR_0251_0,Shenzhen,512,505,True,0.265026,True,False
CHNCXR_0252_0,Shenzhen,512,510,True,0.252022,True,False
CHNCXR_0253_0,Shenzhen,502,512,True,0.233114,True,False
CHNCXR_0254_0,Shenzhen,506,512,True,0.298681,True,False
CHNCXR_0255_0,Shenzhen,512,454,True,0.278097,True,False
CHNCXR_0256_0,Shenzhen,512,467,True,0.222083,True,False
CHNCXR_0257_0,Shenzhen,512,511,True,0.254529,True,False
CHNCXR_0258_0,Shenzhen,503,512,True,0.224741,True,False
CHNCXR_0259_0,Shenzhen,512,457,True,0.17364,True,False
CHNCXR_0260_0,Shenzhen,501,512,True,0.20725,True,False
CHNCXR_0261_0,Shenzhen,504,512,True,0.219234,True,False
CHNCXR_0262_0,Shenzhen,501,512,True,0.247969,True,False
CHNCXR_0263_0,Shenzhen,502,512,True,0.223722,True,False
CHNCXR_0264_0,Shenzhen,512,512,True,0.190243,True,False
CHNCXR_0265_0,Shenzhen,512,450,True,0.168928,True,False
CHNCXR_0266_0,Shenzhen,512,511,True,0.166837,True,False
CHNCXR_0267_0,Shenzhen,499,512,True,0.145956,True,False
CHNCXR_0268_0,Shenzhen,512,443,True,0.208786,True,False
CHNCXR_0269_0,Shenzhen,512,506,True,0.184377,True,False
CHNCXR_0270_0,Shenzhen,512,512,True,0.181454,True,False
CHNCXR_0271_0,Shenzhen,512,511,True,0.253268,True,False
CHNCXR_0272_0,Shenzhen,512,510,True,0.348778,True,False
CHNCXR_0273_0,Shenzhen,512,442,True,0.277521,True,False
CHNCXR_0274_0,Shenzhen,512,454,True,0.323036,True,False
CHNCXR_0275_0,Shenzhen,512,512,True,0.161282,True,False
CHNCXR_0276_0,Shenzhen,508,512,True,0.198111,True,False
CHNCXR_0277_0,Shenzhen,512,448,True,0.220721,True,False
CHNCXR_0278_0,Shenzhen,512,459,True,0.34675,True,False
CHNCXR_0279_0,Shenzhen,512,482,True,0.320629,True,False
CHNCXR_0280_0,Shenzhen,512,486,True,0.164701,True,False
CHNCXR_0281_0,Shenzhen,503,512,True,0.263276,True,False
CHNCXR_0282_0,Shenzhen,506,512,True,0.261854,True,False
CHNCXR_0283_0,Shenzhen,511,512,True,0.234685,True,False
CHNCXR_0284_0,Shenzhen,505,512,True,0.167423,True,False
CHNCXR_0285_0,Shenzhen,512,512,True,0.26593,True,False
CHNCXR_0286_0,Shenzhen,504,512,True,0.300529,True,False
CHNCXR_0287_0,Shenzhen,512,472,True,0.260858,True,False
CHNCXR_0288_0,Shenzhen,512,405,True,0.276567,True,False
CHNCXR_0289_0,Shenzhen,503,512,True,0.218113,True,False
CHNCXR_0290_0,Shenzhen,503,512,True,0.241108,True,False
CHNCXR_0291_0,Shenzhen,512,502,True,0.363643,True,False
CHNCXR_0292_0,Shenzhen,503,512,True,0.222982,True,False
CHNCXR_0293_0,Shenzhen,503,512,True,0.289342,True,False
CHNCXR_0294_0,Shenzhen,503,512,True,0.291959,True,False
CHNCXR_0295_0,Shenzhen,512,484,True,0.327766,True,False
CHNCXR_0296_0,Shenzhen,512,484,True,0.332245,True,False
CHNCXR_0297_0,Shenzhen,512,468,True,0.237351,True,False
CHNCXR_0298_0,Shenzhen,503,512,True,0.291905,True,False
CHNCXR_0299_0,Shenzhen,512,422,True,0.152589,True,False
CHNCXR_0300_0,Shenzhen,504,512,True,0.237991,True,False
CHNCXR_0301_0,Shenzhen,503,512,True,0.205233,True,False
CHNCXR_0302_0,Shenzhen,512,449,True,0.232487,True,False
CHNCXR_0303_0,Shenzhen,512,508,True,0.098825,True,False
CHNCXR_0304_0,Shenzhen,503,512,True,0.209804,True,False
CHNCXR_0305_0,Shenzhen,512,459,True,0.236809,True,False
CHNCXR_0306_0,Shenzhen,500,512,True,0.157977,True,False
CHNCXR_0307_0,Shenzhen,503,512,True,0.179808,True,False
CHNCXR_0308_0,Shenzhen,503,512,True,0.223033,True,False
CHNCXR_0309_0,Shenzhen,497,512,True,0.282963,True,False
CHNCXR_0310_0,Shenzhen,507,512,True,0.253236,True,False
CHNCXR_0311_0,Shenzhen,504,512,True,0.296011,True,False
CHNCXR_0312_0,Shenzhen,501,512,True,0.188326,True,False
CHNCXR_0313_0,Shenzhen,512,457,True,0.191479,True,False
CHNCXR_0314_0,Shenzhen,512,466,True,0.244648,True,False
CHNCXR_0315_0,Shenzhen,509,512,True,0.268223,True,False
CHNCXR_0316_0,Shenzhen,512,458,True,0.264103,True,False
CHNCXR_0317_0,Shenzhen,501,512,True,0.245478,True,False
CHNCXR_0318_0,Shenzhen,501,512,True,0.277511,True,False
CHNCXR_0319_0,Shenzhen,503,512,True,0.200186,True,False
CHNCXR_0320_0,Shenzhen,501,512,True,0.230921,True,False
CHNCXR_0321_0,Shenzhen,504,512,True,0.239548,True,False
CHNCXR_0322_0,Shenzhen,503,512,True,0.293916,True,False
CHNCXR_0323_0,Shenzhen,504,512,True,0.199878,True,False
CHNCXR_0324_0,Shenzhen,503,512,True,0.234231,True,False
CHNCXR_0325_0,Shenzhen,502,512,True,0.215225,True,False
CHNCXR_0326_0,Shenzhen,502,512,True,0.225076,True,False
CHNCXR_0327_1,Shenzhen,512,512,True,0.402851,True,False
CHNCXR_0328_1,Shenzhen,504,512,True,0.218049,True,False
CHNCXR_0329_1,Shenzhen,495,512,True,0.321338,True,False
CHNCXR_0330_1,Shenzhen,512,484,True,0.378567,True,False
CHNCXR_0331_1,Shenzhen,507,512,True,0.39155,True,False
CHNCXR_0332_1,Shenzhen,492,512,True,0.35001,True,False
CHNCXR_0333_1,Shenzhen,508,512,True,0.383624,True,False
CHNCXR_0334_1,Shenzhen,499,512,True,0.302182,True,False
CHNCXR_0335_1,Shenzhen,483,512,True,0.273636,True,False
CHNCXR_0336_1,Shenzhen,512,462,False,,,
CHNCXR_0337_1,Shenzhen,512,492,True,0.40178,True,False
CHNCXR_0338_1,Shenzhen,512,420,True,0.319257,True,False
CHNCXR_0339_1,Shenzhen,496,512,True,0.432964,True,False
CHNCXR_0340_1,Shenzhen,512,512,True,0.330616,True,False
CHNCXR_0341_1,Shenzhen,503,512,False,,,
CHNCXR_0342_1,Shenzhen,512,482,False,,,
CHNCXR_0343_1,Shenzhen,512,485,False,,,
CHNCXR_0344_1,Shenzhen,509,512,False,,,
CHNCXR_0345_1,Shenzhen,512,484,False,,,
CHNCXR_0346_1,Shenzhen,512,467,False,,,
CHNCXR_0347_1,Shenzhen,512,470,False,,,
CHNCXR_0348_1,Shenzhen,512,457,False,,,
CHNCXR_0349_1,Shenzhen,503,512,False,,,
CHNCXR_0350_1,Shenzhen,512,492,False,,,
CHNCXR_0351_1,Shenzhen,504,512,False,,,
CHNCXR_0352_1,Shenzhen,512,451,False,,,
CHNCXR_0353_1,Shenzhen,512,463,False,,,
CHNCXR_0354_1,Shenzhen,512,457,False,,,
CHNCXR_0355_1,Shenzhen,506,512,False,,,
CHNCXR_0356_1,Shenzhen,512,458,False,,,
CHNCXR_0357_1,Shenzhen,512,499,False,,,
CHNCXR_0358_1,Shenzhen,512,443,False,,,
CHNCXR_0359_1,Shenzhen,512,452,False,,,
CHNCXR_0360_1,Shenzhen,512,471,False,,,
CHNCXR_0361_1,Shenzhen,512,504,True,0.199002,True,False
CHNCXR_0362_1,Shenzhen,506,512,True,0.295783,True,False
CHNCXR_0363_1,Shenzhen,512,452,True,0.276497,True,False
CHNCXR_0364_1,Shenzhen,507,512,True,0.202393,True,False
CHNCXR_0365_1,Shenzhen,512,448,True,0.280287,True,False
CHNCXR_0366_1,Shenzhen,512,485,True,0.184544,True,False
CHNCXR_0367_1,Shenzhen,512,432,True,0.360067,True,False
CHNCXR_0368_1,Shenzhen,512,435,True,0.233746,True,False
CHNCXR_0369_1,Shenzhen,512,489,True,0.224937,True,False
CHNCXR_0370_1,Shenzhen,503,512,True,0.137907,True,False
CHNCXR_0371_1,Shenzhen,503,512,True,0.230251,True,False
CHNCXR_0372_1,Shenzhen,503,512,True,0.24437,True,False
CHNCXR_0373_1,Shenzhen,512,477,True,0.278748,True,False
CHNCXR_0374_1,Shenzhen,500,512,True,0.223152,True,False
CHNCXR_0375_1,Shenzhen,512,511,True,0.271022,True,False
CHNCXR_0376_1,Shenzhen,506,512,True,0.223652,True,False
CHNCXR_0377_1,Shenzhen,512,440,True,0.225213,True,False
CHNCXR_0378_1,Shenzhen,508,512,True,0.186969,True,False
CHNCXR_0379_1,Shenzhen,482,512,True,0.272769,True,False
CHNCXR_0380_1,Shenzhen,512,512,True,0.140621,True,False
CHNCXR_0381_1,Shenzhen,505,512,True,0.182967,True,False
CHNCXR_0382_1,Shenzhen,512,442,True,0.255939,True,False
CHNCXR_0383_1,Shenzhen,499,512,True,0.20927,True,False
CHNCXR_0384_1,Shenzhen,502,512,True,0.243468,True,False
CHNCXR_0385_1,Shenzhen,512,487,True,0.261795,True,False
CHNCXR_0386_1,Shenzhen,503,512,True,0.21722,True,False
CHNCXR_0387_1,Shenzhen,512,495,True,0.298761,True,False
CHNCXR_0388_1,Shenzhen,512,485,True,0.270776,True,False
CHNCXR_0389_1,Shenzhen,512,471,True,0.194525,True,False
CHNCXR_0390_1,Shenzhen,512,490,True,0.316677,True,False
CHNCXR_0391_1,Shenzhen,512,437,True,0.212555,True,False
CHNCXR_0392_1,Shenzhen,512,484,True,0.336236,True,False
CHNCXR_0393_1,Shenzhen,499,512,True,0.310128,True,False
CHNCXR_0394_1,Shenzhen,505,512,True,0.282275,True,False
CHNCXR_0395_1,Shenzhen,512,479,True,0.269845,True,False
CHNCXR_0396_1,Shenzhen,512,463,True,0.312095,True,False
CHNCXR_0397_1,Shenzhen,512,466,True,0.2273,True,False
CHNCXR_0398_1,Shenzhen,512,421,True,0.218504,True,False
CHNCXR_0399_1,Shenzhen,512,470,True,0.229081,True,False
CHNCXR_0400_1,Shenzhen,512,505,True,0.286986,True,False
CHNCXR_0401_1,Shenzhen,512,427,True,0.20415,True,False
CHNCXR_0402_1,Shenzhen,512,453,True,0.230719,True,False
CHNCXR_0403_1,Shenzhen,512,483,True,0.290263,True,False
CHNCXR_0404_1,Shenzhen,512,430,True,0.287541,True,False
CHNCXR_0405_1,Shenzhen,512,492,True,0.249266,True,False
CHNCXR_0406_1,Shenzhen,512,447,True,0.269121,True,False
CHNCXR_0407_1,Shenzhen,509,512,True,0.230465,True,False
CHNCXR_0408_1,Shenzhen,507,512,True,0.318213,True,False
CHNCXR_0409_1,Shenzhen,512,481,True,0.286728,True,False
CHNCXR_0410_1,Shenzhen,512,484,True,0.277154,True,False
CHNCXR_0411_1,Shenzhen,503,512,True,0.217608,True,False
CHNCXR_0412_1,Shenzhen,503,512,True,0.182122,True,False
CHNCXR_0413_1,Shenzhen,512,427,True,0.242343,True,False
CHNCXR_0414_1,Shenzhen,512,484,True,0.235791,True,False
CHNCXR_0415_1,Shenzhen,512,431,True,0.306695,True,False
CHNCXR_0416_1,Shenzhen,512,449,True,0.233992,True,False
CHNCXR_0417_1,Shenzhen,512,476,True,0.286239,True,False
CHNCXR_0418_1,Shenzhen,512,473,True,0.27537,True,False
CHNCXR_0419_1,Shenzhen,512,429,True,0.206275,True,False
CHNCXR_0420_1,Shenzhen,512,485,True,0.283481,True,False
CHNCXR_0421_1,Shenzhen,511,512,True,0.331626,True,False
CHNCXR_0422_1,Shenzhen,504,512,True,0.223679,True,False
CHNCXR_0423_1,Shenzhen,505,512,True,0.29691,True,False
CHNCXR_0424_1,Shenzhen,506,512,True,0.246816,True,False
CHNCXR_0425_1,Shenzhen,504,512,True,0.262083,True,False
CHNCXR_0426_1,Shenzhen,512,462,True,0.318761,True,False
CHNCXR_0427_1,Shenzhen,504,512,True,0.202579,True,False
CHNCXR_0428_1,Shenzhen,510,512,True,0.230722,True,False
CHNCXR_0429_1,Shenzhen,505,512,True,0.225244,True,False
CHNCXR_0430_1,Shenzhen,503,512,True,0.167115,True,False
CHNCXR_0431_1,Shenzhen,505,512,True,0.322223,True,False
CHNCXR_0432_1,Shenzhen,505,512,True,0.242663,True,False
CHNCXR_0433_1,Shenzhen,502,512,True,0.276437,True,False
CHNCXR_0434_1,Shenzhen,507,512,True,0.245666,True,False
CHNCXR_0435_1,Shenzhen,488,512,True,0.290651,True,False
CHNCXR_0436_1,Shenzhen,512,494,True,0.244228,True,False
CHNCXR_0437_1,Shenzhen,512,484,True,0.301673,True,False
CHNCXR_0438_1,Shenzhen,473,512,True,0.258981,True,False
CHNCXR_0439_1,Shenzhen,505,512,True,0.247037,True,False
CHNCXR_0440_1,Shenzhen,512,476,True,0.244777,True,False
CHNCXR_0441_1,Shenzhen,512,453,True,0.213809,True,False
CHNCXR_0442_1,Shenzhen,512,500,True,0.191016,True,False
CHNCXR_0443_1,Shenzhen,511,512,True,0.214056,True,False
CHNCXR_0444_1,Shenzhen,512,511,True,0.250241,True,False
CHNCXR_0445_1,Shenzhen,511,512,True,0.272249,True,False
CHNCXR_0446_1,Shenzhen,499,512,True,0.234986,True,False
CHNCXR_0447_1,Shenzhen,512,455,True,0.197527,True,False
CHNCXR_0448_1,Shenzhen,512,428,True,0.299417,True,False
CHNCXR_0449_1,Shenzhen,512,511,True,0.24664,True,False
CHNCXR_0450_1,Shenzhen,504,512,True,0.22669,True,False
CHNCXR_0451_1,Shenzhen,512,491,True,0.231873,True,False
CHNCXR_0452_1,Shenzhen,512,442,True,0.332173,True,False
CHNCXR_0453_1,Shenzhen,506,512,True,0.167096,True,False
CHNCXR_0454_1,Shenzhen,512,459,True,0.298871,True,False
CHNCXR_0455_1,Shenzhen,508,512,True,0.083496,True,False
CHNCXR_0456_1,Shenzhen,512,473,True,0.32753,True,False
CHNCXR_0457_1,Shenzhen,512,476,True,0.296978,True,False
CHNCXR_0458_1,Shenzhen,512,475,True,0.301776,True,False
CHNCXR_0459_1,Shenzhen,512,430,True,0.243514,True,False
CHNCXR_0460_1,Shenzhen,512,485,True,0.271907,True,False
CHNCXR_0461_1,Shenzhen,502,512,True,0.235029,True,False
CHNCXR_0462_1,Shenzhen,512,437,True,0.321846,True,False
CHNCXR_0463_1,Shenzhen,512,452,True,0.266904,True,False
CHNCXR_0464_1,Shenzhen,512,479,True,0.244047,True,False
CHNCXR_0465_1,Shenzhen,512,498,True,0.235967,True,False
CHNCXR_0466_1,Shenzhen,512,476,True,0.3276,True,False
CHNCXR_0467_1,Shenzhen,512,452,True,0.28434,True,False
CHNCXR_0468_1,Shenzhen,512,465,True,0.32432,True,False
CHNCXR_0469_1,Shenzhen,512,421,True,0.321148,True,False
CHNCXR_0470_1,Shenzhen,512,421,True,0.329869,True,False
CHNCXR_0471_1,Shenzhen,512,444,True,0.21432,True,False
CHNCXR_0472_1,Shenzhen,512,452,True,0.291949,True,False
CHNCXR_0473_1,Shenzhen,512,470,True,0.256512,True,False
CHNCXR_0474_1,Shenzhen,504,512,True,0.239986,True,False
CHNCXR_0475_1,Shenzhen,512,448,True,0.330174,True,False
CHNCXR_0476_1,Shenzhen,512,462,True,0.324354,True,False
CHNCXR_0477_1,Shenzhen,512,446,True,0.295548,True,False
CHNCXR_0478_1,Shenzhen,474,512,True,0.300715,True,False
CHNCXR_0479_1,Shenzhen,512,470,True,0.27421,True,False
CHNCXR_0480_1,Shenzhen,512,492,True,0.248428,True,False
CHNCXR_0481_1,Shenzhen,502,512,False,,,
CHNCXR_0482_1,Shenzhen,512,465,False,,,
CHNCXR_0483_1,Shenzhen,502,512,False,,,
CHNCXR_0484_1,Shenzhen,512,477,False,,,
CHNCXR_0485_1,Shenzhen,503,512,False,,,
CHNCXR_0486_1,Shenzhen,512,481,False,,,
CHNCXR_0487_1,Shenzhen,504,512,False,,,
CHNCXR_0488_1,Shenzhen,512,465,False,,,
CHNCXR_0489_1,Shenzhen,512,471,False,,,
CHNCXR_0490_1,Shenzhen,512,512,False,,,
CHNCXR_0491_1,Shenzhen,512,467,False,,,
CHNCXR_0492_1,Shenzhen,512,469,False,,,
CHNCXR_0493_1,Shenzhen,512,440,False,,,
CHNCXR_0494_1,Shenzhen,512,439,False,,,
CHNCXR_0495_1,Shenzhen,512,485,False,,,
CHNCXR_0496_1,Shenzhen,512,446,False,,,
CHNCXR_0497_1,Shenzhen,512,454,False,,,
CHNCXR_0498_1,Shenzhen,512,448,False,,,
CHNCXR_0499_1,Shenzhen,512,505,False,,,
CHNCXR_0500_1,Shenzhen,512,437,False,,,
CHNCXR_0501_1,Shenzhen,512,424,True,0.325172,True,False
CHNCXR_0502_1,Shenzhen,512,433,False,,,
CHNCXR_0503_1,Shenzhen,512,476,True,0.30559,True,False
CHNCXR_0504_1,Shenzhen,506,512,True,0.270739,True,False
CHNCXR_0505_1,Shenzhen,512,458,False,,,
CHNCXR_0506_1,Shenzhen,512,456,True,0.256425,True,False
CHNCXR_0507_1,Shenzhen,512,425,True,0.344141,True,False
CHNCXR_0508_1,Shenzhen,508,512,True,0.249189,True,False
CHNCXR_0509_1,Shenzhen,512,455,True,0.357113,True,False
CHNCXR_0510_1,Shenzhen,512,457,True,0.326539,True,False
CHNCXR_0511_1,Shenzhen,508,512,True,0.269654,True,False
CHNCXR_0512_1,Shenzhen,511,512,True,0.287541,True,False
CHNCXR_0513_1,Shenzhen,512,438,True,0.392293,True,False
CHNCXR_0514_1,Shenzhen,512,490,True,0.3023,True,False
CHNCXR_0515_1,Shenzhen,512,426,True,0.302973,True,False
CHNCXR_0516_1,Shenzhen,512,450,True,0.21513,True,False
CHNCXR_0517_1,Shenzhen,512,466,True,0.267549,True,False
CHNCXR_0518_1,Shenzhen,512,453,True,0.356732,True,False
CHNCXR_0519_1,Shenzhen,512,452,True,0.319902,True,False
CHNCXR_0520_1,Shenzhen,509,512,True,0.266673,True,False
CHNCXR_0521_1,Shenzhen,512,464,True,0.337125,True,False
CHNCXR_0522_1,Shenzhen,512,456,True,0.240753,True,False
CHNCXR_0523_1,Shenzhen,512,479,True,0.273433,True,False
CHNCXR_0524_1,Shenzhen,512,477,True,0.271226,True,False
CHNCXR_0525_1,Shenzhen,512,448,True,0.334294,True,False
CHNCXR_0526_1,Shenzhen,512,422,True,0.232829,True,False
CHNCXR_0527_1,Shenzhen,512,482,True,0.315446,True,False
CHNCXR_0528_1,Shenzhen,512,499,True,0.337538,True,False
CHNCXR_0529_1,Shenzhen,512,494,True,0.324887,True,False
CHNCXR_0530_1,Shenzhen,512,501,True,0.228488,True,False
CHNCXR_0531_1,Shenzhen,512,509,True,0.33926,True,False
CHNCXR_0532_1,Shenzhen,479,512,True,0.288251,True,False
CHNCXR_0533_1,Shenzhen,396,512,True,0.28268,True,False
CHNCXR_0534_1,Shenzhen,512,483,True,0.304526,True,False
CHNCXR_0535_1,Shenzhen,512,472,True,0.266391,True,False
CHNCXR_0536_1,Shenzhen,512,484,True,0.324005,True,False
CHNCXR_0537_1,Shenzhen,512,470,True,0.326297,True,False
CHNCXR_0538_1,Shenzhen,512,437,True,0.361498,True,False
CHNCXR_0539_1,Shenzhen,512,444,True,0.334345,True,False
CHNCXR_0540_1,Shenzhen,512,442,True,0.271498,True,False
CHNCXR_0541_1,Shenzhen,512,457,True,0.335198,True,False
CHNCXR_0542_1,Shenzhen,512,505,True,0.340671,True,False
CHNCXR_0543_1,Shenzhen,505,512,True,0.293967,True,False
CHNCXR_0544_1,Shenzhen,512,467,True,0.181988,True,False
CHNCXR_0545_1,Shenzhen,512,456,True,0.236405,True,False
CHNCXR_0546_1,Shenzhen,512,471,True,0.246919,True,False
CHNCXR_0547_1,Shenzhen,512,473,True,0.29225,True,False
CHNCXR_0548_1,Shenzhen,503,512,True,0.197572,True,False
CHNCXR_0549_1,Shenzhen,512,496,True,0.245287,True,False
CHNCXR_0550_1,Shenzhen,512,469,True,0.258112,True,False
CHNCXR_0551_1,Shenzhen,512,486,True,0.29319,True,False
CHNCXR_0552_1,Shenzhen,511,512,True,0.183666,True,False
CHNCXR_0553_1,Shenzhen,512,445,True,0.359116,True,False
CHNCXR_0554_1,Shenzhen,512,483,True,0.321586,True,False
CHNCXR_0555_1,Shenzhen,512,491,True,0.25932,True,False
CHNCXR_0556_1,Shenzhen,506,512,True,0.30434,True,False
CHNCXR_0557_1,Shenzhen,512,484,True,0.329602,True,False
CHNCXR_0558_1,Shenzhen,512,435,True,0.214067,True,False
CHNCXR_0559_1,Shenzhen,512,486,True,0.328149,True,False
CHNCXR_0560_1,Shenzhen,512,470,False,,,
CHNCXR_0561_1,Shenzhen,512,462,False,,,
CHNCXR_0562_1,Shenzhen,512,497,False,,,
CHNCXR_0563_1,Shenzhen,512,507,False,,,
CHNCXR_0564_1,Shenzhen,501,512,False,,,
CHNCXR_0565_1,Shenzhen,451,512,False,,,
CHNCXR_0566_1,Shenzhen,512,439,True,0.318061,True,False
CHNCXR_0567_1,Shenzhen,510,512,True,0.180653,True,False
CHNCXR_0568_1,Shenzhen,512,453,True,0.230171,True,False
CHNCXR_0569_1,Shenzhen,512,429,True,0.258573,True,False
CHNCXR_0570_1,Shenzhen,512,437,True,0.278676,True,False
CHNCXR_0571_1,Shenzhen,512,467,True,0.253856,True,False
CHNCXR_0572_1,Shenzhen,488,512,True,0.193047,True,False
CHNCXR_0573_1,Shenzhen,512,432,True,0.280477,True,False
CHNCXR_0574_1,Shenzhen,512,447,True,0.295595,True,False
CHNCXR_0575_1,Shenzhen,512,510,True,0.272269,True,False
CHNCXR_0576_1,Shenzhen,512,445,True,0.297604,True,False
CHNCXR_0577_1,Shenzhen,498,512,True,0.272641,True,False
CHNCXR_0578_1,Shenzhen,512,497,True,0.29199,True,False
CHNCXR_0579_1,Shenzhen,512,432,True,0.311582,True,False
CHNCXR_0580_1,Shenzhen,512,452,True,0.281604,True,False
CHNCXR_0581_1,Shenzhen,512,462,True,0.28429,True,False
CHNCXR_0582_1,Shenzhen,512,488,True,0.247198,True,False
CHNCXR_0583_1,Shenzhen,509,512,True,0.259708,True,False
CHNCXR_0584_1,Shenzhen,512,495,True,0.23224,True,False
CHNCXR_0585_1,Shenzhen,510,512,True,0.243057,True,False
CHNCXR_0586_1,Shenzhen,512,475,True,0.167965,True,False
CHNCXR_0587_1,Shenzhen,511,512,True,0.237746,True,False
CHNCXR_0588_1,Shenzhen,512,469,True,0.327988,True,False
CHNCXR_0589_1,Shenzhen,512,469,True,0.272326,True,False
CHNCXR_0590_1,Shenzhen,512,461,True,0.333467,True,False
CHNCXR_0591_1,Shenzhen,508,512,True,0.268885,True,False
CHNCXR_0592_1,Shenzhen,512,498,True,0.241595,True,False
CHNCXR_0593_1,Shenzhen,512,493,True,0.302861,True,False
CHNCXR_0594_1,Shenzhen,512,481,True,0.325039,True,False
CHNCXR_0595_1,Shenzhen,512,453,True,0.331212,True,False
CHNCXR_0596_1,Shenzhen,512,415,True,0.26371,True,False
CHNCXR_0597_1,Shenzhen,511,512,True,0.221632,True,False
CHNCXR_0598_1,Shenzhen,502,512,True,0.29768,True,False
CHNCXR_0599_1,Shenzhen,508,512,True,0.210711,True,False
CHNCXR_0600_1,Shenzhen,488,512,True,0.291288,True,False
CHNCXR_0601_1,Shenzhen,512,462,True,0.204985,True,False
CHNCXR_0602_1,Shenzhen,512,464,True,0.36893,True,False
CHNCXR_0603_1,Shenzhen,512,403,True,0.196214,True,False
CHNCXR_0604_1,Shenzhen,506,512,True,0.165772,True,False
CHNCXR_0605_1,Shenzhen,512,417,True,0.315165,True,False
CHNCXR_0606_1,Shenzhen,512,508,True,0.196335,True,False
CHNCXR_0607_1,Shenzhen,510,512,True,0.309601,True,False
CHNCXR_0608_1,Shenzhen,510,512,True,0.250333,True,False
CHNCXR_0609_1,Shenzhen,512,503,True,0.299628,True,False
CHNCXR_0610_1,Shenzhen,506,512,True,0.254948,True,False
CHNCXR_0611_1,Shenzhen,512,474,True,0.277822,True,False
CHNCXR_0612_1,Shenzhen,512,478,True,0.26332,True,False
CHNCXR_0613_1,Shenzhen,512,488,True,0.286505,True,False
CHNCXR_0614_1,Shenzhen,498,512,True,0.328125,True,False
CHNCXR_0615_1,Shenzhen,512,448,True,0.26457,True,False
CHNCXR_0616_1,Shenzhen,512,464,True,0.265848,True,False
CHNCXR_0617_1,Shenzhen,512,482,True,0.277384,True,False
CHNCXR_0618_1,Shenzhen,512,478,True,0.328431,True,False
CHNCXR_0619_1,Shenzhen,512,481,True,0.351424,True,False
CHNCXR_0620_1,Shenzhen,512,477,True,0.308045,True,False
CHNCXR_0621_1,Shenzhen,512,503,True,0.207684,True,False
CHNCXR_0622_1,Shenzhen,508,512,True,0.317548,True,False
CHNCXR_0623_1,Shenzhen,512,449,True,0.290263,True,False
CHNCXR_0624_1,Shenzhen,512,503,True,0.132968,True,False
CHNCXR_0625_1,Shenzhen,512,424,True,0.379238,True,False
CHNCXR_0626_1,Shenzhen,510,512,True,0.233536,True,False
CHNCXR_0627_1,Shenzhen,512,465,True,0.251684,True,False
CHNCXR_0628_1,Shenzhen,510,512,True,0.275973,True,False
CHNCXR_0629_1,Shenzhen,512,503,True,0.260146,True,False
CHNCXR_0630_1,Shenzhen,510,512,True,0.225651,True,False
CHNCXR_0631_1,Shenzhen,512,455,True,0.233409,True,False
CHNCXR_0632_1,Shenzhen,512,494,True,0.199899,True,False
CHNCXR_0633_1,Shenzhen,497,512,True,0.217595,True,False
CHNCXR_0634_1,Shenzhen,512,452,True,0.322231,True,False
CHNCXR_0635_1,Shenzhen,512,416,True,0.337341,True,False
CHNCXR_0636_1,Shenzhen,512,506,True,0.250266,True,False
CHNCXR_0637_1,Shenzhen,512,439,True,0.224885,True,False
CHNCXR_0638_1,Shenzhen,512,491,True,0.270927,True,False
CHNCXR_0639_1,Shenzhen,512,458,True,0.298666,True,False
CHNCXR_0640_1,Shenzhen,501,512,True,0.260768,True,False
CHNCXR_0641_1,Shenzhen,512,421,True,0.331368,True,False
CHNCXR_0642_1,Shenzhen,512,421,True,0.345652,True,False
CHNCXR_0643_1,Shenzhen,512,432,True,0.354628,True,False
CHNCXR_0644_1,Shenzhen,500,512,True,0.29109,True,False
CHNCXR_0645_1,Shenzhen,512,453,True,0.288166,True,False
CHNCXR_0646_1,Shenzhen,500,512,True,0.184785,True,False
CHNCXR_0647_1,Shenzhen,501,512,True,0.213768,True,False
CHNCXR_0648_1,Shenzhen,512,453,True,0.271497,True,False
CHNCXR_0649_1,Shenzhen,506,512,True,0.236112,True,False
CHNCXR_0650_1,Shenzhen,512,459,True,0.270404,True,False
CHNCXR_0651_1,Shenzhen,512,478,True,0.316014,True,False
CHNCXR_0652_1,Shenzhen,512,504,True,0.203516,True,False
CHNCXR_0653_1,Shenzhen,512,469,True,0.293498,True,False
CHNCXR_0654_1,Shenzhen,512,461,True,0.406386,True,False
CHNCXR_0655_1,Shenzhen,512,477,True,0.31768,True,False
CHNCXR_0656_1,Shenzhen,510,512,True,0.172863,True,False
CHNCXR_0657_1,Shenzhen,512,471,True,0.317327,True,False
CHNCXR_0658_1,Shenzhen,512,452,True,0.282602,True,False
CHNCXR_0659_1,Shenzhen,510,512,True,0.237404,True,False
CHNCXR_0660_1,Shenzhen,501,512,True,0.211222,True,False
CHNCXR_0661_1,Shenzhen,512,490,True,0.347716,True,False
CHNCXR_0662_1,Shenzhen,512,449,True,0.377727,True,False
MCUCXR_0001_0,Montgomery,421,512,True,0.241779,True,False
MCUCXR_0002_0,Montgomery,421,512,True,0.203668,True,False
MCUCXR_0003_0,Montgomery,512,421,True,0.254134,True,False
MCUCXR_0004_0,Montgomery,512,421,True,0.176918,True,False
MCUCXR_0005_0,Montgomery,512,421,True,0.30839,True,False
MCUCXR_0006_0,Montgomery,421,512,True,0.213127,True,False
MCUCXR_0008_0,Montgomery,512,421,True,0.275618,True,False
MCUCXR_0011_0,Montgomery,512,421,True,0.261835,True,False
MCUCXR_0013_0,Montgomery,421,512,True,0.219854,True,False
MCUCXR_0015_0,Montgomery,421,512,True,0.298104,True,False
MCUCXR_0016_0,Montgomery,421,512,True,0.233661,True,False
MCUCXR_0017_0,Montgomery,421,512,True,0.155642,True,False
MCUCXR_0019_0,Montgomery,512,421,True,0.287982,True,False
MCUCXR_0020_0,Montgomery,421,512,True,0.273396,True,False
MCUCXR_0021_0,Montgomery,512,421,True,0.238963,True,False
MCUCXR_0022_0,Montgomery,421,512,True,0.397691,True,False
MCUCXR_0023_0,Montgomery,421,512,True,0.386895,True,False
MCUCXR_0024_0,Montgomery,512,421,True,0.179808,True,False
MCUCXR_0026_0,Montgomery,512,421,True,0.176375,True,False
MCUCXR_0027_0,Montgomery,512,421,True,0.220522,True,False
MCUCXR_0028_0,Montgomery,512,421,True,0.184016,True,False
MCUCXR_0029_0,Montgomery,512,421,True,0.24646,True,False
MCUCXR_0030_0,Montgomery,421,512,True,0.355339,True,False
MCUCXR_0031_0,Montgomery,421,512,True,0.35552,True,False
MCUCXR_0035_0,Montgomery,512,421,True,0.269012,True,False
MCUCXR_0038_0,Montgomery,512,421,True,0.274458,True,False
MCUCXR_0040_0,Montgomery,512,421,True,0.277242,True,False
MCUCXR_0041_0,Montgomery,421,512,True,0.173503,True,False
MCUCXR_0042_0,Montgomery,421,512,True,0.146322,True,False
MCUCXR_0043_0,Montgomery,421,512,True,0.199887,True,False
MCUCXR_0044_0,Montgomery,512,421,True,0.26968,True,False
MCUCXR_0045_0,Montgomery,421,512,True,0.271698,True,False
MCUCXR_0046_0,Montgomery,512,421,True,0.277163,True,False
MCUCXR_0047_0,Montgomery,512,421,True,0.253475,True,False
MCUCXR_0048_0,Montgomery,512,421,True,0.195145,True,False
MCUCXR_0049_0,Montgomery,512,421,True,0.232928,True,False
MCUCXR_0051_0,Montgomery,512,421,True,0.343847,True,False
MCUCXR_0052_0,Montgomery,512,421,True,0.145724,True,False
MCUCXR_0053_0,Montgomery,512,421,True,0.165032,True,False
MCUCXR_0054_0,Montgomery,512,421,True,0.23811,True,False
MCUCXR_0055_0,Montgomery,512,421,True,0.254073,True,False
MCUCXR_0056_0,Montgomery,512,421,True,0.220313,True,False
MCUCXR_0057_0,Montgomery,512,421,True,0.242113,True,False
MCUCXR_0058_0,Montgomery,512,421,True,0.203543,True,False
MCUCXR_0059_0,Montgomery,512,421,True,0.273113,True,False
MCUCXR_0060_0,Montgomery,421,512,True,0.098784,True,False
MCUCXR_0061_0,Montgomery,421,512,True,0.122602,True,False
MCUCXR_0062_0,Montgomery,512,421,True,0.201696,True,False
MCUCXR_0063_0,Montgomery,512,421,True,0.258597,True,False
MCUCXR_0064_0,Montgomery,512,421,True,0.227291,True,False
MCUCXR_0068_0,Montgomery,512,421,True,0.225296,True,False
MCUCXR_0069_0,Montgomery,512,421,True,0.289364,True,False
MCUCXR_0070_0,Montgomery,512,421,True,0.182374,True,False
MCUCXR_0071_0,Montgomery,512,421,True,0.26067,True,False
MCUCXR_0072_0,Montgomery,512,421,True,0.256435,True,False
MCUCXR_0074_0,Montgomery,512,421,True,0.18158,True,False
MCUCXR_0075_0,Montgomery,512,421,True,0.233503,True,False
MCUCXR_0077_0,Montgomery,421,512,True,0.134529,True,False
MCUCXR_0079_0,Montgomery,421,512,True,0.348617,True,False
MCUCXR_0080_0,Montgomery,421,512,True,0.11149,True,False
MCUCXR_0081_0,Montgomery,512,421,True,0.261519,True,False
MCUCXR_0082_0,Montgomery,512,421,True,0.252918,True,False
MCUCXR_0083_0,Montgomery,421,512,True,0.326608,True,False
MCUCXR_0084_0,Montgomery,421,512,True,0.199891,True,False
MCUCXR_0085_0,Montgomery,512,421,True,0.238323,True,False
MCUCXR_0086_0,Montgomery,512,421,True,0.183264,True,False
MCUCXR_0087_0,Montgomery,512,421,True,0.262025,True,False
MCUCXR_0089_0,Montgomery,421,512,True,0.371224,True,False
MCUCXR_0090_0,Montgomery,421,512,True,0.38619,True,False
MCUCXR_0091_0,Montgomery,512,421,True,0.275001,True,False
MCUCXR_0092_0,Montgomery,421,512,True,0.244554,True,False
MCUCXR_0094_0,Montgomery,512,421,True,0.229031,True,False
MCUCXR_0095_0,Montgomery,421,512,True,0.335005,True,False
MCUCXR_0096_0,Montgomery,512,421,True,0.271791,True,False
MCUCXR_0097_0,Montgomery,512,421,True,0.246265,True,False
MCUCXR_0099_0,Montgomery,512,421,True,0.334764,True,False
MCUCXR_0100_0,Montgomery,512,421,True,0.263732,True,False
MCUCXR_0101_0,Montgomery,512,421,True,0.231763,True,False
MCUCXR_0102_0,Montgomery,421,512,True,0.343244,True,False
MCUCXR_0103_0,Montgomery,421,512,True,0.291238,True,False
MCUCXR_0104_1,Montgomery,512,421,True,0.343973,True,False
MCUCXR_0108_1,Montgomery,512,421,True,0.280485,True,False
MCUCXR_0113_1,Montgomery,512,421,True,0.181186,True,False
MCUCXR_0117_1,Montgomery,512,421,True,0.175262,True,False
MCUCXR_0126_1,Montgomery,512,421,True,0.2511,True,False
MCUCXR_0140_1,Montgomery,421,512,True,0.26131,True,False
MCUCXR_0141_1,Montgomery,512,421,True,0.357487,True,False
MCUCXR_0142_1,Montgomery,512,421,True,0.245866,True,False
MCUCXR_0144_1,Montgomery,512,421,True,0.274769,True,False
MCUCXR_0150_1,Montgomery,512,421,True,0.299742,True,False
MCUCXR_0162_1,Montgomery,512,421,True,0.372806,True,False
MCUCXR_0166_1,Montgomery,512,421,True,0.347856,True,False
MCUCXR_0170_1,Montgomery,512,421,True,0.361078,True,False
MCUCXR_0173_1,Montgomery,421,512,True,0.332699,True,False
MCUCXR_0182_1,Montgomery,421,512,True,0.26884,True,False
MCUCXR_0188_1,Montgomery,512,421,True,0.342214,True,False
MCUCXR_0194_1,Montgomery,512,421,True,0.238601,True,False
MCUCXR_0195_1,Montgomery,512,421,True,0.236964,True,False
MCUCXR_0196_1,Montgomery,512,421,True,0.242169,True,False
MCUCXR_0203_1,Montgomery,512,421,True,0.261747,True,False
MCUCXR_0213_1,Montgomery,512,421,True,0.254045,True,False
MCUCXR_0218_1,Montgomery,512,421,True,0.303528,True,False
MCUCXR_0223_1,Montgomery,421,512,True,0.265848,True,False
MCUCXR_0228_1,Montgomery,512,421,True,0.273289,True,False
MCUCXR_0243_1,Montgomery,421,512,True,0.324562,True,False
MCUCXR_0251_1,Montgomery,421,512,True,0.2275,True,False
MCUCXR_0253_1,Montgomery,512,421,True,0.264182,True,False
MCUCXR_0254_1,Montgomery,512,421,True,0.327318,True,False
MCUCXR_0255_1,Montgomery,421,512,True,0.334935,True,False
MCUCXR_0258_1,Montgomery,512,421,True,0.17149,True,False
MCUCXR_0264_1,Montgomery,512,421,True,0.259381,True,False
MCUCXR_0266_1,Montgomery,512,421,True,0.2646,True,False
MCUCXR_0275_1,Montgomery,512,421,True,0.275734,True,False
MCUCXR_0282_1,Montgomery,512,421,True,0.301472,True,False
MCUCXR_0289_1,Montgomery,512,421,True,0.239566,True,False
MCUCXR_0294_1,Montgomery,512,421,True,0.222104,True,False
MCUCXR_0301_1,Montgomery,421,512,True,0.300174,True,False
MCUCXR_0309_1,Montgomery,512,421,True,0.165477,True,False
MCUCXR_0311_1,Montgomery,512,421,True,0.155888,True,False
MCUCXR_0313_1,Montgomery,512,421,True,0.261199,True,False
MCUCXR_0316_1,Montgomery,512,421,True,0.266924,True,False
MCUCXR_0331_1,Montgomery,421,512,True,0.295687,True,False
MCUCXR_0334_1,Montgomery,512,421,True,0.231717,True,False
MCUCXR_0338_1,Montgomery,512,421,True,0.384255,True,False
MCUCXR_0348_1,Montgomery,421,512,True,0.166558,True,False
MCUCXR_0350_1,Montgomery,421,512,True,0.286822,True,False
MCUCXR_0352_1,Montgomery,512,421,True,0.245825,True,False
MCUCXR_0354_1,Montgomery,421,512,True,0.357371,True,False
MCUCXR_0362_1,Montgomery,512,421,True,0.234361,True,False
MCUCXR_0367_1,Montgomery,512,421,True,0.198565,True,False
MCUCXR_0369_1,Montgomery,512,421,True,0.216022,True,False
MCUCXR_0372_1,Montgomery,512,421,True,0.218694,True,False
MCUCXR_0375_1,Montgomery,512,421,True,0.261997,True,False
MCUCXR_0383_1,Montgomery,512,421,True,0.230548,True,False
MCUCXR_0387_1,Montgomery,512,421,True,0.310454,True,False
MCUCXR_0390_1,Montgomery,512,421,True,0.263936,True,False
MCUCXR_0393_1,Montgomery,512,421,True,0.256838,True,False
MCUCXR_0399_1,Montgomery,512,421,True,0.206113,True,False
