source,variant,quality,n_samples,auc,auc_ci_lower,auc_ci_upper,recall,recall_ci_lower,recall_ci_upper,specificity,specificity_ci_lower,specificity_ci_upper,flip_rate,flip_rate_ci_lower,flip_rate_ci_upper,mean_abs_prob_diff,mean_abs_prob_diff_ci_lower,mean_abs_prob_diff_ci_upper,delta_auc,delta_auc_ci_lower,delta_auc_ci_upper,delta_recall,delta_recall_ci_lower,delta_recall_ci_upper
Overall,all_lossy,10,800,0.766106749018529,0.7345308815533399,0.798482188040499,0.868020304568528,0.8361383997528576,0.9010516826923076,0.4630541871921182,0.4129778716429202,0.5085628190280101,0.32,0.2875,0.3525,0.30206619285047054,0.2806488422639668,0.3234166677966714,-0.17521129754194698,-0.2025999969886862,-0.14791946092626077,0.06852791878172593,0.02849191496730023,0.11031745297849122
Overall,all_lossy,30,800,0.8559707184116427,0.8303328468056393,0.8802894755713909,0.8781725888324873,0.8486203352308666,0.9079134178037687,0.603448275862069,0.5560797099693493,0.6501306078447633,0.23375,0.205,0.26375,0.2168168782442808,0.19786852615699174,0.23649485906772316,-0.08534732814883328,-0.10285330414034952,-0.06717390089156802,0.07868020304568524,0.04218101245608438,0.11260704509791511
Overall,all_lossy,50,800,0.9253988397389413,0.9070925910118802,0.9418030581348471,0.8248730964467005,0.7872139955094622,0.8621604925234434,0.8719211822660099,0.8354724661857249,0.901968155683326,0.06625,0.04875,0.08375,0.06549801990389822,0.05756376592814921,0.07433895253762603,-0.015919206821534693,-0.02280152037916077,-0.008930672287871198,0.025380710659898442,0.0,0.04948288228908185
Overall,all_lossy,70,800,0.9397114350728913,0.9229550377600321,0.9530391914004004,0.8020304568527918,0.7634941062135557,0.8418367346938775,0.9211822660098522,0.8921534106600387,0.9463913948646774,0.02,0.01125,0.03,0.017036048993468274,0.014751445276662698,0.019508554136380543,-0.0016066114875846749,-0.0040468112409758755,0.0010749502771571866,0.0025380710659898,-0.012659031035147423,0.01724244359301823
Overall,background_lossy,10,800,0.9246142882148483,0.9056253337471722,0.9412591981294272,0.7690355329949239,0.7270408163265306,0.8097686375321337,0.9064039408866995,0.8756212954366922,0.9331767048188195,0.06375,0.0475,0.0825,0.07048525631427764,0.062058873452246185,0.07930343511886895,-0.01670375834562776,-0.025817283052529585,-0.008377178634881249,-0.030456852791878153,-0.05851128697457182,-0.002601251554726336
Overall,background_lossy,30,800,0.9305593758595685,0.9126339303795777,0.9462493286444922,0.7588832487309645,0.7178166521315343,0.8,0.9261083743842364,0.8995094960094591,0.9492784180199058,0.04625,0.0325,0.06125,0.05310538232326507,0.046114233415573816,0.060082532323896876,-0.010758670700907524,-0.01802014053748431,-0.004288868456770369,-0.040609137055837574,-0.06818330947267949,-0.01740864642305711
Overall,background_lossy,50,800,0.9385736790777924,0.9212472078933845,0.9527004383587092,0.7791878172588832,0.7410233160621762,0.8193752394330226,0.9359605911330049,0.9102229650460139,0.9578163771712159,0.03125,0.02,0.045,0.031301516070961946,0.027332930482923977,0.0359486571252346,-0.002744367482683585,-0.006970212362396986,0.0018658280356441319,-0.020304568527918843,-0.03971723409441774,-0.002537591581531601
Overall,background_lossy,70,800,0.9409679677927534,0.924084785112095,0.9543135069586488,0.7969543147208121,0.7574196029263501,0.8359079283887468,0.9310344827586207,0.9043037047802173,0.9542013794706863,0.01,0.00375,0.0175,0.012140528783202162,0.010587158491834989,0.013879342963919034,-0.00035007876772263913,-0.002206783178317931,0.0017698388881594634,-0.002538071065989911,-0.011801777762475348,0.005263505068740467
Overall,lungs_lossy,10,800,0.8405016128628942,0.8127928775676938,0.8667442627786796,0.8908629441624365,0.8604522598708645,0.920921723952739,0.6133004926108374,0.5671603323588245,0.658879410273129,0.235,0.205,0.2625,0.23388467267155647,0.21365807071514428,0.25368299849145115,-0.10081643369758186,-0.1203946868353598,-0.08016941620736177,0.09137055837563446,0.054256591140072925,0.1283985527944397
Overall,lungs_lossy,30,800,0.8639162561576355,0.8380253232543956,0.8871937052826414,0.9314720812182741,0.90625,0.9544393011042284,0.5566502463054187,0.505041064854149,0.6044226044226044,0.25875,0.22875,0.28753124999999996,0.2381053429096937,0.2170160768982023,0.25915314609743656,-0.07740179040284056,-0.0932579390416284,-0.06120514771278122,0.13197969543147203,0.09768637532133673,0.16748780135972507
Overall,lungs_lossy,50,800,0.9286276912305269,0.9108079958504848,0.9443124099697622,0.8578680203045685,0.8232170678507439,0.8925279255319148,0.854679802955665,0.8181764453041049,0.8880478164838997,0.06625,0.04875,0.0825,0.06609706170856952,0.05795115416869521,0.07427952050603927,-0.01269035532994911,-0.018525289634146354,-0.0064213683526215684,0.058375634517766506,0.0365727935629871,0.08180062242067522
Overall,lungs_lossy,70,800,0.9401396564226951,0.9236136577156754,0.9536545694971759,0.8071065989847716,0.7703611111111112,0.8469387755102041,0.916256157635468,0.8880592267669287,0.9404720692368214,0.0175,0.01,0.0275,0.012367846891283982,0.010701019672676912,0.014361851314082734,-0.0011783901377808714,-0.0028043308553046737,0.00046038463539602924,0.0076142131979695105,-0.007389162561576401,0.022342375366568894
Montgomery,all_lossy,10,138,0.7863146551724138,0.7095040567613848,0.8584724587798358,0.9482758620689655,0.8852459016393442,1.0,0.425,0.32051282051282054,0.5316661186914351,0.42028985507246375,0.34057971014492755,0.5,0.3589499139267465,0.3059943826950115,0.41459562104681263,-0.16357758620689655,-0.23450087181337184,-0.09920874323086407,0.24137931034482762,0.12068965517241381,0.36548076923076916
Montgomery,all_lossy,30,138,0.896551724137931,0.8410250268743454,0.9392922489900741,0.9310344827586207,0.8620172413793104,0.9838773681515617,0.6125,0.5116279069767442,0.7123287671232876,0.2898550724637681,0.2246376811594203,0.3695652173913043,0.2236005849596383,0.18282046211154565,0.2724185047266276,-0.05334051724137934,-0.09157343435737281,-0.016253539131169868,0.22413793103448276,0.11764705882352944,0.3437628073770492
Montgomery,all_lossy,50,138,0.9400862068965518,0.9019359778408759,0.9703307293417132,0.7586206896551724,0.6461538461538462,0.860051724137931,0.925,0.8620450191570881,0.975,0.036231884057971016,0.007246376811594203,0.07246376811594203,0.052737732296404626,0.03820469987349233,0.06951685706558434,-0.00980603448275863,-0.02604620488814733,0.0026641086938388376,0.051724137931034475,0.0,0.11864406779661019
Montgomery,all_lossy,70,138,0.9525862068965517,0.9176341730558598,0.9796407299111978,0.7586206896551724,0.6440677966101694,0.8627450980392157,0.95,0.9012037037037037,0.9886426767676768,0.021739130434782608,0.0,0.050724637681159424,0.01543937342754308,0.010867813488711471,0.021128382134264788,0.0026939655172413257,-0.003208855098389754,0.009262572053269766,0.051724137931034475,0.0,0.11869520748100523
Montgomery,background_lossy,10,138,0.9534482758620689,0.9148635477582846,0.982012477628916,0.6896551724137931,0.5660377358490566,0.8064516129032258,0.9875,0.9615259740259741,1.0,0.043478260869565216,0.014492753623188406,0.07971014492753623,0.04866712205651876,0.03639768001393994,0.06290225335869236,0.003556034482758541,-0.011252474377648713,0.016976188739029903,-0.01724137931034475,-0.07692307692307687,0.037735849056603765
Montgomery,background_lossy,30,138,0.9508620689655173,0.9147024351000959,0.9787612875520585,0.7068965517241379,0.5892857142857143,0.8196803278688525,0.975,0.9367088607594937,1.0,0.028985507246376812,0.007246376811594203,0.057971014492753624,0.035344045663225465,0.02653028280406757,0.045255310833454125,0.000969827586206895,-0.00998158003569718,0.011820346320346337,0.0,-0.050000000000000044,0.0461538461538461
Montgomery,background_lossy,50,138,0.9532327586206897,0.9168645844331821,0.9793984080260435,0.7068965517241379,0.5845522388059702,0.8225806451612904,1.0,1.0,1.0,0.028985507246376812,0.007246376811594203,0.057971014492753624,0.027691219163977574,0.01955613626734069,0.03614387479813201,0.0033405172413792927,-0.006143950896578393,0.013362541073384415,0.0,0.0,0.0
Montgomery,background_lossy,70,138,0.9521551724137931,0.9179423868312757,0.9789227783220597,0.7068965517241379,0.5845522388059702,0.8225806451612904,0.9625,0.9166158536585366,1.0,0.007246376811594203,0.0,0.021739130434782608,0.012803684110226827,0.009318643246871825,0.016908131798972246,0.002262931034482718,-0.0021457050988022974,0.006822902162814417,0.0,0.0,0.0
Montgomery,lungs_lossy,10,138,0.8311422413793104,0.7662301268566328,0.8908388429096905,0.9827586206896551,0.94,1.0,0.45,0.3440455148033584,0.5568587662337662,0.4057971014492754,0.32608695652173914,0.48568840579710126,0.34965247390926746,0.29346663878447765,0.4061405768105085,-0.11875000000000002,-0.17853224693536765,-0.06393107336600497,0.27586206896551724,0.1636363636363637,0.4000746268656716
Montgomery,lungs_lossy,30,138,0.8876077586206896,0.8305465051006163,0.9341242609797298,0.9482758620689655,0.8787480063795853,1.0,0.5875,0.4805194805194805,0.684931506849315,0.3115942028985507,0.2391304347826087,0.391304347826087,0.26793318598166754,0.21773143176367318,0.32203385210123614,-0.06228448275862075,-0.10333413788442035,-0.02338572124756336,0.24137931034482762,0.13205227343025053,0.360655737704918
Montgomery,lungs_lossy,50,138,0.9364224137931034,0.8961206896551724,0.9687541161749209,0.8103448275862069,0.7096627565982405,0.9090909090909091,0.8625,0.7887015845070422,0.9397769650028687,0.09420289855072464,0.050724637681159424,0.14492753623188406,0.07236597201098567,0.05494747695283612,0.09271321158478225,-0.013469827586206962,-0.028953804347826094,0.0002191628763265041,0.10344827586206895,0.03223286290322578,0.18972148541114056
Montgomery,lungs_lossy,70,138,0.9525862068965517,0.9184002070655849,0.9791375851803615,0.7586206896551724,0.6440677966101694,0.8627450980392157,0.95,0.9012037037037037,0.9886426767676768,0.021739130434782608,0.0,0.050724637681159424,0.014684860689052627,0.010899196770312123,0.019449474802915596,0.0026939655172413257,-0.00278941662844297,0.009829308288610691,0.051724137931034475,0.0,0.11869520748100523
Shenzhen,all_lossy,10,662,0.7631646216768916,0.7275750471817065,0.7974902651023577,0.8541666666666666,0.8150235495611218,0.8926575090870627,0.4723926380368098,0.41985887096774194,0.527074864498645,0.2990936555891239,0.2643126888217523,0.3323262839879154,0.29020825703698705,0.265537401315759,0.3136854404521673,-0.17609735612036237,-0.20667586233537077,-0.14811796767510052,0.038690476190476164,-0.002899833269206162,0.08232969848870263
Shenzhen,all_lossy,30,662,0.8491044040315513,0.8211612086678665,0.8755674614040578,0.8690476190476191,0.8314030910609858,0.9027478184135699,0.6012269938650306,0.5475312621130154,0.6504595891163438,0.22205438066465258,0.1903323262839879,0.25226586102719034,0.21540275207098877,0.19493940224775375,0.2357350950447274,-0.09015757376570266,-0.11017562999699516,-0.07113368381475041,0.0535714285714286,0.016604347171948766,0.09063210227272733
Shenzhen,all_lossy,50,662,0.9222401767455448,0.9014571246315666,0.9410497543003069,0.8363095238095238,0.7969140401146132,0.87466251298027,0.8588957055214724,0.8172942546583851,0.8972887016343318,0.07250755287009064,0.052870090634441085,0.09214501510574018,0.0681580194353697,0.05859273968326361,0.07833602291804787,-0.01702180105170914,-0.025744991975629967,-0.009206686315474067,0.02083333333333337,-0.00855263157894734,0.048721160375639734
Shenzhen,all_lossy,70,662,0.9375502118025124,0.9193671931483576,0.9549181002484807,0.8095238095238095,0.767573599890456,0.8488398440244502,0.9141104294478528,0.879722861526659,0.9423733116905663,0.019637462235649546,0.010574018126888218,0.03172205438066465,0.0173688907277548,0.014612718703073306,0.020235118188886833,-0.0017117659947415431,-0.0046711519032261424,0.0011779555090809105,-0.005952380952380931,-0.02040965509010624,0.008454336333185344
Shenzhen,background_lossy,10,662,0.9192776803973123,0.8968062615967292,0.9386863528959226,0.7827380952380952,0.7374631268436578,0.8231926364351619,0.8865030674846626,0.8490468058899278,0.9194860642072414,0.06797583081570997,0.04984894259818731,0.08761329305135952,0.07503344744353856,0.06584845949470818,0.08631665274005641,-0.019984297399941675,-0.03091260240550069,-0.010086117646782808,-0.03273809523809523,-0.06489972328008989,0.0
Shenzhen,background_lossy,30,662,0.9266542506573182,0.9064546966626857,0.9449387797325468,0.7678571428571429,0.725264158918005,0.8105176672893281,0.9141104294478528,0.8796517271310305,0.9422622862269747,0.04984894259818731,0.03323262839879154,0.06646525679758308,0.0568078966119138,0.048745702582993884,0.06523679145288251,-0.012607727139935743,-0.020711592175663117,-0.004951081114822967,-0.04761904761904756,-0.07625710886042736,-0.020225433526011638
Shenzhen,background_lossy,50,662,0.9354230572597136,0.9157833850281102,0.9534667556041795,0.7916666666666666,0.7477717074794087,0.8338309037900875,0.9202453987730062,0.8881176338534067,0.9488094784200092,0.03172205438066465,0.019637462235649546,0.04682779456193353,0.032054115728309136,0.02713132145676727,0.037519089708785626,-0.0038389205375403135,-0.008739551340370527,0.001260028849086142,-0.023809523809523836,-0.0455957446808511,-0.0029940119760478723
Shenzhen,background_lossy,70,662,0.9387826833187262,0.9209170428575124,0.9557890269611358,0.8125,0.7663530664159708,0.851634850941964,0.9233128834355828,0.8915614534816583,0.9516283131292378,0.010574018126888218,0.0030211480362537764,0.019637462235649546,0.01200228794463811,0.01019256005789577,0.013878649493448676,-0.00047929447852779195,-0.002815043003932752,0.0019671129743478472,-0.0029761904761904656,-0.014205557174307243,0.006134969325153339
Shenzhen,lungs_lossy,10,662,0.8443708004674263,0.8148255055420655,0.872970608291342,0.875,0.8385961622887247,0.9096385542168675,0.6533742331288344,0.6032063233698334,0.7053656193490054,0.19939577039274925,0.17069486404833836,0.229607250755287,0.20975180776097624,0.18841789718886157,0.23058956702805358,-0.09489117732982766,-0.11711660681059362,-0.07461667732804358,0.059523809523809534,0.020704003598740438,0.09942203639940968
Shenzhen,lungs_lossy,30,662,0.8584164110429449,0.8321347033582288,0.8860293671814152,0.9285714285714286,0.8994248622730056,0.9548026853175413,0.549079754601227,0.49396624961383995,0.6032854787079251,0.24773413897280966,0.21299093655589124,0.2824773413897281,0.23188745417263573,0.20919458616941358,0.25513375979535885,-0.0808455667543091,-0.09802442080188338,-0.06259277606267165,0.11309523809523814,0.0779733516279147,0.15161458066936048
Shenzhen,lungs_lossy,50,662,0.9266086035641251,0.9071026368876773,0.9446022580487103,0.8660714285714286,0.8283978291647004,0.9005690375136911,0.852760736196319,0.8132487895507263,0.8895776651551525,0.06042296072507553,0.04380664652567976,0.07854984894259819,0.06479024959114742,0.055569861178761885,0.07438198263641571,-0.012653374233128845,-0.019542748662940503,-0.006169682648709502,0.05059523809523814,0.02662330316742084,0.07919645490985444
Shenzhen,lungs_lossy,70,662,0.9381527534326614,0.9207257805957467,0.9548818269174816,0.8154761904761905,0.7718638392857142,0.854435899322932,0.9079754601226994,0.8729989868287741,0.9380537822954054,0.01661631419939577,0.0075528700906344415,0.027190332326283987,0.011884844015011966,0.009968395792285473,0.01414620125851962,-0.001109224364592598,-0.0030041245330050897,0.0007305093403093514,0.0,-0.014620954879868264,0.014256535947712395
