stem,source,label,method,quality,fill,total_bytes,header_bytes,mask_bytes,roi_bytes,background_bytes
MCUCXR_0080_0,Montgomery,0,dct,30,none,21649,22,941,12720,7966
MCUCXR_0080_0,Montgomery,0,dct,30,mean,21118,22,941,12720,7435
MCUCXR_0080_0,Montgomery,0,dct,30,inpaint,20829,22,941,12720,7146
MCUCXR_0080_0,Montgomery,0,dwt,30,none,18229,22,941,12720,4546
MCUCXR_0080_0,Montgomery,0,dwt,30,mean,18443,22,941,12720,4760
MCUCXR_0080_0,Montgomery,0,dwt,30,inpaint,18036,22,941,12720,4353
MCUCXR_0048_0,Montgomery,0,dct,30,none,28288,22,1187,20386,6693
MCUCXR_0048_0,Montgomery,0,dct,30,mean,27142,22,1187,20386,5547
MCUCXR_0048_0,Montgomery,0,dct,30,inpaint,26946,22,1187,20386,5351
MCUCXR_0048_0,Montgomery,0,dwt,30,none,24632,22,1187,20386,3037
MCUCXR_0048_0,Montgomery,0,dwt,30,mean,24941,22,1187,20386,3346
MCUCXR_0048_0,Montgomery,0,dwt,30,inpaint,24337,22,1187,20386,2742
MCUCXR_0069_0,Montgomery,0,dct,30,none,39580,22,1647,29764,8147
MCUCXR_0069_0,Montgomery,0,dct,30,mean,37713,22,1647,29764,6280
MCUCXR_0069_0,Montgomery,0,dct,30,inpaint,38009,22,1647,29764,6576
MCUCXR_0069_0,Montgomery,0,dwt,30,none,35130,22,1647,29764,3697
MCUCXR_0069_0,Montgomery,0,dwt,30,mean,34874,22,1647,29764,3441
MCUCXR_0069_0,Montgomery,0,dwt,30,inpaint,34852,22,1647,29764,3419
MCUCXR_0008_0,Montgomery,0,dct,30,none,39611,22,1556,29314,8719
MCUCXR_0008_0,Montgomery,0,dct,30,mean,37758,22,1556,29314,6866
MCUCXR_0008_0,Montgomery,0,dct,30,inpaint,37822,22,1556,29314,6930
MCUCXR_0008_0,Montgomery,0,dwt,30,none,34940,22,1556,29314,4048
MCUCXR_0008_0,Montgomery,0,dwt,30,mean,34906,22,1556,29314,4014
MCUCXR_0008_0,Montgomery,0,dwt,30,inpaint,34522,22,1556,29314,3630
MCUCXR_0103_0,Montgomery,0,dct,30,none,40221,22,1641,30327,8231
MCUCXR_0103_0,Montgomery,0,dct,30,mean,38354,22,1641,30327,6364
MCUCXR_0103_0,Montgomery,0,dct,30,inpaint,38619,22,1641,30327,6629
MCUCXR_0103_0,Montgomery,0,dwt,30,none,35247,22,1641,30327,3257
MCUCXR_0103_0,Montgomery,0,dwt,30,mean,35243,22,1641,30327,3253
MCUCXR_0103_0,Montgomery,0,dwt,30,inpaint,34911,22,1641,30327,2921
MCUCXR_0140_1,Montgomery,1,dct,30,none,38656,22,1493,28402,8739
MCUCXR_0140_1,Montgomery,1,dct,30,mean,36807,22,1493,28402,6890
MCUCXR_0140_1,Montgomery,1,dct,30,inpaint,37029,22,1493,28402,7112
MCUCXR_0140_1,Montgomery,1,dwt,30,none,33458,22,1493,28402,3541
MCUCXR_0140_1,Montgomery,1,dwt,30,mean,33092,22,1493,28402,3175
MCUCXR_0140_1,Montgomery,1,dwt,30,inpaint,33065,22,1493,28402,3148
MCUCXR_0264_1,Montgomery,1,dct,30,none,37169,22,1514,27616,8017
MCUCXR_0264_1,Montgomery,1,dct,30,mean,35500,22,1514,27616,6348
MCUCXR_0264_1,Montgomery,1,dct,30,inpaint,35566,22,1514,27616,6414
MCUCXR_0264_1,Montgomery,1,dwt,30,none,32735,22,1514,27616,3583
MCUCXR_0264_1,Montgomery,1,dwt,30,mean,32743,22,1514,27616,3591
MCUCXR_0264_1,Montgomery,1,dwt,30,inpaint,32325,22,1514,27616,3173
MCUCXR_0393_1,Montgomery,1,dct,30,none,37293,22,1415,27701,8155
MCUCXR_0393_1,Montgomery,1,dct,30,mean,35639,22,1415,27701,6501
MCUCXR_0393_1,Montgomery,1,dct,30,inpaint,35448,22,1415,27701,6310
MCUCXR_0393_1,Montgomery,1,dwt,30,none,32747,22,1415,27701,3609
MCUCXR_0393_1,Montgomery,1,dwt,30,mean,33185,22,1415,27701,4047
MCUCXR_0393_1,Montgomery,1,dwt,30,inpaint,32319,22,1415,27701,3181
CHNCXR_0143_0,Shenzhen,0,dct,30,none,37299,22,1393,25736,10148
CHNCXR_0143_0,Shenzhen,0,dct,30,mean,35296,22,1393,25736,8145
CHNCXR_0143_0,Shenzhen,0,dct,30,inpaint,35469,22,1393,25736,8318
CHNCXR_0143_0,Shenzhen,0,dwt,30,none,31856,22,1393,25736,4705
CHNCXR_0143_0,Shenzhen,0,dwt,30,mean,31478,22,1393,25736,4327
CHNCXR_0143_0,Shenzhen,0,dwt,30,inpaint,31451,22,1393,25736,4300
CHNCXR_0129_0,Shenzhen,0,dct,30,none,28731,22,1276,19433,8000
CHNCXR_0129_0,Shenzhen,0,dct,30,mean,27537,22,1276,19433,6806
CHNCXR_0129_0,Shenzhen,0,dct,30,inpaint,27564,22,1276,19433,6833
CHNCXR_0129_0,Shenzhen,0,dwt,30,none,25080,22,1276,19433,4349
CHNCXR_0129_0,Shenzhen,0,dwt,30,mean,24894,22,1276,19433,4163
CHNCXR_0129_0,Shenzhen,0,dwt,30,inpaint,24825,22,1276,19433,4094
CHNCXR_0275_0,Shenzhen,0,dct,30,none,34762,22,1272,23876,9592
CHNCXR_0275_0,Shenzhen,0,dct,30,mean,33057,22,1272,23876,7887
CHNCXR_0275_0,Shenzhen,0,dct,30,inpaint,33048,22,1272,23876,7878
CHNCXR_0275_0,Shenzhen,0,dwt,30,none,30206,22,1272,23876,5036
CHNCXR_0275_0,Shenzhen,0,dwt,30,mean,30041,22,1272,23876,4871
CHNCXR_0275_0,Shenzhen,0,dwt,30,inpaint,29820,22,1272,23876,4650
CHNCXR_0301_0,Shenzhen,0,dct,30,none,37113,22,1555,26613,8923
CHNCXR_0301_0,Shenzhen,0,dct,30,mean,35648,22,1555,26613,7458
CHNCXR_0301_0,Shenzhen,0,dct,30,inpaint,35505,22,1555,26613,7315
CHNCXR_0301_0,Shenzhen,0,dwt,30,none,32205,22,1555,26613,4015
CHNCXR_0301_0,Shenzhen,0,dwt,30,mean,32064,22,1555,26613,3874
CHNCXR_0301_0,Shenzhen,0,dwt,30,inpaint,31861,22,1555,26613,3671
CHNCXR_0159_0,Shenzhen,0,dct,30,none,36858,22,1387,25988,9461
CHNCXR_0159_0,Shenzhen,0,dct,30,mean,35055,22,1387,25988,7658
CHNCXR_0159_0,Shenzhen,0,dct,30,inpaint,35277,22,1387,25988,7880
CHNCXR_0159_0,Shenzhen,0,dwt,30,none,32521,22,1387,25988,5124
CHNCXR_0159_0,Shenzhen,0,dwt,30,mean,32265,22,1387,25988,4868
CHNCXR_0159_0,Shenzhen,0,dwt,30,inpaint,32246,22,1387,25988,4849
CHNCXR_0225_0,Shenzhen,0,dct,30,none,42334,22,1720,31770,8822
CHNCXR_0225_0,Shenzhen,0,dct,30,mean,40499,22,1720,31770,6987
CHNCXR_0225_0,Shenzhen,0,dct,30,inpaint,40614,22,1720,31770,7102
CHNCXR_0225_0,Shenzhen,0,dwt,30,none,37760,22,1720,31770,4248
CHNCXR_0225_0,Shenzhen,0,dwt,30,mean,37483,22,1720,31770,3971
CHNCXR_0225_0,Shenzhen,0,dwt,30,inpaint,37374,22,1720,31770,3862
CHNCXR_0273_0,Shenzhen,0,dct,30,none,41796,22,1683,31117,8974
CHNCXR_0273_0,Shenzhen,0,dct,30,mean,39821,22,1683,31117,6999
CHNCXR_0273_0,Shenzhen,0,dct,30,inpaint,39982,22,1683,31117,7160
CHNCXR_0273_0,Shenzhen,0,dwt,30,none,37249,22,1683,31117,4427
CHNCXR_0273_0,Shenzhen,0,dwt,30,mean,36884,22,1683,31117,4062
CHNCXR_0273_0,Shenzhen,0,dwt,30,inpaint,36803,22,1683,31117,3981
CHNCXR_0144_0,Shenzhen,0,dct,30,none,39843,22,1526,29792,8503
CHNCXR_0144_0,Shenzhen,0,dct,30,mean,38035,22,1526,29792,6695
CHNCXR_0144_0,Shenzhen,0,dct,30,inpaint,38227,22,1526,29792,6887
CHNCXR_0144_0,Shenzhen,0,dwt,30,none,35935,22,1526,29792,4595
CHNCXR_0144_0,Shenzhen,0,dwt,30,mean,35659,22,1526,29792,4319
CHNCXR_0144_0,Shenzhen,0,dwt,30,inpaint,35628,22,1526,29792,4288
CHNCXR_0119_0,Shenzhen,0,dct,30,none,39751,22,1439,28230,10060
CHNCXR_0119_0,Shenzhen,0,dct,30,mean,37502,22,1439,28230,7811
CHNCXR_0119_0,Shenzhen,0,dct,30,inpaint,37850,22,1439,28230,8159
CHNCXR_0119_0,Shenzhen,0,dwt,30,none,34361,22,1439,28230,4670
CHNCXR_0119_0,Shenzhen,0,dwt,30,mean,34040,22,1439,28230,4349
CHNCXR_0119_0,Shenzhen,0,dwt,30,inpaint,33956,22,1439,28230,4265
CHNCXR_0056_0,Shenzhen,0,dct,30,none,31424,22,1369,21400,8633
CHNCXR_0056_0,Shenzhen,0,dct,30,mean,30159,22,1369,21400,7368
CHNCXR_0056_0,Shenzhen,0,dct,30,inpaint,30132,22,1369,21400,7341
CHNCXR_0056_0,Shenzhen,0,dwt,30,none,26715,22,1369,21400,3924
CHNCXR_0056_0,Shenzhen,0,dwt,30,mean,26544,22,1369,21400,3753
CHNCXR_0056_0,Shenzhen,0,dwt,30,inpaint,26453,22,1369,21400,3662
CHNCXR_0237_0,Shenzhen,0,dct,30,none,32599,22,1299,23440,7838
CHNCXR_0237_0,Shenzhen,0,dct,30,mean,31261,22,1299,23440,6500
CHNCXR_0237_0,Shenzhen,0,dct,30,inpaint,31355,22,1299,23440,6594
CHNCXR_0237_0,Shenzhen,0,dwt,30,none,28290,22,1299,23440,3529
CHNCXR_0237_0,Shenzhen,0,dwt,30,mean,28138,22,1299,23440,3377
CHNCXR_0237_0,Shenzhen,0,dwt,30,inpaint,28051,22,1299,23440,3290
CHNCXR_0262_0,Shenzhen,0,dct,30,none,43184,22,1732,32083,9347
CHNCXR_0262_0,Shenzhen,0,dct,30,mean,41273,22,1732,32083,7436
CHNCXR_0262_0,Shenzhen,0,dct,30,inpaint,41264,22,1732,32083,7427
CHNCXR_0262_0,Shenzhen,0,dwt,30,none,37899,22,1732,32083,4062
CHNCXR_0262_0,Shenzhen,0,dwt,30,mean,37666,22,1732,32083,3829
CHNCXR_0262_0,Shenzhen,0,dwt,30,inpaint,37486,22,1732,32083,3649
CHNCXR_0131_0,Shenzhen,0,dct,30,none,44350,22,1601,33087,9640
CHNCXR_0131_0,Shenzhen,0,dct,30,mean,41602,22,1601,33087,6892
CHNCXR_0131_0,Shenzhen,0,dct,30,inpaint,41854,22,1601,33087,7144
CHNCXR_0131_0,Shenzhen,0,dwt,30,none,39650,22,1601,33087,4940
CHNCXR_0131_0,Shenzhen,0,dwt,30,mean,39056,22,1601,33087,4346
CHNCXR_0131_0,Shenzhen,0,dwt,30,inpaint,38941,22,1601,33087,4231
CHNCXR_0256_0,Shenzhen,0,dct,30,none,36884,22,1475,26392,8995
CHNCXR_0256_0,Shenzhen,0,dct,30,mean,35566,22,1475,26392,7677
CHNCXR_0256_0,Shenzhen,0,dct,30,inpaint,35755,22,1475,26392,7866
CHNCXR_0256_0,Shenzhen,0,dwt,30,none,32217,22,1475,26392,4328
CHNCXR_0256_0,Shenzhen,0,dwt,30,mean,32044,22,1475,26392,4155
CHNCXR_0256_0,Shenzhen,0,dwt,30,inpaint,32010,22,1475,26392,4121
CHNCXR_0041_0,Shenzhen,0,dct,30,none,60140,22,2013,47208,10897
CHNCXR_0041_0,Shenzhen,0,dct,30,mean,56770,22,2013,47208,7527
CHNCXR_0041_0,Shenzhen,0,dct,30,inpaint,57314,22,2013,47208,8071
CHNCXR_0041_0,Shenzhen,0,dwt,30,none,54218,22,2013,47208,4975
CHNCXR_0041_0,Shenzhen,0,dwt,30,mean,53623,22,2013,47208,4380
CHNCXR_0041_0,Shenzhen,0,dwt,30,inpaint,53683,22,2013,47208,4440
CHNCXR_0108_0,Shenzhen,0,dct,30,none,49235,22,1948,38003,9262
CHNCXR_0108_0,Shenzhen,0,dct,30,mean,46709,22,1948,38003,6736
CHNCXR_0108_0,Shenzhen,0,dct,30,inpaint,46970,22,1948,38003,6997
CHNCXR_0108_0,Shenzhen,0,dwt,30,none,44204,22,1948,38003,4231
CHNCXR_0108_0,Shenzhen,0,dwt,30,mean,43713,22,1948,38003,3740
CHNCXR_0108_0,Shenzhen,0,dwt,30,inpaint,43658,22,1948,38003,3685
CHNCXR_0402_1,Shenzhen,1,dct,30,none,43071,22,1561,31239,10249
CHNCXR_0402_1,Shenzhen,1,dct,30,mean,40452,22,1561,31239,7630
CHNCXR_0402_1,Shenzhen,1,dct,30,inpaint,40680,22,1561,31239,7858
CHNCXR_0402_1,Shenzhen,1,dwt,30,none,38060,22,1561,31239,5238
CHNCXR_0402_1,Shenzhen,1,dwt,30,mean,37472,22,1561,31239,4650
CHNCXR_0402_1,Shenzhen,1,dwt,30,inpaint,37352,22,1561,31239,4530
CHNCXR_0449_1,Shenzhen,1,dct,30,none,44393,22,1743,32971,9657
CHNCXR_0449_1,Shenzhen,1,dct,30,mean,42480,22,1743,32971,7744
CHNCXR_0449_1,Shenzhen,1,dct,30,inpaint,42293,22,1743,32971,7557
CHNCXR_0449_1,Shenzhen,1,dwt,30,none,39201,22,1743,32971,4465
CHNCXR_0449_1,Shenzhen,1,dwt,30,mean,39013,22,1743,32971,4277
CHNCXR_0449_1,Shenzhen,1,dwt,30,inpaint,38676,22,1743,32971,3940
CHNCXR_0590_1,Shenzhen,1,dct,30,none,56420,22,1988,43679,10731
CHNCXR_0590_1,Shenzhen,1,dct,30,mean,52880,22,1988,43679,7191
CHNCXR_0590_1,Shenzhen,1,dct,30,inpaint,53443,22,1988,43679,7754
CHNCXR_0590_1,Shenzhen,1,dwt,30,none,50576,22,1988,43679,4887
CHNCXR_0590_1,Shenzhen,1,dwt,30,mean,49832,22,1988,43679,4143
CHNCXR_0590_1,Shenzhen,1,dwt,30,inpaint,49885,22,1988,43679,4196
CHNCXR_0478_1,Shenzhen,1,dct,30,none,48544,22,1789,36757,9976
CHNCXR_0478_1,Shenzhen,1,dct,30,mean,46001,22,1789,36757,7433
CHNCXR_0478_1,Shenzhen,1,dct,30,inpaint,46267,22,1789,36757,7699
CHNCXR_0478_1,Shenzhen,1,dwt,30,none,43556,22,1789,36757,4988
CHNCXR_0478_1,Shenzhen,1,dwt,30,mean,43107,22,1789,36757,4539
CHNCXR_0478_1,Shenzhen,1,dwt,30,inpaint,43066,22,1789,36757,4498
CHNCXR_0620_1,Shenzhen,1,dct,30,none,56235,22,1985,43065,11163
CHNCXR_0620_1,Shenzhen,1,dct,30,mean,52639,22,1985,43065,7567
CHNCXR_0620_1,Shenzhen,1,dct,30,inpaint,52899,22,1985,43065,7827
CHNCXR_0620_1,Shenzhen,1,dwt,30,none,50753,22,1985,43065,5681
CHNCXR_0620_1,Shenzhen,1,dwt,30,mean,49855,22,1985,43065,4783
CHNCXR_0620_1,Shenzhen,1,dwt,30,inpaint,49816,22,1985,43065,4744
CHNCXR_0469_1,Shenzhen,1,dct,30,none,50146,22,1792,38337,9995
CHNCXR_0469_1,Shenzhen,1,dct,30,mean,47162,22,1792,38337,7011
CHNCXR_0469_1,Shenzhen,1,dct,30,inpaint,47586,22,1792,38337,7435
CHNCXR_0469_1,Shenzhen,1,dwt,30,none,44771,22,1792,38337,4620
CHNCXR_0469_1,Shenzhen,1,dwt,30,mean,44169,22,1792,38337,4018
CHNCXR_0469_1,Shenzhen,1,dwt,30,inpaint,44193,22,1792,38337,4042
CHNCXR_0391_1,Shenzhen,1,dct,30,none,33169,22,1518,23600,8029
CHNCXR_0391_1,Shenzhen,1,dct,30,mean,32025,22,1518,23600,6885
CHNCXR_0391_1,Shenzhen,1,dct,30,inpaint,31940,22,1518,23600,6800
CHNCXR_0391_1,Shenzhen,1,dwt,30,none,29521,22,1518,23600,4381
CHNCXR_0391_1,Shenzhen,1,dwt,30,mean,29433,22,1518,23600,4293
CHNCXR_0391_1,Shenzhen,1,dwt,30,inpaint,29224,22,1518,23600,4084
CHNCXR_0340_1,Shenzhen,1,dct,30,none,59389,22,1827,47019,10521
CHNCXR_0340_1,Shenzhen,1,dct,30,mean,55677,22,1827,47019,6809
CHNCXR_0340_1,Shenzhen,1,dct,30,inpaint,55951,22,1827,47019,7083
CHNCXR_0340_1,Shenzhen,1,dwt,30,none,53853,22,1827,47019,4985
CHNCXR_0340_1,Shenzhen,1,dwt,30,mean,52935,22,1827,47019,4067
CHNCXR_0340_1,Shenzhen,1,dwt,30,inpaint,52935,22,1827,47019,4067
CHNCXR_0640_1,Shenzhen,1,dct,30,none,44115,22,1734,33375,8984
CHNCXR_0640_1,Shenzhen,1,dct,30,mean,42175,22,1734,33375,7044
CHNCXR_0640_1,Shenzhen,1,dct,30,inpaint,41987,22,1734,33375,6856
CHNCXR_0640_1,Shenzhen,1,dwt,30,none,39060,22,1734,33375,3929
CHNCXR_0640_1,Shenzhen,1,dwt,30,mean,38775,22,1734,33375,3644
CHNCXR_0640_1,Shenzhen,1,dwt,30,inpaint,38553,22,1734,33375,3422
CHNCXR_0662_1,Shenzhen,1,dct,30,none,61732,22,2073,48717,10920
CHNCXR_0662_1,Shenzhen,1,dct,30,mean,57824,22,2073,48717,7012
CHNCXR_0662_1,Shenzhen,1,dct,30,inpaint,58331,22,2073,48717,7519
CHNCXR_0662_1,Shenzhen,1,dwt,30,none,56133,22,2073,48717,5321
CHNCXR_0662_1,Shenzhen,1,dwt,30,mean,55421,22,2073,48717,4609
CHNCXR_0662_1,Shenzhen,1,dwt,30,inpaint,55279,22,2073,48717,4467
CHNCXR_0509_1,Shenzhen,1,dct,30,none,60100,22,2027,47105,10946
CHNCXR_0509_1,Shenzhen,1,dct,30,mean,56042,22,2027,47105,6888
CHNCXR_0509_1,Shenzhen,1,dct,30,inpaint,56508,22,2027,47105,7354
CHNCXR_0509_1,Shenzhen,1,dwt,30,none,54129,22,2027,47105,4975
CHNCXR_0509_1,Shenzhen,1,dwt,30,mean,53197,22,2027,47105,4043
CHNCXR_0509_1,Shenzhen,1,dwt,30,inpaint,53114,22,2027,47105,3960
CHNCXR_0556_1,Shenzhen,1,dct,30,none,57239,22,1929,44017,11271
CHNCXR_0556_1,Shenzhen,1,dct,30,mean,53578,22,1929,44017,7610
CHNCXR_0556_1,Shenzhen,1,dct,30,inpaint,53813,22,1929,44017,7845
CHNCXR_0556_1,Shenzhen,1,dwt,30,none,51121,22,1929,44017,5153
CHNCXR_0556_1,Shenzhen,1,dwt,30,mean,50369,22,1929,44017,4401
CHNCXR_0556_1,Shenzhen,1,dwt,30,inpaint,50238,22,1929,44017,4270
CHNCXR_0571_1,Shenzhen,1,dct,30,none,46052,22,1681,34122,10227
CHNCXR_0571_1,Shenzhen,1,dct,30,mean,43430,22,1681,34122,7605
CHNCXR_0571_1,Shenzhen,1,dct,30,inpaint,43855,22,1681,34122,8030
CHNCXR_0571_1,Shenzhen,1,dwt,30,none,41005,22,1681,34122,5180
CHNCXR_0571_1,Shenzhen,1,dwt,30,mean,40570,22,1681,34122,4745
CHNCXR_0571_1,Shenzhen,1,dwt,30,inpaint,40486,22,1681,34122,4661
CHNCXR_0587_1,Shenzhen,1,dct,30,none,49241,22,1820,36074,11325
CHNCXR_0587_1,Shenzhen,1,dct,30,mean,46369,22,1820,36074,8453
CHNCXR_0587_1,Shenzhen,1,dct,30,inpaint,46606,22,1820,36074,8690
CHNCXR_0587_1,Shenzhen,1,dwt,30,none,43734,22,1820,36074,5818
CHNCXR_0587_1,Shenzhen,1,dwt,30,mean,43231,22,1820,36074,5315
CHNCXR_0587_1,Shenzhen,1,dwt,30,inpaint,43104,22,1820,36074,5188
CHNCXR_0586_1,Shenzhen,1,dct,30,none,34457,22,1319,23237,9879
CHNCXR_0586_1,Shenzhen,1,dct,30,mean,32431,22,1319,23237,7853
CHNCXR_0586_1,Shenzhen,1,dct,30,inpaint,32647,22,1319,23237,8069
CHNCXR_0586_1,Shenzhen,1,dwt,30,none,28954,22,1319,23237,4376
CHNCXR_0586_1,Shenzhen,1,dwt,30,mean,28476,22,1319,23237,3898
CHNCXR_0586_1,Shenzhen,1,dwt,30,inpaint,28442,22,1319,23237,3864
CHNCXR_0524_1,Shenzhen,1,dct,30,none,49927,22,1759,37262,10884
CHNCXR_0524_1,Shenzhen,1,dct,30,mean,46937,22,1759,37262,7894
CHNCXR_0524_1,Shenzhen,1,dct,30,inpaint,47423,22,1759,37262,8380
CHNCXR_0524_1,Shenzhen,1,dwt,30,none,44559,22,1759,37262,5516
CHNCXR_0524_1,Shenzhen,1,dwt,30,mean,43917,22,1759,37262,4874
CHNCXR_0524_1,Shenzhen,1,dwt,30,inpaint,43913,22,1759,37262,4870
