source,method,quality,mean_bpp,mean_cr,mean_ratio_vs_png,mean_psnr_full,mean_ssim_full,mean_psnr_background,mean_ssim_background,mean_mask_bytes,mean_roi_bytes,mean_background_bytes,mean_total_bytes,roi_lossless_fraction,mean_encode_time_s,mean_decode_time_s
all,dct,10,1.2164,6.926,2.9046,34.78,0.907,33.49,0.8751,1618.8,31749.4,3263.2,36653.4,1.0,0.8788,0.6556
all,dct,20,1.2907,6.494,2.7246,38.15,0.9482,36.86,0.9305,1618.8,31749.4,5504.1,38894.3,1.0,0.8911,0.6713
all,dct,30,1.352,6.176,2.5917,40.0,0.9635,38.72,0.951,1618.8,31749.4,7357.8,40748.1,1.0,0.9095,0.6841
all,dct,50,1.4502,5.73,2.4049,42.18,0.9756,40.9,0.9673,1618.8,31749.4,10328.1,43718.3,1.0,0.9281,0.7066
all,dct,70,1.5838,5.221,2.1912,44.11,0.9793,42.83,0.9724,1618.8,31749.4,14373.7,47763.9,1.0,0.9653,0.7368
all,dct,90,2.0373,4.023,1.6874,47.9,0.9912,46.62,0.9883,1618.8,31749.4,28121.6,61511.8,1.0,1.0792,0.8367
all,dwt,10,1.156,7.33,3.0711,32.16,0.9067,30.88,0.8718,1618.8,31749.4,1441.7,34831.9,1.0,0.8877,0.665
all,dwt,20,1.1979,7.047,2.9528,34.29,0.9261,33.01,0.8985,1618.8,31749.4,2713.7,36103.9,1.0,0.918,0.6869
all,dwt,30,1.2425,6.774,2.8385,36.98,0.9451,35.7,0.9247,1618.8,31749.4,4061.1,37451.3,1.0,0.9348,0.7118
all,dwt,50,1.3782,6.054,2.5393,41.84,0.9725,40.56,0.9632,1618.8,31749.4,8156.6,41546.8,1.0,0.9995,0.761
all,dwt,70,1.6701,4.945,2.0741,46.27,0.9868,44.99,0.9825,1618.8,31749.4,16989.4,50379.6,1.0,1.0931,0.8632
all,dwt,90,2.4003,3.43,1.4332,51.01,0.9947,49.73,0.993,1618.8,31749.4,39164.6,72554.8,1.0,1.3582,1.1173
Montgomery,dct,10,1.1671,7.205,2.4131,34.46,0.9255,33.17,0.8979,1491.9,26870.4,3062.1,31446.4,1.0,0.7481,0.5544
Montgomery,dct,20,1.2372,6.769,2.2697,37.66,0.9597,36.36,0.9447,1491.9,26870.4,4950.2,33334.4,1.0,0.7398,0.5475
Montgomery,dct,30,1.2932,6.457,2.1667,39.6,0.9733,38.3,0.9636,1491.9,26870.4,6460.8,34845.1,1.0,0.754,0.5532
Montgomery,dct,50,1.3794,6.033,2.0264,41.96,0.9831,40.67,0.977,1491.9,26870.4,8782.4,37166.6,1.0,0.7546,0.5722
Montgomery,dct,70,1.4916,5.56,1.8693,44.08,0.9715,42.78,0.9618,1491.9,26870.4,11805.5,40189.7,1.0,0.7823,0.596
Montgomery,dct,90,1.8529,4.447,1.4975,49.21,0.9953,47.91,0.9937,1491.9,26870.4,21539.7,49924.0,1.0,0.8817,0.6945
Montgomery,dwt,10,1.1039,7.661,2.561,31.36,0.9267,30.06,0.8986,1491.9,26870.4,1359.9,29744.2,1.0,0.75,0.5672
Montgomery,dwt,20,1.133,7.435,2.4893,34.03,0.9431,32.73,0.921,1491.9,26870.4,2143.5,30527.7,1.0,0.7558,0.5677
Montgomery,dwt,30,1.1733,7.156,2.3982,37.15,0.9606,35.85,0.9453,1491.9,26870.4,3229.6,31613.8,1.0,0.7647,0.5946
Montgomery,dwt,50,1.3005,6.413,2.1536,42.76,0.9832,41.47,0.9768,1491.9,26870.4,6655.3,35039.6,1.0,0.8393,0.6341
Montgomery,dwt,70,1.5478,5.351,1.8003,47.98,0.9931,46.68,0.9907,1491.9,26870.4,13318.8,41703.0,1.0,0.872,0.7007
Montgomery,dwt,90,2.0661,3.983,1.3418,53.04,0.9972,51.75,0.9963,1491.9,26870.4,27285.2,55669.4,1.0,1.0558,0.8423
Shenzhen,dct,10,1.2285,6.858,3.0245,34.85,0.9025,33.57,0.8696,1649.7,32939.0,3312.3,37923.0,1.0,0.9107,0.6803
Shenzhen,dct,20,1.3037,6.427,2.8355,38.27,0.9454,36.99,0.927,1649.7,32939.0,5639.2,40249.9,1.0,0.928,0.7014
Shenzhen,dct,30,1.3663,6.107,2.6953,40.1,0.9611,38.82,0.948,1649.7,32939.0,7576.6,42187.3,1.0,0.9474,0.716
Shenzhen,dct,50,1.4675,5.656,2.4972,42.23,0.9738,40.95,0.965,1649.7,32939.0,10705.0,45315.7,1.0,0.9704,0.7394
Shenzhen,dct,70,1.6063,5.138,2.2697,44.11,0.9812,42.84,0.975,1649.7,32939.0,14999.9,49610.6,1.0,1.0099,0.7711
Shenzhen,dct,90,2.0822,3.92,1.7336,47.58,0.9902,46.31,0.987,1649.7,32939.0,29726.3,64337.1,1.0,1.1273,0.8714
Shenzhen,dwt,10,1.1687,7.249,3.1955,32.36,0.9018,31.08,0.8653,1649.7,32939.0,1461.7,36072.4,1.0,0.9213,0.6889
Shenzhen,dwt,20,1.2137,6.953,3.0658,34.36,0.922,33.08,0.893,1649.7,32939.0,2852.7,37463.5,1.0,0.9575,0.7159
Shenzhen,dwt,30,1.2593,6.68,2.9459,36.94,0.9413,35.66,0.9197,1649.7,32939.0,4263.8,38874.6,1.0,0.9763,0.7404
Shenzhen,dwt,50,1.3971,5.966,2.6333,41.61,0.97,40.34,0.9598,1649.7,32939.0,8522.6,43133.3,1.0,1.0385,0.7919
Shenzhen,dwt,70,1.6999,4.846,2.1409,45.86,0.9853,44.58,0.9805,1649.7,32939.0,17884.3,52495.1,1.0,1.147,0.9028
Shenzhen,dwt,90,2.4818,3.295,1.4554,50.52,0.9941,49.24,0.9922,1649.7,32939.0,42061.0,76671.7,1.0,1.4319,1.1843
