stem,source,fold,label,dice,iou,recall,precision,area_ratio
CHNCXR_0001_0,Shenzhen,3,0,0.884,0.7922,0.7967,0.9929,0.8025
CHNCXR_0002_0,Shenzhen,1,0,0.8599,0.7543,0.7967,0.934,0.853
CHNCXR_0003_0,Shenzhen,3,0,0.9246,0.8598,0.8763,0.9787,0.8954
CHNCXR_0004_0,Shenzhen,0,0,0.9651,0.9325,0.9445,0.9866,0.9573
CHNCXR_0005_0,Shenzhen,1,0,0.9508,0.9063,0.9232,0.9801,0.942
CHNCXR_0006_0,Shenzhen,3,0,0.9441,0.8941,0.9021,0.9902,0.911
CHNCXR_0007_0,Shenzhen,4,0,0.8395,0.7234,0.7336,0.9811,0.7478
CHNCXR_0008_0,Shenzhen,3,0,0.9653,0.9328,0.9544,0.9763,0.9776
CHNCXR_0009_0,Shenzhen,3,0,0.923,0.8569,0.8745,0.9771,0.895
CHNCXR_0010_0,Shenzhen,1,0,0.9493,0.9035,0.9469,0.9517,0.995
CHNCXR_0011_0,Shenzhen,2,0,0.9522,0.9088,0.9195,0.9873,0.9313
CHNCXR_0012_0,Shenzhen,3,0,0.9406,0.8879,0.9223,0.9596,0.9611
CHNCXR_0013_0,Shenzhen,4,0,0.9186,0.8494,0.8704,0.9724,0.8951
CHNCXR_0014_0,Shenzhen,2,0,0.9334,0.8751,0.8841,0.9885,0.8945
CHNCXR_0015_0,Shenzhen,4,0,0.9624,0.9275,0.9417,0.984,0.957
CHNCXR_0016_0,Shenzhen,2,0,0.8858,0.795,0.7999,0.9924,0.806
CHNCXR_0017_0,Shenzhen,2,0,0.9536,0.9113,0.9168,0.9935,0.9228
CHNCXR_0018_0,Shenzhen,2,0,0.9622,0.9272,0.936,0.99,0.9455
CHNCXR_0019_0,Shenzhen,0,0,0.9627,0.9281,0.9434,0.9829,0.9598
CHNCXR_0020_0,Shenzhen,0,0,0.8956,0.811,0.8217,0.9842,0.8349
CHNCXR_0021_0,Shenzhen,1,0,0.962,0.9267,0.947,0.9775,0.9688
CHNCXR_0022_0,Shenzhen,2,0,0.8898,0.8015,0.8293,0.9599,0.8639
CHNCXR_0023_0,Shenzhen,0,0,0.9554,0.9146,0.9192,0.9946,0.9242
CHNCXR_0024_0,Shenzhen,4,0,0.976,0.9531,0.96,0.9926,0.9671
CHNCXR_0026_0,Shenzhen,3,0,0.9633,0.9293,0.9377,0.9904,0.9469
CHNCXR_0027_0,Shenzhen,1,0,0.957,0.9176,0.9249,0.9914,0.9329
CHNCXR_0028_0,Shenzhen,1,0,0.9334,0.8751,0.8919,0.9789,0.9111
CHNCXR_0029_0,Shenzhen,0,0,0.9014,0.8205,0.8344,0.9801,0.8514
CHNCXR_0030_0,Shenzhen,4,0,0.9077,0.831,0.8359,0.9929,0.8418
CHNCXR_0031_0,Shenzhen,4,0,0.9158,0.8447,0.8691,0.9679,0.8979
CHNCXR_0032_0,Shenzhen,3,0,0.8971,0.8135,0.8222,0.9871,0.833
CHNCXR_0033_0,Shenzhen,3,0,0.9103,0.8353,0.8441,0.9876,0.8547
CHNCXR_0034_0,Shenzhen,2,0,0.8659,0.7635,0.7878,0.9611,0.8197
CHNCXR_0035_0,Shenzhen,4,0,0.9687,0.9393,0.9663,0.9711,0.9951
CHNCXR_0041_0,Shenzhen,3,0,0.9794,0.9597,0.9848,0.974,1.0111
CHNCXR_0042_0,Shenzhen,0,0,0.9807,0.9621,0.9947,0.9671,1.0286
CHNCXR_0043_0,Shenzhen,1,0,0.8156,0.6886,0.6966,0.9837,0.7082
CHNCXR_0044_0,Shenzhen,2,0,0.9782,0.9573,0.9864,0.9701,1.0168
CHNCXR_0045_0,Shenzhen,0,0,0.961,0.925,0.9734,0.949,1.0256
CHNCXR_0046_0,Shenzhen,4,0,0.9388,0.8847,0.8993,0.982,0.9158
CHNCXR_0047_0,Shenzhen,1,0,0.937,0.8816,0.8946,0.9837,0.9095
CHNCXR_0048_0,Shenzhen,4,0,0.982,0.9647,0.994,0.9703,1.0245
CHNCXR_0049_0,Shenzhen,0,0,0.9725,0.9465,0.9975,0.9488,1.0514
CHNCXR_0050_0,Shenzhen,0,0,0.9279,0.8656,0.9911,0.8724,1.136
CHNCXR_0051_0,Shenzhen,1,0,0.9748,0.9509,0.9826,0.9672,1.0159
CHNCXR_0052_0,Shenzhen,1,0,0.9624,0.9275,0.973,0.952,1.022
CHNCXR_0053_0,Shenzhen,0,0,0.974,0.9493,0.984,0.9642,1.0205
CHNCXR_0054_0,Shenzhen,1,0,0.9737,0.9488,0.9697,0.9778,0.9917
CHNCXR_0055_0,Shenzhen,1,0,0.9749,0.9511,0.9821,0.9678,1.0148
CHNCXR_0056_0,Shenzhen,4,0,0.9762,0.9535,0.9826,0.9698,1.0132
CHNCXR_0057_0,Shenzhen,4,0,0.9802,0.9612,0.9871,0.9734,1.0142
CHNCXR_0058_0,Shenzhen,2,0,0.9651,0.9325,0.962,0.9681,0.9937
CHNCXR_0059_0,Shenzhen,0,0,0.9198,0.8515,0.8681,0.978,0.8877
CHNCXR_0060_0,Shenzhen,1,0,0.9733,0.948,0.9794,0.9673,1.0125
CHNCXR_0061_0,Shenzhen,4,0,0.9728,0.9471,0.9891,0.9571,1.0334
CHNCXR_0062_0,Shenzhen,3,0,0.9717,0.945,0.9824,0.9613,1.022
CHNCXR_0063_0,Shenzhen,0,0,0.9786,0.9581,0.9688,0.9886,0.98
CHNCXR_0064_0,Shenzhen,1,0,0.9735,0.9484,0.9632,0.984,0.9789
CHNCXR_0066_0,Shenzhen,2,0,0.9496,0.904,0.9684,0.9314,1.0397
CHNCXR_0067_0,Shenzhen,2,0,0.9762,0.9534,0.9677,0.9847,0.9827
CHNCXR_0068_0,Shenzhen,0,0,0.9768,0.9547,0.9822,0.9715,1.0111
CHNCXR_0069_0,Shenzhen,0,0,0.9699,0.9416,0.9626,0.9774,0.9849
CHNCXR_0070_0,Shenzhen,2,0,0.9808,0.9624,0.9827,0.979,1.0038
CHNCXR_0071_0,Shenzhen,1,0,0.9416,0.8896,0.9663,0.9181,1.0525
CHNCXR_0072_0,Shenzhen,3,0,0.9755,0.9522,0.9678,0.9833,0.9842
CHNCXR_0073_0,Shenzhen,1,0,0.9693,0.9403,0.9685,0.97,0.9984
CHNCXR_0074_0,Shenzhen,4,0,0.9257,0.8617,0.922,0.9295,0.992
CHNCXR_0075_0,Shenzhen,2,0,0.8956,0.811,0.9463,0.8501,1.1131
CHNCXR_0076_0,Shenzhen,2,0,0.9371,0.8817,0.9499,0.9247,1.0272
CHNCXR_0077_0,Shenzhen,1,0,0.9705,0.9426,0.956,0.9854,0.9702
CHNCXR_0078_0,Shenzhen,1,0,0.963,0.9287,0.979,0.9475,1.0332
CHNCXR_0079_0,Shenzhen,1,0,0.975,0.9513,0.9768,0.9733,1.0036
CHNCXR_0080_0,Shenzhen,1,0,0.9775,0.956,0.9712,0.9839,0.9871
CHNCXR_0081_0,Shenzhen,3,0,0.9732,0.9478,0.9614,0.9853,0.9758
CHNCXR_0082_0,Shenzhen,0,0,0.9732,0.9479,0.9744,0.9721,1.0023
CHNCXR_0083_0,Shenzhen,3,0,0.9506,0.9059,0.9739,0.9285,1.0489
CHNCXR_0084_0,Shenzhen,2,0,0.9691,0.9401,0.9504,0.9887,0.9612
CHNCXR_0085_0,Shenzhen,2,0,0.9717,0.9449,0.9787,0.9648,1.0144
CHNCXR_0086_0,Shenzhen,3,0,0.9638,0.9302,0.96,0.9677,0.992
CHNCXR_0087_0,Shenzhen,4,0,0.9688,0.9396,0.9545,0.9837,0.9703
CHNCXR_0088_0,Shenzhen,4,0,0.9681,0.9382,0.9501,0.9868,0.9629
CHNCXR_0089_0,Shenzhen,0,0,0.962,0.9267,0.9692,0.9549,1.015
CHNCXR_0090_0,Shenzhen,3,0,0.9662,0.9346,0.9532,0.9795,0.9732
CHNCXR_0091_0,Shenzhen,0,0,0.9746,0.9505,0.9682,0.9811,0.9868
CHNCXR_0092_0,Shenzhen,4,0,0.9668,0.9357,0.9568,0.977,0.9793
CHNCXR_0093_0,Shenzhen,0,0,0.9705,0.9427,0.9499,0.9921,0.9575
CHNCXR_0094_0,Shenzhen,0,0,0.9726,0.9466,0.9563,0.9894,0.9666
CHNCXR_0095_0,Shenzhen,4,0,0.972,0.9454,0.9567,0.9877,0.9685
CHNCXR_0096_0,Shenzhen,4,0,0.9686,0.939,0.9513,0.9864,0.9644
CHNCXR_0097_0,Shenzhen,0,0,0.967,0.9361,0.9453,0.9898,0.9551
CHNCXR_0098_0,Shenzhen,4,0,0.9481,0.9014,0.9579,0.9385,1.0206
CHNCXR_0099_0,Shenzhen,2,0,0.963,0.9286,0.948,0.9785,0.9688
CHNCXR_0100_0,Shenzhen,3,0,0.9657,0.9337,0.9729,0.9587,1.0149
CHNCXR_0101_0,Shenzhen,1,0,0.9799,0.9607,0.9904,0.9697,1.0214
CHNCXR_0102_0,Shenzhen,2,0,0.9722,0.9458,0.9675,0.9769,0.9904
CHNCXR_0103_0,Shenzhen,0,0,0.9804,0.9616,0.9922,0.969,1.0239
CHNCXR_0104_0,Shenzhen,3,0,0.9766,0.9543,0.9776,0.9757,1.002
CHNCXR_0105_0,Shenzhen,1,0,0.9671,0.9364,0.9927,0.9429,1.0528
CHNCXR_0106_0,Shenzhen,2,0,0.9821,0.9649,0.9956,0.969,1.0275
CHNCXR_0107_0,Shenzhen,2,0,0.9761,0.9534,0.9911,0.9616,1.0307
CHNCXR_0108_0,Shenzhen,2,0,0.9822,0.965,0.992,0.9726,1.02
CHNCXR_0109_0,Shenzhen,3,0,0.9793,0.9594,0.9922,0.9666,1.0265
CHNCXR_0110_0,Shenzhen,2,0,0.981,0.9628,0.9863,0.9759,1.0107
CHNCXR_0111_0,Shenzhen,1,0,0.9821,0.9648,0.9846,0.9796,1.0051
CHNCXR_0112_0,Shenzhen,3,0,0.9691,0.9401,0.9742,0.9641,1.0105
CHNCXR_0113_0,Shenzhen,0,0,0.9802,0.9612,0.992,0.9686,1.0242
CHNCXR_0114_0,Shenzhen,4,0,0.9651,0.9326,0.9566,0.9738,0.9824
CHNCXR_0115_0,Shenzhen,4,0,0.9416,0.8896,0.9786,0.9073,1.0786
CHNCXR_0116_0,Shenzhen,0,0,0.9749,0.9511,0.9774,0.9725,1.0051
CHNCXR_0117_0,Shenzhen,2,0,0.9615,0.9259,0.9931,0.932,1.0655
CHNCXR_0118_0,Shenzhen,1,0,0.98,0.9607,0.9882,0.9719,1.0168
CHNCXR_0119_0,Shenzhen,1,0,0.9715,0.9446,0.994,0.9501,1.0462
CHNCXR_0120_0,Shenzhen,3,0,0.9714,0.9444,0.9902,0.9534,1.0387
CHNCXR_0121_0,Shenzhen,2,0,0.9685,0.9388,0.9671,0.9698,0.9972
CHNCXR_0122_0,Shenzhen,1,0,0.9707,0.9431,0.9812,0.9604,1.0217
CHNCXR_0123_0,Shenzhen,1,0,0.9748,0.9509,0.9639,0.986,0.9776
CHNCXR_0124_0,Shenzhen,0,0,0.9741,0.9495,0.9887,0.9599,1.0299
CHNCXR_0125_0,Shenzhen,1,0,0.9713,0.9443,0.983,0.9599,1.0241
CHNCXR_0126_0,Shenzhen,0,0,0.9631,0.9288,0.9657,0.9605,1.0055
CHNCXR_0127_0,Shenzhen,2,0,0.9697,0.9411,0.9756,0.9637,1.0123
CHNCXR_0128_0,Shenzhen,1,0,0.9644,0.9313,0.9784,0.9508,1.0289
CHNCXR_0129_0,Shenzhen,1,0,0.9664,0.935,0.9772,0.9558,1.0223
CHNCXR_0130_0,Shenzhen,2,0,0.9684,0.9388,0.9515,0.986,0.9649
CHNCXR_0131_0,Shenzhen,1,0,0.9739,0.9491,0.9738,0.974,0.9997
CHNCXR_0132_0,Shenzhen,0,0,0.9761,0.9533,0.9711,0.9811,0.9897
CHNCXR_0133_0,Shenzhen,0,0,0.9731,0.9477,0.9841,0.9624,1.0226
CHNCXR_0134_0,Shenzhen,4,0,0.9747,0.9506,0.9643,0.9853,0.9787
CHNCXR_0135_0,Shenzhen,1,0,0.9685,0.9389,0.9706,0.9665,1.0043
CHNCXR_0136_0,Shenzhen,4,0,0.9653,0.933,0.9623,0.9684,0.9938
CHNCXR_0137_0,Shenzhen,4,0,0.9672,0.9366,0.9744,0.9602,1.0147
CHNCXR_0138_0,Shenzhen,1,0,0.9706,0.9429,0.9777,0.9636,1.0147
CHNCXR_0139_0,Shenzhen,2,0,0.9691,0.9401,0.9733,0.965,1.0086
CHNCXR_0140_0,Shenzhen,1,0,0.9741,0.9495,0.966,0.9824,0.9833
CHNCXR_0141_0,Shenzhen,4,0,0.9685,0.9389,0.9827,0.9547,1.0293
CHNCXR_0142_0,Shenzhen,4,0,0.973,0.9474,0.9923,0.9544,1.0398
CHNCXR_0143_0,Shenzhen,4,0,0.9754,0.9519,0.9874,0.9637,1.0246
CHNCXR_0144_0,Shenzhen,2,0,0.9752,0.9517,0.9892,0.9617,1.0286
CHNCXR_0145_0,Shenzhen,4,0,0.9731,0.9476,0.9947,0.9524,1.0445
CHNCXR_0146_0,Shenzhen,2,0,0.9624,0.9275,0.9617,0.963,0.9987
CHNCXR_0147_0,Shenzhen,3,0,0.9741,0.9494,0.9866,0.9618,1.0258
CHNCXR_0148_0,Shenzhen,3,0,0.9648,0.9319,0.9925,0.9385,1.0575
CHNCXR_0149_0,Shenzhen,3,0,0.9738,0.9488,0.9849,0.9629,1.0228
CHNCXR_0150_0,Shenzhen,1,0,0.9703,0.9423,0.9892,0.952,1.0391
CHNCXR_0151_0,Shenzhen,0,0,0.9586,0.9204,0.953,0.9642,0.9884
CHNCXR_0152_0,Shenzhen,3,0,0.9788,0.9585,0.9953,0.9629,1.0336
CHNCXR_0153_0,Shenzhen,3,0,0.97,0.9417,0.9933,0.9477,1.0481
CHNCXR_0154_0,Shenzhen,4,0,0.9677,0.9374,0.9938,0.9429,1.0539
CHNCXR_0155_0,Shenzhen,1,0,0.9579,0.9192,0.9821,0.9349,1.0504
CHNCXR_0156_0,Shenzhen,2,0,0.9764,0.954,0.9933,0.9602,1.0345
CHNCXR_0157_0,Shenzhen,1,0,0.9588,0.9209,0.9834,0.9354,1.0513
CHNCXR_0158_0,Shenzhen,4,0,0.9755,0.9522,0.9959,0.956,1.0417
CHNCXR_0159_0,Shenzhen,4,0,0.9654,0.933,0.979,0.9521,1.0283
CHNCXR_0160_0,Shenzhen,4,0,0.9701,0.942,0.9906,0.9505,1.0422
CHNCXR_0161_0,Shenzhen,2,0,0.977,0.955,0.9732,0.9808,0.9923
CHNCXR_0162_0,Shenzhen,3,0,0.9785,0.958,0.9783,0.9788,0.9994
CHNCXR_0163_0,Shenzhen,2,0,0.9637,0.93,0.9758,0.9519,1.0251
CHNCXR_0164_0,Shenzhen,3,0,0.9788,0.9585,0.9781,0.9796,0.9985
CHNCXR_0165_0,Shenzhen,0,0,0.976,0.9531,0.9707,0.9814,0.9891
CHNCXR_0166_0,Shenzhen,1,0,0.9786,0.9581,0.9858,0.9714,1.0148
CHNCXR_0167_0,Shenzhen,2,0,0.9787,0.9583,0.9795,0.978,1.0015
CHNCXR_0168_0,Shenzhen,3,0,0.9797,0.9602,0.9934,0.9664,1.028
CHNCXR_0169_0,Shenzhen,1,0,0.9626,0.9279,0.988,0.9385,1.0527
CHNCXR_0170_0,Shenzhen,3,0,0.9712,0.9441,0.9676,0.9749,0.9925
CHNCXR_0171_0,Shenzhen,4,0,0.9824,0.9654,0.9932,0.9718,1.022
CHNCXR_0172_0,Shenzhen,1,0,0.9754,0.952,0.9839,0.9671,1.0174
CHNCXR_0173_0,Shenzhen,1,0,0.9775,0.9561,0.9874,0.9679,1.0201
CHNCXR_0174_0,Shenzhen,0,0,0.9727,0.9468,0.9764,0.969,1.0077
CHNCXR_0175_0,Shenzhen,1,0,0.9528,0.9099,0.9751,0.9315,1.0469
CHNCXR_0176_0,Shenzhen,4,0,0.9572,0.9178,0.969,0.9456,1.0247
CHNCXR_0177_0,Shenzhen,1,0,0.9823,0.9653,0.9769,0.9878,0.989
CHNCXR_0178_0,Shenzhen,3,0,0.8201,0.695,0.7031,0.9837,0.7147
CHNCXR_0179_0,Shenzhen,2,0,0.9763,0.9537,0.9711,0.9816,0.9893
CHNCXR_0180_0,Shenzhen,2,0,0.9711,0.9439,0.9768,0.9656,1.0116
CHNCXR_0221_0,Shenzhen,0,0,0.9605,0.924,0.9371,0.9851,0.9513
CHNCXR_0222_0,Shenzhen,3,0,0.9783,0.9575,0.9788,0.9777,1.0011
CHNCXR_0223_0,Shenzhen,0,0,0.9524,0.9091,0.9912,0.9165,1.0815
CHNCXR_0224_0,Shenzhen,2,0,0.9746,0.9505,0.9799,0.9693,1.0109
CHNCXR_0225_0,Shenzhen,0,0,0.9821,0.9648,0.9851,0.9791,1.0062
CHNCXR_0226_0,Shenzhen,3,0,0.9802,0.9611,0.9825,0.9779,1.0047
CHNCXR_0227_0,Shenzhen,4,0,0.9587,0.9207,0.9488,0.9689,0.9792
CHNCXR_0228_0,Shenzhen,0,0,0.9445,0.8949,0.9368,0.9524,0.9836
CHNCXR_0229_0,Shenzhen,4,0,0.9502,0.905,0.9256,0.9761,0.9482
CHNCXR_0230_0,Shenzhen,3,0,0.9708,0.9432,0.9682,0.9734,0.9947
CHNCXR_0231_0,Shenzhen,4,0,0.9777,0.9564,0.9918,0.9641,1.0287
CHNCXR_0232_0,Shenzhen,0,0,0.9762,0.9534,0.9805,0.9718,1.009
CHNCXR_0233_0,Shenzhen,4,0,0.9687,0.9393,0.9747,0.9628,1.0124
CHNCXR_0234_0,Shenzhen,3,0,0.9809,0.9626,0.975,0.9869,0.9879
CHNCXR_0235_0,Shenzhen,3,0,0.981,0.9627,0.9851,0.9769,1.0084
CHNCXR_0236_0,Shenzhen,0,0,0.9774,0.9559,0.9886,0.9665,1.0229
CHNCXR_0237_0,Shenzhen,1,0,0.9566,0.9168,0.9373,0.9768,0.9595
CHNCXR_0238_0,Shenzhen,0,0,0.9681,0.9383,0.9721,0.9642,1.0083
CHNCXR_0239_0,Shenzhen,3,0,0.9715,0.9447,0.9864,0.9571,1.0306
CHNCXR_0240_0,Shenzhen,2,0,0.9822,0.9651,0.9881,0.9764,1.0119
CHNCXR_0241_0,Shenzhen,3,0,0.9282,0.866,0.8766,0.9862,0.889
CHNCXR_0242_0,Shenzhen,4,0,0.8992,0.8169,0.8377,0.9705,0.8632
CHNCXR_0243_0,Shenzhen,3,0,0.9241,0.8589,0.8727,0.982,0.8886
CHNCXR_0244_0,Shenzhen,2,0,0.9585,0.9204,0.9456,0.9719,0.9729
CHNCXR_0245_0,Shenzhen,0,0,0.9708,0.9432,0.9674,0.9742,0.9931
CHNCXR_0246_0,Shenzhen,3,0,0.9754,0.9519,0.9802,0.9707,1.0098
CHNCXR_0247_0,Shenzhen,2,0,0.9575,0.9185,0.9425,0.973,0.9686
CHNCXR_0248_0,Shenzhen,4,0,0.9451,0.896,0.925,0.9662,0.9574
CHNCXR_0249_0,Shenzhen,1,0,0.9619,0.9266,0.9403,0.9846,0.955
CHNCXR_0250_0,Shenzhen,4,0,0.9112,0.8368,0.8519,0.9793,0.8699
CHNCXR_0251_0,Shenzhen,0,0,0.9412,0.8888,0.8988,0.9877,0.9099
CHNCXR_0252_0,Shenzhen,1,0,0.9688,0.9395,0.9601,0.9777,0.982
CHNCXR_0253_0,Shenzhen,4,0,0.9267,0.8634,0.8829,0.9751,0.9055
CHNCXR_0254_0,Shenzhen,0,0,0.9044,0.8254,0.837,0.9835,0.8511
CHNCXR_0255_0,Shenzhen,0,0,0.9546,0.9132,0.9441,0.9654,0.978
CHNCXR_0256_0,Shenzhen,0,0,0.9531,0.9103,0.942,0.9644,0.9769
CHNCXR_0257_0,Shenzhen,2,0,0.974,0.9494,0.9608,0.9877,0.9728
CHNCXR_0258_0,Shenzhen,0,0,0.9739,0.9491,0.9671,0.9808,0.9861
CHNCXR_0259_0,Shenzhen,4,0,0.9461,0.8978,0.9267,0.9664,0.9589
CHNCXR_0260_0,Shenzhen,4,0,0.9705,0.9427,0.9662,0.9749,0.991
CHNCXR_0261_0,Shenzhen,3,0,0.9836,0.9678,0.9765,0.9908,0.9856
CHNCXR_0262_0,Shenzhen,4,0,0.9786,0.9581,0.9816,0.9756,1.0062
CHNCXR_0263_0,Shenzhen,3,0,0.9833,0.9672,0.9881,0.9786,1.0096
CHNCXR_0264_0,Shenzhen,3,0,0.9765,0.9541,0.9918,0.9617,1.0313
CHNCXR_0265_0,Shenzhen,3,0,0.9653,0.9329,0.9853,0.946,1.0415
CHNCXR_0266_0,Shenzhen,4,0,0.9755,0.9521,0.9945,0.9571,1.0391
CHNCXR_0267_0,Shenzhen,3,0,0.9715,0.9445,0.9672,0.9758,0.9913
CHNCXR_0268_0,Shenzhen,4,0,0.9806,0.962,0.9758,0.9856,0.9901
CHNCXR_0269_0,Shenzhen,3,0,0.9786,0.958,0.9893,0.9681,1.0219
CHNCXR_0270_0,Shenzhen,2,0,0.9795,0.9598,0.9765,0.9825,0.9938
CHNCXR_0271_0,Shenzhen,0,0,0.9792,0.9592,0.9757,0.9827,0.9929
CHNCXR_0272_0,Shenzhen,3,0,0.9816,0.9638,0.9775,0.9856,0.9918
CHNCXR_0273_0,Shenzhen,2,0,0.9777,0.9564,0.9878,0.9679,1.0205
CHNCXR_0274_0,Shenzhen,3,0,0.9823,0.9652,0.9783,0.9863,0.9919
CHNCXR_0275_0,Shenzhen,1,0,0.9715,0.9446,0.9736,0.9695,1.0042
CHNCXR_0276_0,Shenzhen,0,0,0.9793,0.9595,0.9793,0.9793,1.0
CHNCXR_0277_0,Shenzhen,0,0,0.9783,0.9574,0.9798,0.9767,1.0032
CHNCXR_0278_0,Shenzhen,0,0,0.9835,0.9675,0.9951,0.9721,1.0236
CHNCXR_0279_0,Shenzhen,1,0,0.9773,0.9557,0.9822,0.9725,1.01
CHNCXR_0280_0,Shenzhen,3,0,0.9784,0.9576,0.981,0.9758,1.0053
CHNCXR_0281_0,Shenzhen,0,0,0.9104,0.8355,0.858,0.9695,0.885
CHNCXR_0282_0,Shenzhen,4,0,0.9634,0.9293,0.9493,0.9779,0.9708
CHNCXR_0283_0,Shenzhen,1,0,0.9731,0.9475,0.9617,0.9847,0.9767
CHNCXR_0284_0,Shenzhen,0,0,0.9654,0.933,0.9661,0.9647,1.0015
CHNCXR_0285_0,Shenzhen,4,0,0.938,0.8832,0.889,0.9927,0.8955
CHNCXR_0286_0,Shenzhen,3,0,0.9421,0.8906,0.8968,0.9922,0.9039
CHNCXR_0287_0,Shenzhen,0,0,0.973,0.9475,0.9732,0.9729,1.0003
CHNCXR_0288_0,Shenzhen,1,0,0.9768,0.9546,0.9737,0.9799,0.9937
CHNCXR_0289_0,Shenzhen,4,0,0.9144,0.8423,0.8514,0.9875,0.8622
CHNCXR_0290_0,Shenzhen,2,0,0.9123,0.8387,0.859,0.9726,0.8831
CHNCXR_0291_0,Shenzhen,4,0,0.9763,0.9537,0.9681,0.9846,0.9833
CHNCXR_0292_0,Shenzhen,2,0,0.9207,0.8531,0.8705,0.9771,0.891
CHNCXR_0293_0,Shenzhen,4,0,0.896,0.8117,0.8168,0.9924,0.823
CHNCXR_0294_0,Shenzhen,3,0,0.8655,0.7629,0.7714,0.9858,0.7825
CHNCXR_0295_0,Shenzhen,0,0,0.8993,0.8171,0.8307,0.9804,0.8473
CHNCXR_0296_0,Shenzhen,0,0,0.9718,0.9451,0.964,0.9797,0.9839
CHNCXR_0297_0,Shenzhen,2,0,0.8134,0.6855,0.7216,0.9319,0.7743
CHNCXR_0298_0,Shenzhen,2,0,0.909,0.8332,0.845,0.9835,0.8591
CHNCXR_0299_0,Shenzhen,4,0,0.9583,0.9199,0.9416,0.9756,0.9651
CHNCXR_0300_0,Shenzhen,2,0,0.9739,0.9491,0.9786,0.9692,1.0097
CHNCXR_0301_0,Shenzhen,2,0,0.9758,0.9528,0.9688,0.9829,0.9857
CHNCXR_0302_0,Shenzhen,0,0,0.973,0.9473,0.9833,0.9628,1.0212
CHNCXR_0303_0,Shenzhen,0,0,0.9359,0.8795,0.962,0.9112,1.0558
CHNCXR_0304_0,Shenzhen,3,0,0.9799,0.9606,0.9748,0.9851,0.9896
CHNCXR_0305_0,Shenzhen,3,0,0.972,0.9455,0.9513,0.9936,0.9575
CHNCXR_0306_0,Shenzhen,0,0,0.9767,0.9544,0.9702,0.9832,0.9867
CHNCXR_0307_0,Shenzhen,2,0,0.9794,0.9595,0.9836,0.9752,1.0086
CHNCXR_0308_0,Shenzhen,4,0,0.9801,0.961,0.97,0.9904,0.9795
CHNCXR_0309_0,Shenzhen,2,0,0.9752,0.9515,0.9592,0.9917,0.9672
CHNCXR_0310_0,Shenzhen,4,0,0.9736,0.9486,0.9758,0.9715,1.0044
CHNCXR_0311_0,Shenzhen,3,0,0.9768,0.9547,0.9654,0.9885,0.9766
CHNCXR_0312_0,Shenzhen,4,0,0.9839,0.9683,0.9815,0.9863,0.9951
CHNCXR_0313_0,Shenzhen,2,0,0.9713,0.9441,0.9668,0.9757,0.9909
CHNCXR_0314_0,Shenzhen,1,0,0.9693,0.9404,0.9569,0.982,0.9745
CHNCXR_0315_0,Shenzhen,2,0,0.9826,0.9658,0.9736,0.9918,0.9817
CHNCXR_0316_0,Shenzhen,1,0,0.9709,0.9435,0.9836,0.9586,1.0262
CHNCXR_0317_0,Shenzhen,1,0,0.9797,0.9601,0.976,0.9834,0.9925
CHNCXR_0318_0,Shenzhen,3,0,0.9733,0.948,0.9604,0.9866,0.9734
CHNCXR_0319_0,Shenzhen,1,0,0.9723,0.9461,0.9715,0.9731,0.9984
CHNCXR_0320_0,Shenzhen,4,0,0.9799,0.9606,0.9861,0.9739,1.0125
CHNCXR_0321_0,Shenzhen,0,0,0.9711,0.9439,0.9574,0.9853,0.9717
CHNCXR_0322_0,Shenzhen,2,0,0.9865,0.9733,0.9896,0.9834,1.0062
CHNCXR_0323_0,Shenzhen,1,0,0.9784,0.9578,0.9816,0.9753,1.0065
CHNCXR_0324_0,Shenzhen,1,0,0.9761,0.9532,0.9731,0.9791,0.9938
CHNCXR_0325_0,Shenzhen,4,0,0.9792,0.9593,0.9758,0.9827,0.993
CHNCXR_0326_0,Shenzhen,1,0,0.9554,0.9146,0.9278,0.9847,0.9423
CHNCXR_0327_1,Shenzhen,0,1,0.9206,0.8529,0.862,0.9877,0.8728
CHNCXR_0328_1,Shenzhen,4,1,0.9429,0.892,0.9785,0.9098,1.0755
CHNCXR_0329_1,Shenzhen,0,1,0.9846,0.9696,0.981,0.9882,0.9927
CHNCXR_0330_1,Shenzhen,4,1,0.9835,0.9676,0.9831,0.984,0.9991
CHNCXR_0331_1,Shenzhen,1,1,0.9779,0.9567,0.977,0.9787,0.9982
CHNCXR_0332_1,Shenzhen,1,1,0.968,0.938,0.9451,0.992,0.9527
CHNCXR_0333_1,Shenzhen,3,1,0.9786,0.958,0.9704,0.9868,0.9834
CHNCXR_0334_1,Shenzhen,2,1,0.9777,0.9564,0.9724,0.9832,0.989
CHNCXR_0335_1,Shenzhen,2,1,0.9777,0.9563,0.9719,0.9835,0.9881
CHNCXR_0337_1,Shenzhen,4,1,0.9159,0.8448,0.8483,0.9952,0.8524
CHNCXR_0338_1,Shenzhen,3,1,0.8809,0.7871,0.7986,0.982,0.8133
CHNCXR_0339_1,Shenzhen,3,1,0.825,0.7021,0.7068,0.9905,0.7136
CHNCXR_0340_1,Shenzhen,3,1,0.8692,0.7686,0.7741,0.9908,0.7813
CHNCXR_0361_1,Shenzhen,0,1,0.9295,0.8683,0.8996,0.9614,0.9357
CHNCXR_0362_1,Shenzhen,4,1,0.9756,0.9523,0.9836,0.9677,1.0164
CHNCXR_0363_1,Shenzhen,2,1,0.9721,0.9456,0.97,0.9742,0.9957
CHNCXR_0364_1,Shenzhen,1,1,0.9579,0.9192,0.9714,0.9447,1.0283
CHNCXR_0365_1,Shenzhen,1,1,0.9669,0.936,0.9771,0.957,1.021
CHNCXR_0366_1,Shenzhen,1,1,0.9565,0.9166,0.9753,0.9384,1.0394
CHNCXR_0367_1,Shenzhen,1,1,0.9462,0.8979,0.9571,0.9356,1.023
CHNCXR_0368_1,Shenzhen,1,1,0.9331,0.8746,0.9528,0.9143,1.0421
CHNCXR_0369_1,Shenzhen,0,1,0.9691,0.94,0.9827,0.9559,1.0281
CHNCXR_0370_1,Shenzhen,1,1,0.9244,0.8595,0.9787,0.8758,1.1175
CHNCXR_0371_1,Shenzhen,2,1,0.9697,0.9411,0.9726,0.9667,1.0061
CHNCXR_0372_1,Shenzhen,2,1,0.9634,0.9295,0.9726,0.9544,1.0191
CHNCXR_0373_1,Shenzhen,3,1,0.9692,0.9402,0.9723,0.9661,1.0065
CHNCXR_0374_1,Shenzhen,1,1,0.9521,0.9085,0.9634,0.941,1.0237
CHNCXR_0375_1,Shenzhen,0,1,0.9654,0.9331,0.9897,0.9422,1.0504
CHNCXR_0376_1,Shenzhen,3,1,0.965,0.9324,0.9574,0.9727,0.9843
CHNCXR_0377_1,Shenzhen,3,1,0.9462,0.8979,0.9613,0.9316,1.0319
CHNCXR_0378_1,Shenzhen,0,1,0.949,0.903,0.9708,0.9283,1.0458
CHNCXR_0379_1,Shenzhen,4,1,0.9513,0.9071,0.9766,0.9273,1.0532
CHNCXR_0380_1,Shenzhen,2,1,0.9511,0.9067,0.9591,0.9432,1.0169
CHNCXR_0381_1,Shenzhen,4,1,0.9366,0.8808,0.9955,0.8843,1.1257
CHNCXR_0382_1,Shenzhen,0,1,0.962,0.9267,0.981,0.9437,1.0395
CHNCXR_0383_1,Shenzhen,1,1,0.9664,0.9351,0.9675,0.9654,1.0022
CHNCXR_0384_1,Shenzhen,2,1,0.9714,0.9444,0.989,0.9544,1.0362
CHNCXR_0385_1,Shenzhen,1,1,0.9666,0.9354,0.9827,0.9511,1.0332
CHNCXR_0386_1,Shenzhen,0,1,0.9788,0.9586,0.9758,0.9819,0.9938
CHNCXR_0387_1,Shenzhen,3,1,0.9741,0.9495,0.9802,0.9681,1.0125
CHNCXR_0388_1,Shenzhen,1,1,0.972,0.9454,0.9859,0.9584,1.0287
CHNCXR_0389_1,Shenzhen,0,1,0.9403,0.8874,0.9883,0.8968,1.1021
CHNCXR_0390_1,Shenzhen,4,1,0.9754,0.9521,0.99,0.9614,1.0298
CHNCXR_0391_1,Shenzhen,4,1,0.9687,0.9393,0.9727,0.9648,1.0082
CHNCXR_0392_1,Shenzhen,4,1,0.9726,0.9468,0.9873,0.9584,1.0302
CHNCXR_0393_1,Shenzhen,3,1,0.9684,0.9387,0.9789,0.9581,1.0217
CHNCXR_0394_1,Shenzhen,1,1,0.9666,0.9354,0.979,0.9546,1.0256
CHNCXR_0395_1,Shenzhen,2,1,0.9735,0.9484,0.9884,0.959,1.0307
CHNCXR_0396_1,Shenzhen,3,1,0.9758,0.9528,0.9923,0.9599,1.0337
CHNCXR_0397_1,Shenzhen,1,1,0.969,0.9399,0.9812,0.9572,1.025
CHNCXR_0398_1,Shenzhen,4,1,0.9696,0.941,0.9769,0.9624,1.0151
CHNCXR_0399_1,Shenzhen,4,1,0.9423,0.8908,0.9733,0.9132,1.0658
CHNCXR_0400_1,Shenzhen,4,1,0.9766,0.9543,0.9836,0.9697,1.0143
CHNCXR_0401_1,Shenzhen,0,1,0.9633,0.9291,0.9734,0.9533,1.0211
CHNCXR_0402_1,Shenzhen,3,1,0.982,0.9646,0.9899,0.9743,1.016
CHNCXR_0403_1,Shenzhen,0,1,0.9725,0.9465,0.9845,0.9608,1.0247
CHNCXR_0404_1,Shenzhen,1,1,0.9674,0.9369,0.9786,0.9565,1.0231
CHNCXR_0405_1,Shenzhen,4,1,0.9821,0.9648,0.9858,0.9785,1.0075
CHNCXR_0406_1,Shenzhen,3,1,0.9827,0.966,0.9809,0.9845,0.9964
CHNCXR_0407_1,Shenzhen,0,1,0.9779,0.9568,0.9789,0.977,1.002
CHNCXR_0408_1,Shenzhen,1,1,0.9604,0.9239,0.9486,0.9726,0.9753
CHNCXR_0409_1,Shenzhen,4,1,0.9665,0.9351,0.9536,0.9797,0.9733
CHNCXR_0410_1,Shenzhen,3,1,0.9635,0.9296,0.9384,0.99,0.9479
CHNCXR_0411_1,Shenzhen,3,1,0.9798,0.9604,0.981,0.9787,1.0024
CHNCXR_0412_1,Shenzhen,1,1,0.9857,0.9718,0.9859,0.9855,1.0003
CHNCXR_0413_1,Shenzhen,0,1,0.978,0.9569,0.9783,0.9776,1.0007
CHNCXR_0414_1,Shenzhen,4,1,0.9779,0.9567,0.9898,0.9662,1.0244
CHNCXR_0415_1,Shenzhen,3,1,0.9771,0.9553,0.9734,0.9809,0.9923
CHNCXR_0416_1,Shenzhen,1,1,0.9789,0.9588,0.9863,0.9717,1.0151
CHNCXR_0417_1,Shenzhen,0,1,0.9707,0.9431,0.9581,0.9837,0.974
CHNCXR_0418_1,Shenzhen,0,1,0.9816,0.9638,0.9878,0.9754,1.0128
CHNCXR_0419_1,Shenzhen,0,1,0.9794,0.9596,0.9849,0.974,1.0112
CHNCXR_0420_1,Shenzhen,4,1,0.9757,0.9525,0.9821,0.9693,1.0133
CHNCXR_0421_1,Shenzhen,3,1,0.9589,0.9211,0.9249,0.9956,0.929
CHNCXR_0422_1,Shenzhen,0,1,0.9722,0.9458,0.9626,0.9819,0.9804
CHNCXR_0423_1,Shenzhen,4,1,0.8977,0.8143,0.8291,0.9785,0.8474
CHNCXR_0424_1,Shenzhen,2,1,0.9247,0.8599,0.8706,0.9859,0.883
CHNCXR_0425_1,Shenzhen,0,1,0.9674,0.9368,0.9508,0.9846,0.9657
CHNCXR_0426_1,Shenzhen,2,1,0.9499,0.9045,0.9416,0.9582,0.9827
CHNCXR_0427_1,Shenzhen,2,1,0.9637,0.93,0.9579,0.9696,0.9879
CHNCXR_0428_1,Shenzhen,2,1,0.9687,0.9393,0.9572,0.9805,0.9762
CHNCXR_0429_1,Shenzhen,2,1,0.965,0.9324,0.9551,0.9751,0.9795
CHNCXR_0430_1,Shenzhen,2,1,0.9595,0.9222,0.9455,0.974,0.9707
CHNCXR_0431_1,Shenzhen,0,1,0.9549,0.9136,0.9251,0.9866,0.9376
CHNCXR_0432_1,Shenzhen,2,1,0.9695,0.9409,0.9514,0.9884,0.9626
CHNCXR_0433_1,Shenzhen,2,1,0.9645,0.9315,0.9453,0.9845,0.9602
CHNCXR_0434_1,Shenzhen,1,1,0.9463,0.8982,0.9183,0.9762,0.9407
CHNCXR_0435_1,Shenzhen,4,1,0.9437,0.8934,0.9105,0.9794,0.9297
CHNCXR_0436_1,Shenzhen,4,1,0.9674,0.9368,0.9644,0.9704,0.9938
CHNCXR_0437_1,Shenzhen,2,1,0.9636,0.9298,0.9657,0.9616,1.0042
CHNCXR_0438_1,Shenzhen,0,1,0.9335,0.8753,0.945,0.9223,1.0247
CHNCXR_0439_1,Shenzhen,4,1,0.935,0.878,0.9014,0.9713,0.928
CHNCXR_0440_1,Shenzhen,3,1,0.9541,0.9123,0.9407,0.968,0.9718
CHNCXR_0441_1,Shenzhen,0,1,0.9789,0.9586,0.9764,0.9813,0.995
CHNCXR_0442_1,Shenzhen,3,1,0.9723,0.9462,0.9848,0.9601,1.0257
CHNCXR_0443_1,Shenzhen,1,1,0.9741,0.9494,0.9735,0.9746,0.9989
CHNCXR_0444_1,Shenzhen,4,1,0.9807,0.962,0.9917,0.9698,1.0226
CHNCXR_0445_1,Shenzhen,0,1,0.9816,0.9638,0.9925,0.9709,1.0222
CHNCXR_0446_1,Shenzhen,3,1,0.9794,0.9596,0.9865,0.9724,1.0146
CHNCXR_0447_1,Shenzhen,4,1,0.9381,0.8834,0.9243,0.9522,0.9707
CHNCXR_0448_1,Shenzhen,4,1,0.9584,0.9202,0.9601,0.9568,1.0034
CHNCXR_0449_1,Shenzhen,2,1,0.9767,0.9545,0.9807,0.9728,1.0081
CHNCXR_0450_1,Shenzhen,3,1,0.9773,0.9556,0.9779,0.9766,1.0014
CHNCXR_0451_1,Shenzhen,1,1,0.9748,0.9509,0.9804,0.9693,1.0114
CHNCXR_0452_1,Shenzhen,1,1,0.9766,0.9542,0.9735,0.9797,0.9936
CHNCXR_0453_1,Shenzhen,0,1,0.9698,0.9413,0.9627,0.977,0.9853
CHNCXR_0454_1,Shenzhen,4,1,0.9736,0.9486,0.9646,0.9828,0.9815
CHNCXR_0455_1,Shenzhen,2,1,0.8242,0.701,0.9734,0.7146,1.3621
CHNCXR_0456_1,Shenzhen,3,1,0.9702,0.9422,0.9575,0.9833,0.9738
CHNCXR_0457_1,Shenzhen,4,1,0.9822,0.965,0.9849,0.9794,1.0056
CHNCXR_0458_1,Shenzhen,1,1,0.9691,0.94,0.9586,0.9799,0.9783
CHNCXR_0459_1,Shenzhen,1,1,0.9776,0.9563,0.9895,0.966,1.0243
CHNCXR_0460_1,Shenzhen,0,1,0.9789,0.9587,0.9776,0.9802,0.9974
CHNCXR_0461_1,Shenzhen,3,1,0.9803,0.9614,0.9839,0.9767,1.0073
CHNCXR_0462_1,Shenzhen,0,1,0.9768,0.9547,0.9773,0.9764,1.0009
CHNCXR_0463_1,Shenzhen,0,1,0.9518,0.9081,0.9179,0.9884,0.9286
CHNCXR_0464_1,Shenzhen,3,1,0.8472,0.7349,0.7487,0.9755,0.7676
CHNCXR_0465_1,Shenzhen,3,1,0.9751,0.9514,0.9815,0.9687,1.0131
CHNCXR_0466_1,Shenzhen,0,1,0.9772,0.9555,0.9767,0.9778,0.9989
CHNCXR_0467_1,Shenzhen,3,1,0.9742,0.9497,0.9748,0.9736,1.0013
CHNCXR_0468_1,Shenzhen,1,1,0.9666,0.9353,0.9561,0.9773,0.9784
CHNCXR_0469_1,Shenzhen,3,1,0.9637,0.93,0.9628,0.9647,0.998
CHNCXR_0470_1,Shenzhen,0,1,0.9766,0.9542,0.9657,0.9877,0.9777
CHNCXR_0471_1,Shenzhen,2,1,0.9633,0.9292,0.9793,0.9479,1.0332
CHNCXR_0472_1,Shenzhen,0,1,0.9743,0.9498,0.9765,0.972,1.0047
CHNCXR_0473_1,Shenzhen,0,1,0.9628,0.9283,0.9654,0.9602,1.0055
CHNCXR_0474_1,Shenzhen,4,1,0.9124,0.839,0.8688,0.9607,0.9043
CHNCXR_0475_1,Shenzhen,2,1,0.8304,0.71,0.7189,0.983,0.7313
CHNCXR_0476_1,Shenzhen,3,1,0.9695,0.9408,0.9608,0.9783,0.9821
CHNCXR_0477_1,Shenzhen,4,1,0.9723,0.946,0.9787,0.9659,1.0132
CHNCXR_0478_1,Shenzhen,1,1,0.9651,0.9326,0.9614,0.9689,0.9922
CHNCXR_0479_1,Shenzhen,2,1,0.9774,0.9557,0.9865,0.9684,1.0187
CHNCXR_0480_1,Shenzhen,0,1,0.9758,0.9527,0.9749,0.9767,0.9982
CHNCXR_0501_1,Shenzhen,3,1,0.9359,0.8795,0.9218,0.9504,0.9699
CHNCXR_0503_1,Shenzhen,1,1,0.944,0.894,0.9405,0.9476,0.9925
CHNCXR_0504_1,Shenzhen,1,1,0.962,0.9269,0.9648,0.9593,1.0057
CHNCXR_0506_1,Shenzhen,1,1,0.922,0.8553,0.8872,0.9596,0.9246
CHNCXR_0507_1,Shenzhen,0,1,0.9248,0.8602,0.9368,0.9131,1.026
CHNCXR_0508_1,Shenzhen,1,1,0.8981,0.8151,0.8538,0.9473,0.9013
CHNCXR_0509_1,Shenzhen,2,1,0.9467,0.8988,0.9243,0.9702,0.9527
CHNCXR_0510_1,Shenzhen,2,1,0.9628,0.9283,0.9648,0.9609,1.004
CHNCXR_0511_1,Shenzhen,3,1,0.7866,0.6483,0.6507,0.9942,0.6546
CHNCXR_0512_1,Shenzhen,0,1,0.9631,0.9288,0.9452,0.9816,0.9629
CHNCXR_0513_1,Shenzhen,0,1,0.8719,0.7728,0.7921,0.9696,0.8169
CHNCXR_0514_1,Shenzhen,1,1,0.9055,0.8274,0.8561,0.961,0.8908
CHNCXR_0515_1,Shenzhen,2,1,0.9489,0.9028,0.9625,0.9356,1.0287
CHNCXR_0516_1,Shenzhen,2,1,0.9471,0.8995,0.9322,0.9624,0.9687
CHNCXR_0517_1,Shenzhen,0,1,0.9425,0.8913,0.9267,0.9589,0.9664
CHNCXR_0518_1,Shenzhen,0,1,0.9017,0.821,0.8522,0.9573,0.8903
CHNCXR_0519_1,Shenzhen,0,1,0.9473,0.9,0.9399,0.955,0.9842
CHNCXR_0520_1,Shenzhen,3,1,0.9124,0.839,0.8858,0.9407,0.9416
CHNCXR_0521_1,Shenzhen,2,1,0.9677,0.9373,0.9861,0.9499,1.0381
CHNCXR_0522_1,Shenzhen,3,1,0.9417,0.8898,0.9846,0.9024,1.0911
CHNCXR_0523_1,Shenzhen,3,1,0.9666,0.9353,0.9807,0.9528,1.0293
CHNCXR_0524_1,Shenzhen,2,1,0.9606,0.9242,0.969,0.9523,1.0175
CHNCXR_0525_1,Shenzhen,3,1,0.9808,0.9622,0.9779,0.9836,0.9942
CHNCXR_0526_1,Shenzhen,4,1,0.9306,0.8703,0.9171,0.9446,0.9708
CHNCXR_0527_1,Shenzhen,2,1,0.9027,0.8227,0.8568,0.9538,0.8984
CHNCXR_0528_1,Shenzhen,2,1,0.9756,0.9524,0.9834,0.968,1.0159
CHNCXR_0529_1,Shenzhen,2,1,0.9777,0.9565,0.9906,0.9652,1.0264
CHNCXR_0530_1,Shenzhen,2,1,0.9424,0.8911,0.9877,0.9011,1.0962
CHNCXR_0531_1,Shenzhen,1,1,0.9749,0.951,0.9797,0.9701,1.0099
CHNCXR_0532_1,Shenzhen,2,1,0.9718,0.9451,0.983,0.9608,1.023
CHNCXR_0533_1,Shenzhen,1,1,0.9335,0.8753,0.9607,0.9078,1.0583
CHNCXR_0534_1,Shenzhen,0,1,0.9781,0.9571,0.9859,0.9703,1.016
CHNCXR_0535_1,Shenzhen,1,1,0.9745,0.9503,0.9858,0.9634,1.0233
CHNCXR_0536_1,Shenzhen,0,1,0.9696,0.941,0.9901,0.95,1.0422
CHNCXR_0537_1,Shenzhen,0,1,0.9772,0.9554,0.9851,0.9694,1.0162
CHNCXR_0538_1,Shenzhen,0,1,0.9728,0.9471,0.9876,0.9585,1.0304
CHNCXR_0539_1,Shenzhen,3,1,0.9723,0.946,0.9908,0.9544,1.0381
CHNCXR_0540_1,Shenzhen,3,1,0.9627,0.9281,0.9873,0.9393,1.051
CHNCXR_0541_1,Shenzhen,4,1,0.9665,0.9351,0.9873,0.9465,1.0431
CHNCXR_0542_1,Shenzhen,4,1,0.9723,0.9461,0.9915,0.9539,1.0393
CHNCXR_0543_1,Shenzhen,4,1,0.9717,0.945,0.9878,0.9561,1.0332
CHNCXR_0544_1,Shenzhen,2,1,0.961,0.9249,0.9647,0.9572,1.0078
CHNCXR_0545_1,Shenzhen,4,1,0.9766,0.9543,0.9885,0.965,1.0244
CHNCXR_0546_1,Shenzhen,0,1,0.9387,0.8845,0.9822,0.8989,1.0927
CHNCXR_0547_1,Shenzhen,3,1,0.9736,0.9486,0.9777,0.9696,1.0084
CHNCXR_0548_1,Shenzhen,3,1,0.9705,0.9427,0.9903,0.9515,1.0407
CHNCXR_0549_1,Shenzhen,0,1,0.9329,0.8742,0.9623,0.9053,1.0629
CHNCXR_0550_1,Shenzhen,0,1,0.944,0.894,0.9475,0.9406,1.0073
CHNCXR_0551_1,Shenzhen,4,1,0.9704,0.9425,0.9786,0.9623,1.017
CHNCXR_0552_1,Shenzhen,3,1,0.9718,0.9451,0.9831,0.9607,1.0233
CHNCXR_0553_1,Shenzhen,0,1,0.975,0.9513,0.9799,0.9702,1.0101
CHNCXR_0554_1,Shenzhen,1,1,0.9674,0.9368,0.9864,0.9491,1.0393
CHNCXR_0555_1,Shenzhen,4,1,0.968,0.9381,0.9505,0.9862,0.9638
CHNCXR_0556_1,Shenzhen,1,1,0.9641,0.9306,0.9388,0.9907,0.9476
CHNCXR_0557_1,Shenzhen,4,1,0.959,0.9211,0.9345,0.9847,0.9491
CHNCXR_0558_1,Shenzhen,3,1,0.9476,0.9005,0.9406,0.9548,0.9851
CHNCXR_0559_1,Shenzhen,3,1,0.9668,0.9358,0.9471,0.9873,0.9593
CHNCXR_0566_1,Shenzhen,3,1,0.9786,0.9581,0.9881,0.9693,1.0194
CHNCXR_0567_1,Shenzhen,3,1,0.9705,0.9426,0.9982,0.9442,1.0572
CHNCXR_0568_1,Shenzhen,3,1,0.9663,0.9349,0.9965,0.9379,1.0625
CHNCXR_0569_1,Shenzhen,0,1,0.9191,0.8502,0.9698,0.8734,1.1103
CHNCXR_0570_1,Shenzhen,2,1,0.977,0.9551,0.9915,0.963,1.0295
CHNCXR_0571_1,Shenzhen,1,1,0.9694,0.9406,0.9892,0.9503,1.0409
CHNCXR_0572_1,Shenzhen,4,1,0.9394,0.8857,0.9818,0.9004,1.0904
CHNCXR_0573_1,Shenzhen,2,1,0.9764,0.954,0.9835,0.9695,1.0144
CHNCXR_0574_1,Shenzhen,4,1,0.9712,0.944,0.9941,0.9492,1.0473
CHNCXR_0575_1,Shenzhen,2,1,0.9592,0.9217,0.9908,0.9297,1.0658
CHNCXR_0576_1,Shenzhen,1,1,0.9716,0.9449,0.9879,0.9559,1.0335
CHNCXR_0577_1,Shenzhen,2,1,0.9643,0.9311,0.9739,0.955,1.0198
CHNCXR_0578_1,Shenzhen,4,1,0.9788,0.9585,0.9946,0.9635,1.0323
CHNCXR_0579_1,Shenzhen,1,1,0.9584,0.9202,0.9622,0.9547,1.0079
CHNCXR_0580_1,Shenzhen,0,1,0.9827,0.9659,0.9949,0.9707,1.025
CHNCXR_0581_1,Shenzhen,1,1,0.9808,0.9624,0.9967,0.9655,1.0323
CHNCXR_0582_1,Shenzhen,2,1,0.9718,0.9451,0.9892,0.9549,1.0359
CHNCXR_0583_1,Shenzhen,2,1,0.9853,0.9709,0.9964,0.9744,1.0226
CHNCXR_0584_1,Shenzhen,2,1,0.9818,0.9643,0.9987,0.9655,1.0344
CHNCXR_0585_1,Shenzhen,3,1,0.9831,0.9667,0.9975,0.969,1.0294
CHNCXR_0586_1,Shenzhen,1,1,0.973,0.9474,0.9919,0.9548,1.0389
CHNCXR_0587_1,Shenzhen,0,1,0.9734,0.9482,0.982,0.9649,1.0177
CHNCXR_0588_1,Shenzhen,1,1,0.9758,0.9527,0.989,0.9629,1.0271
CHNCXR_0589_1,Shenzhen,1,1,0.968,0.938,0.982,0.9544,1.0288
CHNCXR_0590_1,Shenzhen,1,1,0.9792,0.9593,0.9901,0.9686,1.0221
CHNCXR_0591_1,Shenzhen,3,1,0.9833,0.9672,0.9979,0.9692,1.0296
CHNCXR_0592_1,Shenzhen,0,1,0.9802,0.9612,0.9931,0.9677,1.0263
CHNCXR_0593_1,Shenzhen,1,1,0.9796,0.9599,0.995,0.9646,1.0315
CHNCXR_0594_1,Shenzhen,4,1,0.9733,0.948,0.9982,0.9496,1.0513
CHNCXR_0595_1,Shenzhen,1,1,0.972,0.9456,0.9954,0.9497,1.0481
CHNCXR_0596_1,Shenzhen,4,1,0.9754,0.9519,0.9983,0.9534,1.047
CHNCXR_0597_1,Shenzhen,1,1,0.9751,0.9514,0.9983,0.9529,1.0476
CHNCXR_0598_1,Shenzhen,3,1,0.9704,0.9426,0.9922,0.9496,1.0449
CHNCXR_0599_1,Shenzhen,4,1,0.9578,0.919,0.9496,0.9661,0.9829
CHNCXR_0600_1,Shenzhen,4,1,0.9743,0.9499,0.9963,0.9532,1.0452
CHNCXR_0601_1,Shenzhen,1,1,0.9762,0.9535,0.9604,0.9926,0.9675
CHNCXR_0602_1,Shenzhen,2,1,0.983,0.9666,0.9814,0.9846,0.9968
CHNCXR_0603_1,Shenzhen,2,1,0.924,0.8587,0.8683,0.9873,0.8795
CHNCXR_0604_1,Shenzhen,2,1,0.9852,0.9708,0.9809,0.9895,0.9912
CHNCXR_0605_1,Shenzhen,1,1,0.9871,0.9746,0.9834,0.9909,0.9925
CHNCXR_0606_1,Shenzhen,1,1,0.9603,0.9236,0.9475,0.9735,0.9733
CHNCXR_0607_1,Shenzhen,3,1,0.9833,0.9671,0.9738,0.993,0.9806
CHNCXR_0608_1,Shenzhen,2,1,0.979,0.9589,0.9627,0.9959,0.9667
CHNCXR_0609_1,Shenzhen,0,1,0.9827,0.9659,0.9741,0.9914,0.9825
CHNCXR_0610_1,Shenzhen,3,1,0.9325,0.8735,0.9117,0.9542,0.9555
CHNCXR_0611_1,Shenzhen,2,1,0.9797,0.9602,0.9652,0.9947,0.9703
CHNCXR_0612_1,Shenzhen,1,1,0.9747,0.9506,0.9607,0.9891,0.9713
CHNCXR_0613_1,Shenzhen,0,1,0.9821,0.9647,0.977,0.9871,0.9898
CHNCXR_0614_1,Shenzhen,1,1,0.9713,0.9443,0.948,0.9959,0.952
CHNCXR_0615_1,Shenzhen,0,1,0.9718,0.9451,0.9612,0.9825,0.9783
CHNCXR_0616_1,Shenzhen,0,1,0.9739,0.9491,0.9719,0.9759,0.9959
CHNCXR_0617_1,Shenzhen,4,1,0.9776,0.9561,0.969,0.9863,0.9825
CHNCXR_0618_1,Shenzhen,1,1,0.9739,0.9491,0.9574,0.9909,0.9662
CHNCXR_0619_1,Shenzhen,4,1,0.9796,0.96,0.9698,0.9896,0.98
CHNCXR_0620_1,Shenzhen,4,1,0.9773,0.9556,0.9657,0.9891,0.9763
CHNCXR_0621_1,Shenzhen,4,1,0.9627,0.928,0.9671,0.9583,1.0092
CHNCXR_0622_1,Shenzhen,2,1,0.934,0.8761,0.884,0.9898,0.8931
CHNCXR_0623_1,Shenzhen,4,1,0.9754,0.9519,0.9818,0.9691,1.0131
CHNCXR_0624_1,Shenzhen,2,1,0.9257,0.8617,0.9702,0.8851,1.0962
CHNCXR_0625_1,Shenzhen,1,1,0.9578,0.919,0.9421,0.9739,0.9674
CHNCXR_0626_1,Shenzhen,2,1,0.9773,0.9555,0.9746,0.9799,0.9946
CHNCXR_0627_1,Shenzhen,0,1,0.9762,0.9535,0.9837,0.9688,1.0154
CHNCXR_0628_1,Shenzhen,2,1,0.9783,0.9575,0.987,0.9697,1.0179
CHNCXR_0629_1,Shenzhen,2,1,0.9696,0.941,0.9776,0.9618,1.0164
CHNCXR_0630_1,Shenzhen,0,1,0.9799,0.9606,0.9865,0.9734,1.0134
CHNCXR_0631_1,Shenzhen,3,1,0.9804,0.9615,0.9796,0.9812,0.9984
CHNCXR_0632_1,Shenzhen,4,1,0.9716,0.9448,0.991,0.953,1.0398
CHNCXR_0633_1,Shenzhen,1,1,0.9604,0.9238,0.9393,0.9825,0.956
CHNCXR_0634_1,Shenzhen,2,1,0.9791,0.9591,0.9829,0.9755,1.0076
CHNCXR_0635_1,Shenzhen,2,1,0.9081,0.8316,0.8439,0.9828,0.8586
CHNCXR_0636_1,Shenzhen,3,1,0.9773,0.9555,0.9767,0.9778,0.9989
CHNCXR_0637_1,Shenzhen,0,1,0.9498,0.9044,0.9575,0.9422,1.0162
CHNCXR_0638_1,Shenzhen,2,1,0.9568,0.9172,0.9615,0.9522,1.0098
CHNCXR_0639_1,Shenzhen,0,1,0.9716,0.9448,0.9568,0.9869,0.9694
CHNCXR_0640_1,Shenzhen,4,1,0.944,0.8939,0.9068,0.9843,0.9213
CHNCXR_0641_1,Shenzhen,0,1,0.9763,0.9536,0.9805,0.972,1.0087
CHNCXR_0642_1,Shenzhen,4,1,0.9721,0.9458,0.9683,0.976,0.9921
CHNCXR_0643_1,Shenzhen,0,1,0.9778,0.9565,0.9742,0.9814,0.9927
CHNCXR_0644_1,Shenzhen,3,1,0.9586,0.9205,0.982,0.9363,1.0489
CHNCXR_0645_1,Shenzhen,2,1,0.9649,0.9321,0.9824,0.9479,1.0364
CHNCXR_0646_1,Shenzhen,0,1,0.9485,0.9021,0.9837,0.9158,1.0741
CHNCXR_0647_1,Shenzhen,2,1,0.973,0.9474,0.982,0.9642,1.0185
CHNCXR_0648_1,Shenzhen,3,1,0.9226,0.8563,0.9532,0.8939,1.0663
CHNCXR_0649_1,Shenzhen,4,1,0.9716,0.9448,0.9763,0.967,1.0095
CHNCXR_0650_1,Shenzhen,1,1,0.9744,0.95,0.9796,0.9692,1.0107
CHNCXR_0651_1,Shenzhen,4,1,0.9739,0.9492,0.9763,0.9716,1.0049
CHNCXR_0652_1,Shenzhen,2,1,0.9742,0.9498,0.9717,0.9767,0.9949
CHNCXR_0653_1,Shenzhen,1,1,0.9604,0.9239,0.9637,0.9572,1.0069
CHNCXR_0654_1,Shenzhen,2,1,0.9748,0.9507,0.9849,0.9648,1.0209
CHNCXR_0655_1,Shenzhen,4,1,0.9718,0.9452,0.988,0.9562,1.0333
CHNCXR_0656_1,Shenzhen,1,1,0.9662,0.9346,0.9714,0.961,1.0108
CHNCXR_0657_1,Shenzhen,4,1,0.9682,0.9383,0.9905,0.9468,1.0462
CHNCXR_0658_1,Shenzhen,2,1,0.9722,0.9459,0.9714,0.973,0.9983
CHNCXR_0659_1,Shenzhen,4,1,0.9761,0.9533,0.9854,0.967,1.019
CHNCXR_0660_1,Shenzhen,0,1,0.8826,0.7898,0.963,0.8146,1.1822
CHNCXR_0661_1,Shenzhen,0,1,0.9696,0.9409,0.9602,0.9791,0.9807
CHNCXR_0662_1,Shenzhen,3,1,0.9719,0.9453,0.9618,0.9823,0.9792
MCUCXR_0001_0,Montgomery,0,0,0.9802,0.9611,0.9705,0.9901,0.9802
MCUCXR_0002_0,Montgomery,1,0,0.9673,0.9366,0.9602,0.9745,0.9854
MCUCXR_0003_0,Montgomery,3,0,0.9777,0.9563,0.9812,0.9742,1.0072
MCUCXR_0004_0,Montgomery,4,0,0.9823,0.9653,0.9757,0.9891,0.9864
MCUCXR_0005_0,Montgomery,3,0,0.985,0.9704,0.981,0.989,0.9919
MCUCXR_0006_0,Montgomery,4,0,0.9777,0.9563,0.9642,0.9915,0.9724
MCUCXR_0008_0,Montgomery,3,0,0.9691,0.94,0.9466,0.9927,0.9536
MCUCXR_0011_0,Montgomery,3,0,0.9855,0.9714,0.9805,0.9905,0.99
MCUCXR_0013_0,Montgomery,3,0,0.9836,0.9677,0.9812,0.986,0.9952
MCUCXR_0015_0,Montgomery,0,0,0.9838,0.9682,0.9794,0.9883,0.991
MCUCXR_0016_0,Montgomery,2,0,0.9818,0.9642,0.9841,0.9795,1.0047
MCUCXR_0017_0,Montgomery,4,0,0.9822,0.9651,0.9869,0.9776,1.0095
MCUCXR_0019_0,Montgomery,3,0,0.9879,0.976,0.987,0.9888,0.9982
MCUCXR_0020_0,Montgomery,2,0,0.9833,0.9672,0.9802,0.9865,0.9937
MCUCXR_0021_0,Montgomery,0,0,0.979,0.9589,0.9847,0.9734,1.0116
MCUCXR_0022_0,Montgomery,4,0,0.9774,0.9558,0.9865,0.9684,1.0186
MCUCXR_0023_0,Montgomery,1,0,0.9823,0.9652,0.9798,0.9848,0.9949
MCUCXR_0024_0,Montgomery,0,0,0.9807,0.9622,0.9769,0.9846,0.9922
MCUCXR_0026_0,Montgomery,3,0,0.9854,0.9713,0.9819,0.989,0.9927
MCUCXR_0027_0,Montgomery,0,0,0.9828,0.9663,0.9752,0.9906,0.9844
MCUCXR_0028_0,Montgomery,0,0,0.9808,0.9623,0.9774,0.9842,0.9931
MCUCXR_0029_0,Montgomery,3,0,0.9835,0.9676,0.9892,0.9779,1.0116
MCUCXR_0030_0,Montgomery,2,0,0.9811,0.9629,0.967,0.9956,0.9712
MCUCXR_0031_0,Montgomery,0,0,0.9812,0.9631,0.9755,0.9869,0.9884
MCUCXR_0035_0,Montgomery,3,0,0.9817,0.9641,0.9705,0.9932,0.9772
MCUCXR_0038_0,Montgomery,3,0,0.9608,0.9246,0.9633,0.9584,1.0051
MCUCXR_0040_0,Montgomery,3,0,0.9815,0.9637,0.9741,0.9891,0.9848
MCUCXR_0041_0,Montgomery,2,0,0.9822,0.965,0.9828,0.9816,1.0012
MCUCXR_0042_0,Montgomery,2,0,0.983,0.9666,0.9766,0.9895,0.987
MCUCXR_0043_0,Montgomery,0,0,0.9697,0.9411,0.98,0.9596,1.0212
MCUCXR_0044_0,Montgomery,0,0,0.9792,0.9592,0.9768,0.9816,0.9951
MCUCXR_0045_0,Montgomery,3,0,0.9844,0.9693,0.9744,0.9946,0.9796
MCUCXR_0046_0,Montgomery,2,0,0.9812,0.9631,0.9737,0.9888,0.9848
MCUCXR_0047_0,Montgomery,1,0,0.9835,0.9675,0.9775,0.9896,0.9877
MCUCXR_0048_0,Montgomery,2,0,0.9826,0.9658,0.971,0.9944,0.9764
MCUCXR_0049_0,Montgomery,4,0,0.9827,0.9659,0.9778,0.9875,0.9902
MCUCXR_0051_0,Montgomery,2,0,0.986,0.9724,0.9779,0.9943,0.9836
MCUCXR_0052_0,Montgomery,1,0,0.9713,0.9442,0.9668,0.9758,0.9907
MCUCXR_0053_0,Montgomery,0,0,0.9807,0.9621,0.9785,0.9829,0.9955
MCUCXR_0054_0,Montgomery,2,0,0.983,0.9666,0.9749,0.9913,0.9834
MCUCXR_0055_0,Montgomery,2,0,0.9822,0.965,0.9709,0.9938,0.9769
MCUCXR_0056_0,Montgomery,1,0,0.9846,0.9696,0.9749,0.9944,0.9804
MCUCXR_0057_0,Montgomery,4,0,0.9824,0.9655,0.976,0.989,0.9868
MCUCXR_0058_0,Montgomery,1,0,0.9731,0.9476,0.9871,0.9595,1.0287
MCUCXR_0059_0,Montgomery,1,0,0.9804,0.9615,0.9776,0.9831,0.9945
MCUCXR_0060_0,Montgomery,4,0,0.9829,0.9663,0.9853,0.9805,1.0049
MCUCXR_0061_0,Montgomery,3,0,0.9824,0.9655,0.9771,0.9878,0.9891
MCUCXR_0062_0,Montgomery,0,0,0.9765,0.954,0.9646,0.9886,0.9758
MCUCXR_0063_0,Montgomery,4,0,0.9859,0.9722,0.9782,0.9937,0.9844
MCUCXR_0064_0,Montgomery,2,0,0.9784,0.9578,0.9645,0.9928,0.9716
MCUCXR_0068_0,Montgomery,2,0,0.9853,0.9709,0.9894,0.9812,1.0084
MCUCXR_0069_0,Montgomery,4,0,0.9848,0.9701,0.986,0.9837,1.0024
MCUCXR_0070_0,Montgomery,4,0,0.9829,0.9663,0.9794,0.9863,0.993
MCUCXR_0071_0,Montgomery,3,0,0.9819,0.9644,0.9892,0.9747,1.0149
MCUCXR_0072_0,Montgomery,1,0,0.9832,0.9669,0.9833,0.9831,1.0002
MCUCXR_0074_0,Montgomery,1,0,0.9812,0.9631,0.9809,0.9815,0.9994
MCUCXR_0075_0,Montgomery,4,0,0.9823,0.9652,0.9934,0.9714,1.0227
MCUCXR_0077_0,Montgomery,1,0,0.9825,0.9657,0.9886,0.9765,1.0124
MCUCXR_0079_0,Montgomery,1,0,0.9824,0.9654,0.9679,0.9973,0.9705
MCUCXR_0080_0,Montgomery,0,0,0.9738,0.9489,0.9793,0.9683,1.0114
MCUCXR_0081_0,Montgomery,3,0,0.981,0.9627,0.9851,0.977,1.0083
MCUCXR_0082_0,Montgomery,4,0,0.9823,0.9652,0.9916,0.9732,1.0189
MCUCXR_0083_0,Montgomery,1,0,0.9786,0.9581,0.9658,0.9918,0.9738
MCUCXR_0084_0,Montgomery,1,0,0.9752,0.9516,0.9677,0.9828,0.9847
MCUCXR_0085_0,Montgomery,4,0,0.987,0.9743,0.9837,0.9903,0.9933
MCUCXR_0086_0,Montgomery,2,0,0.9852,0.9708,0.9909,0.9795,1.0116
MCUCXR_0087_0,Montgomery,0,0,0.987,0.9743,0.9831,0.9909,0.9922
MCUCXR_0089_0,Montgomery,1,0,0.9864,0.9731,0.9839,0.9888,0.995
MCUCXR_0090_0,Montgomery,3,0,0.9905,0.9812,0.9892,0.9918,0.9974
MCUCXR_0091_0,Montgomery,0,0,0.9876,0.9755,0.9874,0.9878,0.9996
MCUCXR_0092_0,Montgomery,4,0,0.9833,0.9672,0.9798,0.987,0.9927
MCUCXR_0094_0,Montgomery,1,0,0.976,0.9532,0.9746,0.9774,0.9972
MCUCXR_0095_0,Montgomery,2,0,0.9851,0.9706,0.9805,0.9897,0.9906
MCUCXR_0096_0,Montgomery,4,0,0.9832,0.967,0.9813,0.9851,0.9961
MCUCXR_0097_0,Montgomery,0,0,0.9798,0.9605,0.9656,0.9945,0.971
MCUCXR_0099_0,Montgomery,2,0,0.9892,0.9787,0.9829,0.9956,0.9872
MCUCXR_0100_0,Montgomery,2,0,0.9887,0.9777,0.9893,0.9881,1.0012
MCUCXR_0101_0,Montgomery,0,0,0.986,0.9724,0.9808,0.9913,0.9895
MCUCXR_0102_0,Montgomery,1,0,0.9861,0.9725,0.9809,0.9913,0.9895
MCUCXR_0103_0,Montgomery,4,0,0.9861,0.9725,0.9838,0.9883,0.9955
MCUCXR_0104_1,Montgomery,2,1,0.9845,0.9695,0.9819,0.9872,0.9946
MCUCXR_0108_1,Montgomery,2,1,0.9686,0.9392,0.9446,0.9939,0.9505
MCUCXR_0113_1,Montgomery,2,1,0.9642,0.9309,0.9534,0.9753,0.9776
MCUCXR_0117_1,Montgomery,4,1,0.9581,0.9196,0.9648,0.9515,1.014
MCUCXR_0126_1,Montgomery,4,1,0.8738,0.7759,0.7869,0.9824,0.801
MCUCXR_0140_1,Montgomery,0,1,0.9856,0.9716,0.9807,0.9906,0.99
MCUCXR_0141_1,Montgomery,1,1,0.9831,0.9667,0.9788,0.9874,0.9912
MCUCXR_0142_1,Montgomery,2,1,0.9867,0.9737,0.98,0.9935,0.9864
MCUCXR_0144_1,Montgomery,0,1,0.9596,0.9224,0.9428,0.9771,0.9648
MCUCXR_0150_1,Montgomery,1,1,0.9019,0.8213,0.8279,0.9904,0.8359
MCUCXR_0162_1,Montgomery,1,1,0.9754,0.9519,0.9626,0.9885,0.9738
MCUCXR_0166_1,Montgomery,0,1,0.9828,0.9662,0.9835,0.9821,1.0015
MCUCXR_0170_1,Montgomery,0,1,0.9749,0.951,0.9657,0.9842,0.9812
MCUCXR_0173_1,Montgomery,0,1,0.9556,0.915,0.9865,0.9266,1.0646
MCUCXR_0182_1,Montgomery,3,1,0.9801,0.961,0.9709,0.9895,0.9812
MCUCXR_0188_1,Montgomery,1,1,0.9693,0.9405,0.9522,0.9871,0.9646
MCUCXR_0194_1,Montgomery,3,1,0.9809,0.9625,0.9765,0.9852,0.9912
MCUCXR_0195_1,Montgomery,4,1,0.9799,0.9607,0.9834,0.9765,1.0071
MCUCXR_0196_1,Montgomery,1,1,0.9765,0.954,0.9714,0.9816,0.9896
MCUCXR_0203_1,Montgomery,4,1,0.9442,0.8942,0.9788,0.9119,1.0734
MCUCXR_0213_1,Montgomery,4,1,0.9827,0.966,0.9779,0.9875,0.9903
MCUCXR_0218_1,Montgomery,0,1,0.9837,0.9678,0.9729,0.9947,0.9781
MCUCXR_0223_1,Montgomery,4,1,0.9732,0.9478,0.9807,0.9658,1.0154
MCUCXR_0228_1,Montgomery,3,1,0.9775,0.9561,0.9608,0.9949,0.9657
MCUCXR_0243_1,Montgomery,3,1,0.9831,0.9667,0.9744,0.992,0.9823
MCUCXR_0251_1,Montgomery,1,1,0.9105,0.8358,0.9254,0.8961,1.0328
MCUCXR_0253_1,Montgomery,4,1,0.9862,0.9727,0.9877,0.9846,1.0032
MCUCXR_0254_1,Montgomery,2,1,0.9672,0.9365,0.9419,0.9939,0.9477
MCUCXR_0255_1,Montgomery,3,1,0.9868,0.9739,0.9801,0.9935,0.9865
MCUCXR_0258_1,Montgomery,3,1,0.8919,0.8049,0.8174,0.9814,0.833
MCUCXR_0264_1,Montgomery,0,1,0.9821,0.9648,0.9723,0.9921,0.98
MCUCXR_0266_1,Montgomery,0,1,0.9727,0.9469,0.963,0.9827,0.9799
MCUCXR_0275_1,Montgomery,2,1,0.971,0.9437,0.9572,0.9852,0.9716
MCUCXR_0282_1,Montgomery,0,1,0.9666,0.9354,0.945,0.9893,0.9552
MCUCXR_0289_1,Montgomery,1,1,0.9812,0.963,0.977,0.9854,0.9915
MCUCXR_0294_1,Montgomery,3,1,0.9803,0.9614,0.9739,0.9868,0.987
MCUCXR_0301_1,Montgomery,3,1,0.9183,0.849,0.8627,0.9816,0.8789
MCUCXR_0309_1,Montgomery,2,1,0.9035,0.824,0.8279,0.9942,0.8327
MCUCXR_0311_1,Montgomery,2,1,0.9172,0.8471,0.8557,0.9883,0.8658
MCUCXR_0313_1,Montgomery,4,1,0.9732,0.9478,0.9853,0.9614,1.0249
MCUCXR_0316_1,Montgomery,3,1,0.9771,0.9552,0.9629,0.9917,0.971
MCUCXR_0331_1,Montgomery,2,1,0.9841,0.9687,0.9825,0.9858,0.9966
MCUCXR_0334_1,Montgomery,4,1,0.9815,0.9638,0.9941,0.9693,1.0255
MCUCXR_0338_1,Montgomery,2,1,0.9831,0.9668,0.9798,0.9865,0.9932
MCUCXR_0348_1,Montgomery,1,1,0.9619,0.9265,0.938,0.987,0.9504
MCUCXR_0350_1,Montgomery,4,1,0.9789,0.9587,0.9805,0.9773,1.0033
MCUCXR_0352_1,Montgomery,4,1,0.982,0.9646,0.9758,0.9883,0.9874
MCUCXR_0354_1,Montgomery,2,1,0.9788,0.9585,0.9608,0.9976,0.9631
MCUCXR_0362_1,Montgomery,3,1,0.9718,0.9451,0.9707,0.9728,0.9978
MCUCXR_0367_1,Montgomery,3,1,0.9824,0.9654,0.9808,0.984,0.9967
MCUCXR_0369_1,Montgomery,4,1,0.9771,0.9552,0.9756,0.9785,0.9971
MCUCXR_0372_1,Montgomery,0,1,0.9545,0.913,0.9635,0.9458,1.0187
MCUCXR_0375_1,Montgomery,0,1,0.9796,0.9599,0.9684,0.9909,0.9773
MCUCXR_0383_1,Montgomery,1,1,0.9835,0.9675,0.977,0.99,0.9869
MCUCXR_0387_1,Montgomery,1,1,0.9781,0.9571,0.973,0.9831,0.9897
MCUCXR_0390_1,Montgomery,3,1,0.9811,0.9628,0.974,0.9882,0.9857
MCUCXR_0393_1,Montgomery,1,1,0.9814,0.9634,0.9684,0.9947,0.9735
MCUCXR_0399_1,Montgomery,2,1,0.9658,0.9339,0.9408,0.9923,0.9481
