source,margin_type,mean_dice,mean_recall,mean_area_ratio
all,dilation_0px,0.9632,0.9585,0.9894
all,dilation_2px,0.9535,0.9761,1.0468
all,dilation_4px,0.9347,0.9826,1.1022
all,dilation_8px,0.8917,0.9877,1.2157
all,uncertainty_t0.05,0.9606,0.9643,1.007
all,uncertainty_t0.1,0.9629,0.9589,0.9906
all,uncertainty_t0.2,0.9631,0.9585,0.9894
Montgomery,dilation_0px,0.9754,0.9685,0.9853
Montgomery,dilation_2px,0.965,0.9868,1.0449
Montgomery,dilation_4px,0.943,0.9913,1.1025
Montgomery,dilation_8px,0.8959,0.9945,1.2206
Montgomery,uncertainty_t0.05,0.9731,0.9758,1.0054
Montgomery,uncertainty_t0.1,0.9751,0.9692,0.9875
Montgomery,uncertainty_t0.2,0.9754,0.9685,0.9854
Shenzhen,dilation_0px,0.9602,0.9561,0.9904
Shenzhen,dilation_2px,0.9507,0.9735,1.0473
Shenzhen,dilation_4px,0.9327,0.9804,1.1021
Shenzhen,dilation_8px,0.8907,0.986,1.2146
Shenzhen,uncertainty_t0.05,0.9576,0.9614,1.0073
Shenzhen,uncertainty_t0.1,0.96,0.9564,0.9914
Shenzhen,uncertainty_t0.2,0.9602,0.9561,0.9904
