epoch,train_loss,train_dice,val_loss,val_dice,lr,time_s
1,0.8618,0.553,0.7762,0.6206,0.000997,33.65
2,0.4911,0.7147,0.4025,0.7656,0.000989,34.74
3,0.286,0.8286,0.2191,0.8729,0.000976,33.61
4,0.2018,0.8826,0.2764,0.8526,0.000957,33.04
5,0.1805,0.9004,0.1441,0.9219,0.000933,34.09
6,0.143,0.9231,0.1206,0.936,0.000905,34.22
7,0.1294,0.9321,0.1133,0.9421,0.000872,33.07
8,0.1197,0.9378,0.1154,0.9415,0.000835,33.91
9,0.1157,0.9413,0.1142,0.9418,0.000794,33.93
10,0.1122,0.9428,0.1024,0.9485,0.00075,34.0
11,0.1138,0.9427,0.1203,0.9421,0.000704,33.35
12,0.1114,0.9444,0.107,0.9481,0.000655,33.3
13,0.1062,0.9472,0.0989,0.9517,0.000604,34.52
14,0.1026,0.9487,0.1,0.9512,0.000553,32.1
15,0.1032,0.9494,0.1001,0.9526,0.000501,33.79
16,0.1021,0.9497,0.1022,0.9487,0.000448,33.74
17,0.0984,0.9508,0.0931,0.9553,0.000397,34.14
18,0.0984,0.9509,0.0945,0.9564,0.000346,32.52
19,0.0958,0.9524,0.0933,0.9555,0.000297,32.76
20,0.0957,0.9526,0.0946,0.9529,0.000251,33.1
21,0.0964,0.9526,0.0964,0.9515,0.000207,33.41
22,0.0941,0.9529,0.092,0.9558,0.000166,33.92
23,0.0942,0.9532,0.0939,0.9541,0.000129,34.11
24,0.0934,0.9536,0.0955,0.9532,9.6e-05,33.0
25,0.0926,0.9537,0.0957,0.9533,6.8e-05,32.59
26,0.0918,0.9544,0.0956,0.9529,4.4e-05,34.18
27,0.0908,0.9546,0.0934,0.9546,2.5e-05,33.43
28,0.0895,0.9555,0.095,0.9535,1.2e-05,35.54
